date,open,high,low,close,volume,daily_return,log_return,volatility_20d,ma_50
2019-01-03,6176.15185546875,6221.009765625,6176.15185546875,6221.009765625,72166700,0.0064445614622143,0.0064238840662801,,
2019-01-04,6211.09619140625,6274.5400390625,6200.85400390625,6274.5400390625,80858100,0.0086047563746465,0.0085679464679749,,
2019-01-07,6317.6259765625,6354.7578125,6287.22412109375,6287.22412109375,90278300,0.0020215158326004,0.0020194753189607,,
2019-01-08,6292.26318359375,6316.240234375,6251.3759765625,6262.84716796875,90537400,-0.0038772203210022,-0.0038847562249242,,
2019-01-09,6296.115234375,6311.5791015625,6265.326171875,6272.23779296875,105604200,0.0014994178762701,0.0014982948717149,,
2019-01-10,6293.9580078125,6328.7138671875,6268.5078125,6328.7138671875,122462300,0.0090041347415208,0.0089638392238495,,
2019-01-11,6347.97314453125,6361.46484375,6337.5478515625,6361.46484375,78112000,0.0051749814021935,0.0051616372034582,,
2019-01-14,6351.3291015625,6359.875,6302.39599609375,6336.1162109375,79731000,-0.003984716324795,-0.0039926764598462,,
2019-01-15,6347.10107421875,6408.7841796875,6333.64404296875,6408.7841796875,95139900,0.0114688503699726,0.011403581669488,,
2019-01-16,6417.130859375,6425.94091796875,6385.58984375,6413.35986328125,104252800,0.0007139706168062,0.0007137158610369,,
2019-01-17,6421.4072265625,6457.73486328125,6410.9501953125,6423.77978515625,99214400,0.0016247212221254,0.0016234027904633,,
2019-01-18,6444.212890625,6452.55810546875,6409.09521484375,6448.15576171875,77604300,0.0037946469800889,0.0037874654690366,,
2019-01-21,6448.5361328125,6472.14990234375,6438.90087890625,6450.833984375,101769000,0.0004153470783305,0.0004152608456096,,
2019-01-22,6452.60400390625,6468.56201171875,6416.5927734375,6468.56201171875,100776200,0.0027481760322294,0.0027444067007557,,
2019-01-23,6452.90576171875,6484.19580078125,6449.919921875,6451.169921875,109468500,-0.0026887103829632,-0.0026923314568606,,
2019-01-24,6451.2568359375,6478.8837890625,6446.58203125,6466.65478515625,120391000,0.0024003186195333,0.0023974424563483,,
2019-01-25,6474.1591796875,6498.333984375,6470.123046875,6482.8427734375,92035400,0.0025033017563282,0.0025001737156855,,
2019-01-28,6488.90185546875,6501.0859375,6433.81982421875,6458.7119140625,95548600,-0.0037222650954721,-0.0037292099633084,,
2019-01-29,6454.47314453125,6485.2470703125,6428.47021484375,6436.47998046875,73064200,-0.0034421621353546,-0.0034481000054278,,
2019-01-30,6445.4091796875,6464.9267578125,6435.41796875,6464.18896484375,78683300,0.004304990376585,0.0042957504146535,0.0707631210882801,
2019-01-31,6491.38916015625,6544.47900390625,6491.38916015625,6532.96923828125,104349100,0.0106402015491147,0.0105839929668342,0.075414539046717,
2019-02-01,6552.05712890625,6581.73193359375,6516.43603515625,6538.63818359375,88866200,0.0008677440694626,0.0008673677972338,0.0720006697646094,
2019-02-04,6540.77392578125,6555.98681640625,6479.0498046875,6481.451171875,89042000,-0.0087460125660782,-0.0087844834092187,0.0816508647807262,
2019-02-06,6503.578125,6552.216796875,6503.578125,6547.876953125,106799500,0.0102485970330596,0.0101964362430488,0.0845336180719614,
2019-02-07,6556.115234375,6563.98193359375,6517.22509765625,6536.45703125,115112600,-0.0017440648254011,-0.0017455874771184,0.0856800845895382,
2019-02-08,6513.7431640625,6526.8662109375,6498.96484375,6521.6630859375,96579400,-0.002263297263605,-0.0022658623920197,0.0829120379373018,
2019-02-11,6523.7021484375,6535.17822265625,6494.125,6495.001953125,94974200,-0.0040880880323285,-0.004096467108272,0.0839972845080536,
2019-02-12,6503.05078125,6513.10205078125,6392.23681640625,6426.3251953125,118209700,-0.0105737855520515,-0.0106300852414146,0.0921764397971763,
2019-02-13,6445.17919921875,6456.57080078125,6398.89208984375,6419.1162109375,122590200,-0.0011217895384844,-0.0011224192153227,0.0831820536145386,
2019-02-14,6429.1318359375,6446.3359375,6402.43017578125,6420.01806640625,117183600,0.0001404952705503,0.0001404854020141,0.0831490618861953,
2019-02-15,6425.81396484375,6433.68505859375,6374.89892578125,6389.0849609375,98204900,-0.0048182271683334,-0.0048298722456661,0.084672752276756,
2019-02-18,6428.27587890625,6501.02783203125,6425.9169921875,6497.81494140625,97765700,0.0170180833614701,0.0168748979913994,0.103616991244919,
2019-02-19,6500.701171875,6534.0078125,6493.30908203125,6494.6669921875,98372900,-0.0004844627381875,-0.0004845801281755,0.1036625645898042,
2019-02-20,6521.80810546875,6552.15185546875,6483.07080078125,6512.7841796875,110588600,0.0027895483358566,0.0027856647664908,0.1036753669953318,
2019-02-21,6510.5732421875,6539.06787109375,6498.990234375,6537.76611328125,102022900,0.003835830100384,0.0038284920630946,0.1037290752269915,
2019-02-22,6518.18798828125,6530.22021484375,6481.47509765625,6501.3779296875,101594400,-0.0055658435868222,-0.0055813906092721,0.1058090253119669,
2019-02-25,6522.31005859375,6538.4912109375,6507.9248046875,6525.35791015625,95685700,0.0036884458538011,0.003681660217908,0.1062219526690375,
2019-02-26,6527.72119140625,6540.9501953125,6497.7578125,6540.9501953125,111994800,0.0023894911774848,0.0023866408830405,0.1053393225429928,
2019-02-27,6532.0390625,6539.28515625,6499.81494140625,6525.68310546875,89352100,-0.002334078289526,-0.0023368064963157,0.1048410212298032,
2019-02-28,6526.93310546875,6526.93310546875,6433.244140625,6443.34814453125,100223700,-0.0126170639313607,-0.0126973349872399,0.1140347346906973,
2019-03-01,6468.6201171875,6505.09619140625,6466.1572265625,6499.8837890625,78269700,0.0087742650657847,0.008735994900853,0.1118937105989059,
2019-03-04,6508.26416015625,6537.23095703125,6487.85302734375,6488.419921875,89179000,-0.0017637034075579,-0.0017652605635898,0.1119340420949502,
2019-03-05,6485.580078125,6485.64404296875,6409.337890625,6441.27978515625,82023100,-0.0072652721750979,-0.0072917927960801,0.1105655519327542,
2019-03-06,6460.80712890625,6473.01220703125,6424.2578125,6457.9560546875,91098200,0.0025889683552762,0.002585622749904,0.1040831639756636,
2019-03-08,6439.8408203125,6442.2041015625,6381.73095703125,6383.06787109375,92588600,-0.0115962671408073,-0.0116640282062657,0.1111314190348412,
2019-03-11,6418.8828125,6420.7822265625,6366.0390625,6366.43408203125,97316700,-0.0026059238908969,-0.0026093252209159,0.1111823054554038,
2019-03-12,6395.880859375,6404.43017578125,6339.9677734375,6353.77392578125,84514000,-0.0019885788632811,-0.001990558711387,0.1107060650957646,
2019-03-13,6343.12109375,6377.5751953125,6337.8740234375,6377.5751953125,100029400,0.0037460051001616,0.0037390062959819,0.1059461253633263,
2019-03-14,6374.9169921875,6413.26611328125,6372.96484375,6413.26611328125,96692700,0.0055963147239694,0.0055807135337739,0.1079761451068041,6431.377216796875
2019-03-15,6420.18212890625,6489.19482421875,6419.64404296875,6461.18310546875,122938800,0.0074715427897602,0.007443769069828,0.1112068076719474,6436.9773828125
2019-03-18,6481.5927734375,6509.44677734375,6477.2880859375,6509.44677734375,105004500,0.0074697885955514,0.0074420278834406,0.1121972244918227,6442.746123046875
2019-03-19,6515.56103515625,6522.205078125,6473.2861328125,6480.27587890625,113972800,-0.00448131760429,-0.0044913888074618,0.0964628002604149,6446.86083984375
2019-03-20,6486.8828125,6498.42578125,6463.94384765625,6482.7099609375,106335600,0.0003756139517412,0.0003755434264804,0.0964697919681504,6450.770556640625
2019-03-21,6499.27197265625,6515.97119140625,6484.31298828125,6501.77587890625,120956200,0.0029410413366686,0.0029367249356681,0.0965310304436465,6455.549130859375
2019-03-22,6510.85205078125,6525.27392578125,6491.90478515625,6525.27392578125,129537900,0.0036140967195186,0.0036075815648503,0.0964153739626006,6460.609853515625
2019-03-25,6473.85595703125,6474.64794921875,6391.51904296875,6411.2509765625,105721300,-0.0174740479121109,-0.0176285212487548,0.1134798094131036,6462.260595703125
2019-03-26,6440.916015625,6478.0478515625,6439.58203125,6469.9990234375,85932800,0.0091632736091231,0.0091215455343109,0.1178240820996125,6464.431279296875
2019-03-27,6480.55712890625,6485.42578125,6443.97412109375,6444.73779296875,90444600,-0.0039043638766005,-0.0039120058029672,0.1179510875135794,6466.6037109375
2019-03-28,6460.48681640625,6480.7880859375,6445.35888671875,6480.7880859375,92075400,0.0055937563523655,0.0055781693967073,0.1198613601596169,6468.0437890625
2019-03-29,6480.98291015625,6485.958984375,6440.9169921875,6468.7548828125,102927100,-0.0018567499763046,-0.0018584758732455,0.110885407303387,6469.151689453125
2019-04-01,6485.72119140625,6492.9111328125,6444.84423828125,6452.61083984375,93229400,-0.0024956955799398,-0.0024988150193487,0.1064946618099815,6469.728310546875
2019-04-02,6476.623046875,6490.0732421875,6454.98388671875,6476.06591796875,97657900,0.0036349748508262,0.0036283842959155,0.1072721803234893,6470.286513671875
2019-04-04,6489.78515625,6505.798828125,6480.0751953125,6494.6298828125,115935300,0.0028665497045423,0.0028624489856785,0.1042500760922529,6471.162431640625
2019-04-05,6501.09912109375,6506.80078125,6473.955078125,6474.01806640625,104044400,-0.0031736706753371,-0.0031787174488083,0.1046635046970709,6471.271552734375
2019-04-08,6480.18408203125,6484.14794921875,6390.7099609375,6425.73388671875,104784600,-0.0074581471957959,-0.007486098237636,0.0993375637757179,6470.76283203125
2019-04-09,6434.6181640625,6484.39013671875,6429.53515625,6484.34814453125,103220100,0.0091217997579464,0.0090804474241085,0.1033312377471994,6471.11669921875
2019-04-10,6476.77978515625,6487.755859375,6456.666015625,6478.326171875,85785100,-0.0009286936052822,-0.0009291251083652,0.1030031979606118,6471.0263671875
2019-04-11,6468.255859375,6472.72998046875,6410.166015625,6410.166015625,98465700,-0.0105212603443634,-0.0105770001171477,0.1101849461300324,6470.05544921875
2019-04-12,6395.0732421875,6422.27197265625,6394.9140625,6405.8662109375,115690900,-0.0006707789902818,-0.0006710040631638,0.1083972664491657,6469.443173828125
2019-04-15,6426.90478515625,6442.0341796875,6415.115234375,6435.15087890625,89372600,0.0045715391181209,0.0045611213711922,0.1062123326494553,6468.862412109375
2019-04-16,6440.72119140625,6485.12109375,6438.39697265625,6481.541015625,113905400,0.0072088654317044,0.0071830057661572,0.1059687905866259,6467.83384765625
2019-04-18,6568.84521484375,6636.33203125,6487.22705078125,6507.22119140625,112896400,0.0039620478709219,0.0039542196296878,0.1056883874825658,6467.2055078125
2019-04-22,6511.0859375,6516.2421875,6410.0390625,6414.7431640625,94956300,-0.0142116004087706,-0.0143135522874727,0.1175722864041214,6465.87134765625
2019-04-23,6420.1630859375,6482.81884765625,6415.455078125,6462.82177734375,105904400,0.007495017657231,0.0074670695731044,0.1204080173691051,6464.170244140625
2019-04-24,6460.26513671875,6472.52783203125,6433.97216796875,6447.884765625,95981100,-0.0023112213570725,-0.0023138963516177,0.1196914334369984,6462.398798828125
2019-04-25,6423.837890625,6431.591796875,6353.283203125,6372.787109375,95830800,-0.0116468669927789,-0.0117152230222357,0.1099773697370997,6459.421279296875
2019-04-26,6349.923828125,6401.080078125,6321.66015625,6401.080078125,84764000,0.0044396538381736,0.0044298276475941,0.1058287198413178,6457.542841796875
2019-04-29,6388.3818359375,6428.34423828125,6376.705078125,6425.89501953125,87784100,0.0038766803575933,0.0038691853964302,0.1061398563096897,6457.53423828125
2019-04-30,6437.97509765625,6457.82177734375,6428.251953125,6455.35205078125,94646800,0.0045841133663819,0.0045736383190411,0.1054791150623667,6458.258955078125
2019-05-02,6458.12109375,6465.77294921875,6363.0400390625,6374.421875,105193000,-0.0125369112551275,-0.0126161613916582,0.1142726643489167,6457.34703125
2019-05-03,6366.75,6367.6201171875,6261.25,6319.458984375,93047100,-0.0086224118363674,-0.0086597999013071,0.1175791059564848,6455.95451171875
2019-05-06,6254.81103515625,6263.0869140625,6207.623046875,6256.35205078125,76667800,-0.0099861291527935,-0.0100363249948797,0.1203514596849795,6451.12525390625
2019-05-07,6271.9619140625,6310.93994140625,6268.31982421875,6297.31787109375,99893700,0.0065478764589956,0.0065265322381517,0.1228803812147405,6447.178271484375
2019-05-08,6260.69677734375,6270.8837890625,6231.36279296875,6270.2021484375,92019200,-0.0043059161394278,-0.0043152132944395,0.1231470132132196,6442.326630859375
2019-05-09,6242.18017578125,6259.626953125,6195.38623046875,6198.80419921875,92161300,-0.0113868656111097,-0.0114521923499819,0.1264226916569759,6435.547392578125
2019-05-10,6203.10302734375,6232.6640625,6149.22021484375,6209.1181640625,83315100,0.0016638636279315,0.0016624809403686,0.1205633260819044,6429.702197265625
2019-05-13,6225.39501953125,6238.26220703125,6135.39599609375,6135.39599609375,73081800,-0.0118732106590342,-0.011944260175293,0.125308198279249,6421.902958984375
2019-05-14,6081.40185546875,6101.08984375,6033.6181640625,6071.2021484375,102612300,-0.0104628695029824,-0.0105179901392304,0.1252592861168727,6412.507998046875
2019-05-15,6091.64306640625,6107.43994140625,5980.884765625,5980.884765625,90189500,-0.0148763590149513,-0.0149881218448175,0.1322717791296015,6401.61203125
2019-05-16,5969.85595703125,6009.6279296875,5889.55517578125,5895.73779296875,90700800,-0.0142365178385697,-0.014338829258402,0.1341237651970317,6390.65982421875
2019-05-17,5930.26904296875,5936.97021484375,5826.8681640625,5826.8681640625,88536300,-0.0116812570919255,-0.0117500189836384,0.1292281976837633,6377.19951171875
2019-05-20,5822.47412109375,5930.15478515625,5767.40087890625,5907.12109375,88516800,0.0137729098081305,0.013678925263036,0.142425086851292,6365.57353515625
2019-05-21,5925.416015625,5996.5400390625,5925.416015625,5951.3720703125,88868800,0.0074911239942785,0.0074632048686561,0.1441747953029897,6355.775380859375
2019-05-22,5948.3828125,5966.7978515625,5918.89990234375,5939.63623046875,73752300,-0.0019719553247716,-0.001973902188513,0.1382048559910476,6345.408984375
2019-05-23,5944.0322265625,6044.57177734375,5942.171875,6032.69580078125,80007700,0.0156675538200687,0.0155460848041344,0.1549941324416949,6338.40154296875
2019-05-24,6042.5751953125,6080.19189453125,6037.080078125,6057.35302734375,94909100,0.004087265026575,0.0040789348495893,0.1537932475936393,6332.219921875
2019-05-27,6056.4140625,6114.53076171875,6054.76806640625,6098.97412109375,79120000,0.0068711685718358,0.0068476696749079,0.1554764503004072,6327.12392578125
2019-05-28,6101.8427734375,6118.90576171875,6033.14208984375,6033.14208984375,107550600,-0.0107939515634793,-0.010852628880742,0.1563610387310483,6320.235263671875
2019-05-29,6059.53076171875,6112.43115234375,6054.57080078125,6104.10595703125,79068400,0.011762339777636,0.0116937011685854,0.1629322962609709,6314.052060546875
2019-05-31,6110.52001953125,6209.1171875,6110.47802734375,6209.1171875,94994300,0.0172033760894645,0.0170570735629391,0.1729528300349271,6309.0107421875
2019-06-10,6277.29296875,6334.64501953125,6276.27978515625,6289.60986328125,94734500,0.0129636264464931,0.0128803178563283,0.1776552629691264,6304.61400390625
2019-06-11,6286.7998046875,6310.0,6255.26416015625,6305.9921875,86434200,0.0026046646095476,0.0026012783494569,0.1740362501835185,6301.128330078125
2019-06-12,6270.35205078125,6296.81787109375,6257.43896484375,6276.1767578125,90308800,-0.0047281107874825,-0.0047393236610586,0.173365194012624,6296.997666015625
2019-06-13,6282.60791015625,6284.4580078125,6250.1171875,6273.08203125,95630400,-0.0004930910460174,-0.0004932126553852,0.1726820842466898,6292.4237890625
2019-06-14,6278.02587890625,6294.64892578125,6234.98583984375,6250.26513671875,86134100,-0.0036372702313767,-0.003643901182669,0.1679598871594325,6286.92361328125
2019-06-17,6259.53515625,6263.4990234375,6190.52490234375,6190.52490234375,94608600,-0.0095580320303599,-0.0096040031821833,0.1715709238367622,6282.509091796875
2019-06-18,6195.1337890625,6257.330078125,6195.1337890625,6257.330078125,94426600,0.0107915204017605,0.0107337074996432,0.1697693108132325,6278.255712890625
2019-06-19,6289.4521484375,6339.26220703125,6289.4521484375,6339.26220703125,104524400,0.0130937840713687,0.0130088015057836,0.1691677407471513,6276.146201171875
2019-06-20,6346.01318359375,6357.4599609375,6311.251953125,6335.6982421875,93519900,-0.0005622049896906,-0.0005623630861736,0.1570915894071832,6273.244404296875
2019-06-21,6343.48193359375,6352.52880859375,6269.69091796875,6315.43603515625,111701800,-0.0031981016545784,-0.0032032265111334,0.1454424724508069,6270.17802734375
2019-06-24,6307.9267578125,6320.53515625,6280.22216796875,6288.46484375,113990600,-0.0042706776311419,-0.0042798230221555,0.1372842365130301,6266.895107421875
2019-06-25,6312.10107421875,6327.98193359375,6308.0029296875,6320.44482421875,104114600,0.0050854988082718,0.0050726113335655,0.1323919859008343,6263.782685546875
2019-06-26,6323.81103515625,6334.17919921875,6303.34912109375,6310.48876953125,117335500,-0.0015752142395658,-0.0015764561939169,0.1325840010914826,6260.09986328125
2019-06-27,6324.69287109375,6357.92822265625,6320.08984375,6352.7099609375,99586800,0.0066906372783841,0.0066683543011151,0.1318919518652954,6257.673701171875
2019-06-28,6367.01806640625,6377.35009765625,6351.505859375,6358.62890625,106200900,0.0009317197462019,0.0009312859647801,0.1239481333412967,6256.3316015625
2019-07-01,6381.18115234375,6395.6259765625,6369.19287109375,6379.68798828125,128295500,0.0033118903999178,0.0033064181698627,0.1238587375538786,6254.2383984375
2019-07-02,6388.22216796875,6394.4541015625,6365.3720703125,6384.89794921875,128839600,0.0008166482353164,0.00081631495958,0.1229574209235208,6252.369833984375
2019-07-03,6362.9580078125,6385.373046875,6334.748046875,6362.6220703125,115118100,-0.0034888386757967,-0.0034949388659686,0.1150452595849546,6251.418955078125
2019-07-04,6364.06787109375,6385.12890625,6359.4150390625,6375.966796875,138923400,0.0020973627562708,0.0020951663615599,0.1099809985280524,6250.820966796875
2019-07-05,6373.31787109375,6386.64404296875,6362.9248046875,6373.47705078125,132400300,-0.0003904891874547,-0.0003905654482108,0.0951077435306679,6249.587490234375
2019-07-08,6360.2138671875,6367.36181640625,6324.72119140625,6351.8271484375,106782100,-0.0033968746056904,-0.0034026570828473,0.0859480202408378,6246.993212890625
2019-07-09,6351.48486328125,6388.3232421875,6351.4228515625,6388.3232421875,120669200,0.0057457630532307,0.0057293191152784,0.0876661420264891,6244.61525390625
2019-07-10,6393.18994140625,6412.82421875,6393.18994140625,6410.68310546875,116571800,0.0035001145736628,0.0034940034283029,0.0858065317809863,6244.534052734375
2019-07-11,6424.62890625,6434.908203125,6397.22216796875,6417.06591796875,123096800,0.0009956524749374,0.0009951571417712,0.0856115710380232,6243.618935546875
2019-07-12,6414.1982421875,6425.31787109375,6369.49609375,6373.34521484375,132748400,-0.0068131921479216,-0.0068365079050471,0.0886704959476583,6242.12814453125
2019-07-15,6408.30810546875,6439.19287109375,6405.4501953125,6418.23388671875,138330000,0.0070431885237367,0.0070185011223457,0.0817268620622513,6243.037080078125
2019-07-16,6414.72900390625,6428.26806640625,6389.39794921875,6401.8798828125,120399800,-0.0025480535915169,-0.0025513054051076,0.0758747812859367,6243.053076171875
2019-07-17,6395.4638671875,6403.5009765625,6377.5029296875,6394.60888671875,142137300,-0.0011357595310825,-0.0011364049947127,0.0618496347284125,6242.427353515625
2019-07-18,6385.05810546875,6407.2568359375,6375.6171875,6403.2939453125,150696400,0.0013581844875278,0.0013572629892588,0.0618145585662155,6241.38619140625
2019-07-19,6417.44287109375,6456.5390625,6417.44287109375,6456.5390625,129678900,0.008315269866141,0.0082808884718947,0.0659192029337371,6243.02853515625
2019-07-22,6461.4111328125,6468.2470703125,6420.34912109375,6433.546875,125797900,-0.0035610699908159,-0.0035674256937772,0.0651918755729756,6245.31029296875
2019-07-23,6443.7109375,6454.0888671875,6396.6748046875,6403.81005859375,129238000,-0.0046221496452918,-0.0046328648097753,0.0665170420818156,6248.259453125
2019-07-24,6413.31982421875,6419.22119140625,6380.01123046875,6384.98681640625,149335200,-0.0029393817142092,-0.0029437101807313,0.0672979083832655,6250.01283203125
2019-07-25,6392.38818359375,6412.71484375,6386.291015625,6401.365234375,124582800,0.0025651451506001,0.0025618607811688,0.0638672288251831,6252.63609375
2019-07-26,6379.2041015625,6385.587890625,6314.41015625,6325.23681640625,122282900,-0.0118925284187729,-0.0119638102459717,0.0773700988119776,6255.16474609375
2019-07-29,6336.84521484375,6349.3671875,6283.60205078125,6299.03515625,126988300,-0.0041423998684584,-0.0041510033744548,0.0773350530363444,6256.9630859375
2019-07-30,6317.5732421875,6376.99609375,6317.0361328125,6376.99609375,127506100,0.0123766474652307,0.0123006829127511,0.0899166561189581,6261.795087890625
2019-07-31,6362.10888671875,6390.5048828125,6348.9970703125,6390.5048828125,114214500,0.0021183624490126,0.0021161218829426,0.0892789446243464,6268.181142578125
2019-08-01,6385.26416015625,6404.5810546875,6372.705078125,6381.5419921875,107634100,-0.0014025324742503,-0.0014035169435287,0.0891673051302782,6276.194287109375
2019-08-02,6341.123046875,6353.11083984375,6317.27099609375,6340.18017578125,93321300,-0.0064814768055881,-0.0065025727811691,0.0921515552534405,6285.083134765625
2019-08-05,6311.1640625,6315.06298828125,6175.703125,6175.703125,122385300,-0.0259420152458021,-0.0262844445097511,0.1303660752605769,6292.059833984375
2019-08-06,6105.0908203125,6157.76220703125,6022.59912109375,6119.47119140625,113648900,-0.0091053492137788,-0.009147056270515,0.1302615582927166,6296.3068359375
2019-08-07,6155.828125,6221.6611328125,6153.64404296875,6204.19482421875,115751900,0.0138449271452538,0.0137499616643155,0.1408148250144927,6301.363291015625
2019-08-08,6224.89794921875,6281.10009765625,6224.89794921875,6274.6708984375,108941500,0.0113594231347537,0.0112953893560238,0.1479350827883882,6308.063984375
2019-08-09,6300.0927734375,6319.43994140625,6280.66796875,6282.1318359375,102271800,0.0011890563857075,0.0011883500180485,0.1465597508112364,6313.052705078125
2019-08-12,6300.6728515625,6309.10205078125,6245.27685546875,6250.59521484375,98246100,-0.0050200508230887,-0.0050326936075838,0.1443455490839398,6316.917548828125
2019-08-13,6251.30810546875,6251.30810546875,6198.06591796875,6210.9619140625,106057400,-0.0063407242700871,-0.0063609120442058,0.1454049416003364,6319.1573046875
2019-08-14,6255.509765625,6274.5751953125,6240.2041015625,6267.3349609375,116897700,0.0090763794167476,0.0090354366400585,0.1501602514040956,6323.841162109375
2019-08-15,6192.4560546875,6257.5859375,6161.6650390625,6257.5859375,118749900,-0.0015555293435348,-0.001556740435393,0.1499082372475173,6326.91076171875
2019-08-16,6264.3798828125,6292.375,6235.701171875,6286.6572265625,122425200,0.0046457674497577,0.0046350091795721,0.1474035253108739,6328.4615625
2019-08-19,6310.6328125,6329.73876953125,6284.77587890625,6296.71484375,107478400,0.0015998354650232,0.0015985570915422,0.147505572223082,6328.603662109375
2019-08-20,6311.9072265625,6317.69091796875,6279.56494140625,6295.73779296875,115615800,-0.0001551683386488,-0.0001551803785009,0.1469282707918348,6328.39857421875
2019-08-21,6290.81103515625,6308.35205078125,6247.990234375,6252.966796875,97455300,-0.0067936431757875,-0.0068168250220385,0.1482967704565987,6327.934375
2019-08-22,6257.55615234375,6265.95703125,6210.537109375,6239.2451171875,102340600,-0.002194427082894,-0.0021968383662413,0.1477227363979036,6327.25763671875
2019-08-23,6228.1298828125,6255.59716796875,6204.18798828125,6255.59716796875,104137900,0.0026208380139136,0.0026174096068593,0.1427220246151251,6327.36427734375
2019-08-26,6193.23095703125,6230.31494140625,6149.02001953125,6214.509765625,120581400,-0.0065681023314823,-0.006589767232565,0.1437958291643468,6327.843974609375
2019-08-27,6244.5732421875,6289.884765625,6223.744140625,6278.1708984375,117748900,0.0102439508848526,0.0101918372177152,0.1414474819806055,6328.260791015625
2019-08-28,6289.65087890625,6306.3291015625,6267.19482421875,6281.64599609375,107048900,0.0005535207168563,0.000553367580771,0.1411313835800579,6327.108466796875
2019-08-29,6288.18603515625,6306.89599609375,6276.4208984375,6289.119140625,111978400,0.0011896793509054,0.0011889722431918,0.141298656302101,6326.176884765625
2019-08-30,6316.119140625,6329.8837890625,6305.037109375,6328.47021484375,132856400,0.0062570088654481,0.0062375150585006,0.1416312002769406,6326.437568359375
2019-09-02,6331.14794921875,6338.11279296875,6281.60498046875,6290.5458984375,126521700,-0.0059926514811267,-0.0060106794767601,0.1056056883960771,6326.479189453125
2019-09-03,6293.36181640625,6310.630859375,6248.796875,6261.58984375,122848800,-0.004603106813781,-0.0046137337337225,0.1009988419179564,6325.30208984375
2019-09-04,6266.76416015625,6273.60400390625,6239.0009765625,6269.6640625,111903900,0.0012894838134533,0.0012886531432146,0.0893963645776174,6324.485595703125
2019-09-05,6294.283203125,6307.34814453125,6281.9541015625,6306.80322265625,110321300,0.0059236284091177,0.0059061527014585,0.0825708427651732,6323.5674609375
2019-09-06,6329.412109375,6336.912109375,6305.01708984375,6308.9501953125,114218400,0.000340421697087,0.0003403637667678,0.0824985977818205,6322.57388671875
2019-09-09,6328.2822265625,6333.89697265625,6306.73583984375,6326.212890625,109132800,0.0027362231081371,0.0027324864643305,0.080531101048834,6321.504384765625
2019-09-10,6331.72607421875,6342.005859375,6311.3408203125,6336.6728515625,113186400,0.0016534317005045,0.0016520662871817,0.0762524424574788,6320.5398828125
2019-09-11,6334.591796875,6381.9541015625,6328.68798828125,6381.9541015625,136654000,0.0071459030725935,0.0071204920916885,0.0738414826926609,6320.9265234375
2019-09-12,6398.9951171875,6414.48388671875,6337.52392578125,6342.173828125,111986600,-0.006233243424261,-0.0062527511927489,0.077699575391626,6320.2506640625
2019-09-13,6369.4228515625,6375.80419921875,6318.919921875,6334.8427734375,106712000,-0.0011559214373768,-0.0011565900298381,0.07649134423081,6319.477978515625
2019-09-16,6262.2880859375,6266.14013671875,6193.51318359375,6219.43505859375,102809600,-0.0182179288375812,-0.0183859187161847,0.1011833530947662,6316.83013671875
2019-09-17,6215.23681640625,6240.34814453125,6205.3017578125,6236.68994140625,112446500,0.0027743488998503,0.0027705074972285,0.1018911090092593,6313.797470703125
2019-09-18,6238.705078125,6276.6328125,6236.47607421875,6276.6328125,108718500,0.0064044984549518,0.0063840768019744,0.101761750088006,6311.11646484375
2019-09-19,6274.17822265625,6282.06298828125,6242.89306640625,6244.47021484375,106914500,-0.0051241802120712,-0.0051373538454781,0.1032012109364902,6307.66455078125
2019-09-20,6248.97412109375,6256.82177734375,6213.2431640625,6231.47314453125,134219300,-0.0020813727770859,-0.0020835418436846,0.1029940182439395,6304.827109375
2019-09-23,6240.14404296875,6247.5771484375,6197.38818359375,6206.19921875,118747800,-0.0040558508710625,-0.0040640981415595,0.101289653276291,6300.586416015625
2019-09-24,6188.76904296875,6194.58984375,6115.9501953125,6137.60791015625,90097100,-0.0110520636183453,-0.0111135914330122,0.1009020581720041,6295.3009765625
2019-09-25,6121.490234375,6146.40380859375,6086.001953125,6146.40380859375,91732400,0.0014331150777724,0.0014320891484256,0.1011446652169549,6290.336875
2019-09-26,6168.66796875,6230.333984375,6165.92578125,6230.333984375,105163800,0.013655167866436,0.0135627761940521,0.1136085217141855,6286.87767578125
2019-09-27,6213.93212890625,6219.77001953125,6191.6640625,6196.88916015625,112420600,-0.0053680628201675,-0.0053825226400844,0.1119859333272836,6281.684677734375
2019-09-30,6190.3720703125,6195.72802734375,6152.49609375,6169.10205078125,93299700,-0.0044840416952526,-0.004494125164637,0.1112218038277585,6276.39578125
2019-10-01,6163.97900390625,6176.60595703125,6134.77001953125,6138.25,99171900,-0.005001060207351,-0.0050136073591381,0.1114042366289516,6271.084580078125
2019-10-02,6124.44287109375,6153.99609375,6051.68798828125,6055.4248046875,116223100,-0.0134932912984157,-0.013585153034142,0.1195721704654606,6264.49333984375
2019-10-03,6033.02685546875,6050.60400390625,5997.69189453125,6038.52880859375,121133700,-0.0027902247387616,-0.0027941246719574,0.1161335347461293,6257.236611328125
2019-10-04,6052.7470703125,6076.56005859375,6046.1298828125,6061.251953125,111920200,0.0037630265999413,0.0037559641273154,0.1177359385655629,6251.9569140625
2019-10-07,6077.740234375,6084.1650390625,5988.8720703125,6000.58203125,127549800,-0.0100094703774391,-0.0100599019370736,0.1196531859479396,6245.9878515625
2019-10-08,6021.69287109375,6046.4580078125,6009.3818359375,6039.60107421875,124640500,0.006502543047582,0.0064814927190398,0.1231295769425008,6239.239951171875
2019-10-09,6030.458984375,6047.79296875,6017.35986328125,6029.16015625,111759600,-0.001728742981605,-0.0017302389821355,0.1179514202144385,6232.013056640625
2019-10-10,6023.97607421875,6044.11376953125,6018.44580078125,6023.64111328125,89240100,-0.0009153916674495,-0.0009158108942593,0.1174255209496108,6224.8550390625
2019-10-11,6033.32177734375,6109.1181640625,6033.32177734375,6105.7998046875,105411100,0.013639373571759,0.0135471945463394,0.1306395823338876,6220.167431640625
2019-10-14,6129.23388671875,6153.578125,6099.23876953125,6126.876953125,118521000,0.0034519881279631,0.0034460436930963,0.1161505405468387,6219.190908203125
2019-10-15,6130.2998046875,6158.166015625,6118.26220703125,6158.166015625,118739300,0.0051068534164115,0.005093857666651,0.1173708319474925,6219.9648046875
2019-10-16,6170.56201171875,6183.583984375,6143.84619140625,6169.591796875,114463100,0.0018553870131154,0.0018536679087054,0.1148528670280014,6219.272744140625
2019-10-17,6169.90380859375,6197.93505859375,6161.39208984375,6181.01416015625,119164000,0.0018513969250015,0.0018496852021079,0.1140769016792146,6217.399609375
2019-10-18,6185.21484375,6201.1748046875,6178.498046875,6191.94677734375,125611600,0.0017687416505163,0.0017671792690313,0.1141915673565371,6215.595908203125
2019-10-21,6207.88916015625,6228.22705078125,6187.36083984375,6198.98681640625,146413800,0.0011369669856109,0.0011363211281471,0.1134183786853179,6214.563740234375
2019-10-22,6207.4921875,6229.39892578125,6178.55517578125,6225.4970703125,114083500,0.0042765462633487,0.0042674278270767,0.1064609760045894,6214.854443359375
2019-10-23,6224.41796875,6257.80615234375,6197.9541015625,6257.80615234375,135886700,0.0051897995720409,0.0051763789756857,0.1076207078034008,6214.6638671875
2019-10-24,6271.51416015625,6339.64697265625,6270.18603515625,6339.64697265625,130619300,0.0130781967865603,0.0129934155612971,0.1067474898065349,6216.305087890625
2019-10-25,6342.60888671875,6348.31494140625,6243.24609375,6252.34521484375,151346100,-0.0137707601368095,-0.013866456611973,0.1170853364172773,6215.61884765625
2019-10-28,6256.7900390625,6278.1630859375,6243.34912109375,6265.3837890625,145042900,0.0020853893652248,0.0020832179591166,0.1157248781716029,6214.9922265625
2019-10-29,6267.68017578125,6281.13818359375,6245.93798828125,6281.13818359375,148492100,0.0025145138848081,0.0025113577843681,0.1137998079534206,6214.700234375
2019-10-30,6302.087890625,6304.0498046875,6264.93896484375,6295.7470703125,139603200,0.0023258343140593,0.0023231337479999,0.0996033091681141,6215.55583984375
2019-10-31,6290.56689453125,6301.5927734375,6216.2900390625,6228.31689453125,163955700,-0.0107104327775834,-0.0107682023242366,0.1082803979616204,6215.337275390625
2019-11-01,6225.81494140625,6228.4111328125,6193.88720703125,6207.19091796875,142104600,-0.003391923840781,-0.0033976894558285,0.1093175543933911,6214.369150390625
2019-11-04,6219.126953125,6242.083984375,6180.34423828125,6180.34423828125,103975100,-0.004325093273639,-0.0043344735463591,0.1032223284732938,6213.68583984375
2019-11-05,6204.43896484375,6264.15185546875,6195.30419921875,6264.15185546875,95988100,0.0135603477664549,0.0134692290607365,0.1104442097145721,6213.405458984375
2019-11-06,6273.91796875,6274.2919921875,6198.49609375,6217.544921875,70278100,-0.0074402624120711,-0.0074680792266072,0.1146905030457472,6212.1234375
2019-11-07,6234.60400390625,6235.63818359375,6119.4208984375,6165.6240234375,67284200,-0.008350707407811,-0.0083857698990985,0.119763484606557,6209.65353515625
2019-11-08,6165.76611328125,6180.19921875,6139.8232421875,6177.98583984375,60698400,0.0020049578695131,0.0020029506239979,0.1105924792467501,6206.64384765625
2019-11-11,6171.43701171875,6182.81591796875,6127.876953125,6148.740234375,47286600,-0.0047338414536556,-0.0047450815677507,0.1116020467999861,6203.807734375
2019-11-12,6135.4931640625,6180.9921875,6133.5341796875,6180.9921875,57719100,0.0052452944661238,0.0052315858254484,0.1116835492702852,6202.19578125
2019-11-13,6177.66015625,6183.8271484375,6132.2529296875,6142.5009765625,51900400,-0.0062273514946907,-0.0062468223245662,0.1137604594029216,6199.65251953125
2019-11-14,6137.53515625,6146.39794921875,6062.97998046875,6098.9501953125,72169800,-0.0070900731503622,-0.0071153271583056,0.1160255354408469,6195.495458984375
2019-11-15,6115.7587890625,6137.35595703125,6092.6162109375,6128.34521484375,46157800,0.004819685124473,0.0048081076271485,0.1173665028728785,6191.883359375
2019-11-18,6126.4130859375,6134.31494140625,6098.0810546875,6122.625,47079600,-0.0009334028425642,-0.0009338387342603,0.117209836926533,6187.8116015625
2019-11-19,6136.93701171875,6152.08984375,6113.3330078125,6152.08984375,51414200,0.0048124527878157,0.0048009099549767,0.1175197507734237,6184.11994140625
2019-11-20,6136.2529296875,6167.4111328125,6123.5849609375,6155.10888671875,51663000,0.0004907345382507,0.0004906141674357,0.1156305416006556,6179.583037109375
2019-11-21,6135.76416015625,6137.27099609375,6099.56787109375,6117.36376953125,50800300,-0.0061323232264737,-0.0061512031453004,0.1047369967009308,6175.0868359375
2019-11-22,6115.791015625,6122.48095703125,6086.8271484375,6100.2421875,51362000,-0.0027988497457888,-0.0028027738494332,0.0946909286153484,6170.39482421875
2019-11-25,6094.748046875,6105.09716796875,6052.26513671875,6070.76220703125,48496000,-0.0048325918156425,-0.0048443065443774,0.0946675879557734,6167.4213671875
2019-11-26,6091.23779296875,6096.6611328125,6026.18798828125,6026.18798828125,81161800,-0.0073424418927781,-0.0073695302973949,0.0955004511753952,6163.211328125
2019-11-27,6025.94091796875,6052.4921875,6002.98779296875,6023.0390625,57364300,-0.0005225402505486,-0.0005226768222835,0.0942900222127742,6158.139453125
2019-11-28,6013.27099609375,6036.828125,5945.75,5953.06005859375,51713900,-0.0116185538861843,-0.011686576681047,0.0954443400862401,6152.31125
2019-11-29,5949.8837890625,6015.69921875,5939.40380859375,6011.830078125,51024700,0.0098722369592778,0.0098238247914927,0.1044663263037806,6147.918388671875
2019-12-02,6023.61181640625,6130.05517578125,6023.009765625,6130.05517578125,52565500,0.019665409055128,0.0194745431443499,0.1277814987787576,6146.3955078125
2019-12-03,6119.90185546875,6148.3662109375,6107.64208984375,6133.89599609375,52634500,0.000626555585939,0.0006263593819387,0.116955381074855,6146.32126953125
2019-12-04,6121.3330078125,6127.97705078125,6095.30615234375,6112.87890625,50339400,-0.0034263850996388,-0.0034322686003348,0.1148771884693142,6145.650771484375
2019-12-05,6132.0390625,6157.93115234375,6131.5888671875,6152.1171875,52261600,0.0064189528128688,0.0063984390729506,0.1139957599001399,6144.086435546875
2019-12-06,6160.783203125,6186.8681640625,6145.119140625,6186.8681640625,49098600,0.0056486207111119,0.0056327270764635,0.1156047274446541,6143.886015625
2019-12-09,6194.08203125,6210.77880859375,6180.8369140625,6193.791015625,54834500,0.0011189589593507,0.0011183333913875,0.1142297606903264,6144.379794921875
2019-12-10,6186.7529296875,6205.1337890625,6179.51806640625,6183.5048828125,51058500,-0.0016607168027709,-0.0016620973215659,0.1129482360493897,6145.284892578125
2019-12-11,6190.5771484375,6204.60400390625,6171.9267578125,6180.09912109375,49556800,-0.0005507817626564,-0.0005509334986496,0.1105403951931052,6147.77837890625
2019-12-12,6185.41796875,6201.02392578125,6139.39697265625,6139.39697265625,51845400,-0.0065860025284346,-0.0066077859394981,0.1101023242310273,6149.7957421875
2019-12-13,6181.05517578125,6197.31787109375,6167.64013671875,6197.31787109375,48546800,0.0094342976509693,0.009390072602146,0.1137157525698651,6152.517060546875
2019-12-16,6197.31396484375,6237.916015625,6197.31396484375,6211.591796875,55299700,0.0023032424797553,0.002300594082616,0.1137319447870966,6156.737255859375
2019-12-17,6223.44287109375,6244.35205078125,6205.6279296875,6244.35205078125,53264500,0.0052740513184932,0.0052601922175546,0.1139619020060033,6160.832275390625
2019-12-18,6287.25,6287.25,6287.25,6287.25,0,0.0068698799923336,0.0068463898882112,0.1159893824200438,6165.994072265625
2019-12-19,6274.38818359375,6281.416015625,6235.84423828125,6249.93017578125,47624800,-0.0059357945395442,-0.0059534813930351,0.1158283084942224,6170.519853515625
2019-12-20,6257.16015625,6284.3720703125,6231.4658203125,6284.3720703125,52766200,0.0055107646905743,0.0054956359818897,0.1158919738283149,6174.091298828125
2019-12-23,6309.6708984375,6315.72119140625,6270.5390625,6305.91015625,39077900,0.0034272455062369,0.003421385884781,0.1135941839387588,6177.671962890625
2019-12-26,6303.05908203125,6326.26806640625,6303.05908203125,6319.44287109375,33608900,0.0021460367351313,0.0021437372875088,0.1081884626039453,6180.8975
2019-12-27,6321.56884765625,6337.3359375,6312.380859375,6329.31396484375,42100200,0.0015620196196648,0.0015608009359256,0.1076998017227231,6184.091943359375
2019-12-30,6329.134765625,6336.919921875,6289.546875,6299.5390625,47557400,-0.0047042858845579,-0.0047153858627282,0.0979382117275717,6186.46244140625
2020-01-02,6313.1279296875,6317.01318359375,6263.67578125,6283.5810546875,33043700,-0.0025332024540486,-0.0025364164403178,0.0960380882967615,6188.295126953125
2020-01-03,6306.18701171875,6323.4658203125,6287.7060546875,6323.4658203125,44625300,0.0063474578075579,0.0063273975402982,0.0733515662369832,6190.78470703125
2020-01-06,6293.4990234375,6300.43603515625,6252.634765625,6257.40283203125,41421300,-0.010447275300997,-0.0105022311761446,0.0849382437879291,6191.422822265625
2020-01-07,6272.22021484375,6284.89208984375,6246.12890625,6279.34619140625,39441600,0.003506783878876,0.0035006494495182,0.0836995225001052,6191.853623046875
2020-01-08,6248.44287109375,6250.1220703125,6218.1298828125,6225.68603515625,44622600,-0.0085455005368931,-0.0085822226823456,0.0884563454394845,6189.574404296875
2020-01-09,6248.6611328125,6274.4931640625,6238.98291015625,6274.4931640625,41868400,0.0078396386567902,0.0078090683591011,0.0904160965663279,6190.01736328125
2020-01-10,6287.1669921875,6295.3701171875,6271.97998046875,6274.94091796875,52213500,7.136096805626657e-05,7.13584219835117e-05,0.0904287146508,6190.208505859375
2020-01-13,6287.912109375,6297.77587890625,6269.48095703125,6296.56689453125,44003800,0.0034464032164147,0.0034404779787856,0.0905115908366661,6190.517080078125
2020-01-14,6308.89013671875,6325.40576171875,6298.60791015625,6325.40576171875,44467400,0.0045800938305837,0.0045696371171644,0.0912405215899866,6191.11025390625
2020-01-15,6326.166015625,6348.52587890625,6255.498046875,6283.365234375,51089200,-0.006646297317111,-0.0066684823044433,0.0913093036885552,6192.211220703125
2020-01-16,6275.9560546875,6299.541015625,6255.4931640625,6286.0478515625,42118300,0.0004269395598435,0.0004268484470818,0.0859803745346868,6193.788359375
2020-01-17,6293.7822265625,6301.48486328125,6266.93212890625,6291.6572265625,37597900,0.0008923532134115,0.0008919553029829,0.0857800804037063,6196.014619140625
2020-01-20,6310.5009765625,6312.98876953125,6240.18994140625,6245.04296875,38818200,-0.0074088997753566,-0.0074364819936718,0.0885069088844553,6195.63244140625
2020-01-21,6251.9970703125,6257.884765625,6226.06396484375,6238.15283203125,41929600,-0.0011032969273755,-0.0011039060074691,0.0847773619537134,6196.044599609375
2020-01-22,6241.5751953125,6265.51416015625,6223.18994140625,6233.453125,51077800,-0.0007533811943686,-0.0007536651285967,0.0822239172637537,6197.401181640625
2020-01-23,6243.998046875,6255.04296875,6229.130859375,6249.2099609375,41256500,0.0025277860636034,0.0025245965861588,0.080177779063847,6198.8256640625
2020-01-24,6242.8349609375,6258.85107421875,6234.8251953125,6244.10888671875,38828900,-0.000816275057269,-0.0008166083911606,0.0789849025337229,6200.733037109375
2020-01-27,6240.81787109375,6242.1767578125,6130.92822265625,6133.2080078125,43723000,-0.0177608816435178,-0.0179204988879743,0.0995388697193592,6199.777353515625
2020-01-28,6111.18408203125,6111.18408203125,6111.18408203125,6111.18408203125,0,-0.0035909308396512,-0.0035973937082469,0.0991212687823285,6199.151015625
2020-01-29,6123.09521484375,6152.5888671875,6102.7958984375,6113.044921875,34605300,0.0003044974294297,0.0003044510794961,0.0987326737697934,6199.43291015625
2020-01-30,6057.59619140625,6057.59619140625,6057.59619140625,6057.59619140625,0,-0.0090705583187081,-0.0091119462976305,0.1023389573602052,6198.0179296875
2020-01-31,6076.458984375,6078.93017578125,5937.02197265625,5940.0478515625,41508700,-0.0194051132048902,-0.0195958641421419,0.1154569445309246,6194.36638671875
2020-02-03,5920.9677734375,5942.7822265625,5877.201171875,5884.169921875,34951000,-0.0094069830890001,-0.009451508205764,0.1146240373359339,6189.00798828125
2020-02-04,5947.5068359375,5952.94677734375,5911.375,5922.3388671875,36217700,0.0064867170423823,0.0064657688346518,0.1173313495024703,6184.352587890625
2020-02-05,5955.51904296875,5978.509765625,5924.3740234375,5978.509765625,39786600,0.009484580281063,0.0094398840439564,0.1231073091782163,6181.5755078125
2020-02-06,6002.919921875,6013.69921875,5969.48486328125,5987.14501953125,39909700,0.0014443823368661,0.0014433402200546,0.1183440536654617,6179.313564453125
2020-02-07,5988.05810546875,6004.81201171875,5981.64404296875,5999.60693359375,35281700,0.0020814451665771,0.0020792819607958,0.1190997847764629,6177.890458984375
2020-02-10,5993.376953125,5996.4658203125,5937.380859375,5952.0830078125,34305400,-0.0079211732213901,-0.0079527123758024,0.1187539014583381,6176.408359375
2020-02-11,5974.0,5975.16015625,5946.22021484375,5954.39697265625,33700000,0.0003887655532883,0.0003886900035407,0.1162064995023372,6175.035517578125
2020-02-12,5957.06005859375,5962.34716796875,5895.72412109375,5913.0810546875,29256800,-0.0069387241325159,-0.006962909018574,0.1163336595955483,6174.2359375
2020-02-13,5921.912109375,5929.4990234375,5860.2548828125,5871.9541015625,33248200,-0.0069552493437236,-0.0069795498333013,0.1163794651046289,6171.43841796875
2020-02-14,5857.72119140625,5890.02880859375,5843.43212890625,5866.94482421875,27655200,-0.0008530852348482,-0.0008534493191352,0.1156871438964205,6166.1762109375
2020-02-17,5863.9140625,5878.4638671875,5853.59814453125,5867.52294921875,28723300,9.853936202253166e-05,9.853450733851343e-05,0.1153732860998085,6160.84875
2020-02-18,5856.880859375,5907.13916015625,5855.9248046875,5886.9619140625,34641400,0.0033129763636183,0.0033075005482569,0.1174387371659556,6156.33041015625
2020-02-19,5898.89990234375,5928.791015625,5898.701171875,5928.791015625,34517800,0.0071053800199694,0.0070802557488154,0.1225175944953727,6151.86388671875
2020-02-20,5941.4501953125,5960.712890625,5929.14501953125,5942.48681640625,37350100,0.0023100495101202,0.0023073854477058,0.1224016867980602,6146.976259765625
2020-02-21,5940.78515625,5944.205078125,5873.73193359375,5882.2548828125,36665400,-0.0101358127421434,-0.0101875298521914,0.1251643404920704,6140.745537109375
2020-02-24,5846.14599609375,5863.1240234375,5787.919921875,5807.0498046875,40039600,-0.0127850764074748,-0.012867508853982,0.1182619975525983,6133.216435546875
2020-02-25,5784.73681640625,5814.67919921875,5752.3349609375,5787.13818359375,39502600,-0.0034288703840076,-0.0034347624326324,0.1182476263800777,6125.357216796875
2020-02-26,5757.1669921875,5757.740234375,5688.9208984375,5688.9208984375,39521300,-0.0169716502423755,-0.0171173192125613,0.1280906451582588,6116.3476953125
2020-02-27,5680.43701171875,5684.2861328125,5526.81689453125,5535.69384765625,41308700,-0.0269342909695465,-0.027303666670943,0.1524440491471667,6103.11521484375
2020-02-28,5436.171875,5456.27587890625,5288.3701171875,5452.7041015625,49636800,-0.0149917514186387,-0.0151052636508361,0.14729440035734,6087.9374609375
2020-03-02,5455.0458984375,5491.134765625,5354.6201171875,5361.24609375,40235000,-0.0167729636725184,-0.0169152228094801,0.1530404341419501,6070.275341796875
2020-03-03,5431.2958984375,5545.77392578125,5431.2958984375,5518.6279296875,42974300,0.0293554582620207,0.0289328376889565,0.1908092728125833,6054.902900390625
2020-03-04,5524.09423828125,5651.85498046875,5516.80517578125,5650.13623046875,45255400,0.0238298907729945,0.0235503905254822,0.2092165968144866,6042.907021484375
2020-03-05,5688.77880859375,5715.94091796875,5613.71923828125,5638.1298828125,40684000,-0.0021249660479875,-0.0021272269918605,0.2086336238991706,6029.982177734375
2020-03-06,5575.56591796875,5577.8017578125,5498.5400390625,5498.5400390625,32430900,-0.0247581816402512,-0.0250698199053639,0.2217091615904887,6013.834775390625
2020-03-09,5364.60400390625,5364.60400390625,5133.15087890625,5136.80908203125,42737600,-0.0657867278334713,-0.0680505240288256,0.3168429684531378,5990.182099609375
2020-03-10,5149.4931640625,5278.4228515625,5149.4521484375,5220.826171875,44495700,0.0163558910798622,0.0162235743162259,0.3268117144020555,5968.01234375
2020-03-11,5231.60888671875,5264.47998046875,5112.31884765625,5154.10498046875,46650100,-0.012779814766805,-0.0128621790858409,0.3275748734752131,5945.103662109375
2020-03-12,5040.96484375,5040.98779296875,4895.748046875,4895.748046875,36992900,-0.0501264399100875,-0.0514263978876258,0.3637686061405482,5917.347001953125
2020-03-13,4895.748046875,4937.9931640625,4639.9140625,4907.57080078125,46288600,0.0024149024404547,0.0024119912494424,0.3649321760610598,5889.0291015625
2020-03-16,4907.57080078125,4907.57080078125,4677.75,4690.6572265625,30471900,-0.0441997849902071,-0.0452063678854022,0.3849543991283767,5857.694189453125
2020-03-17,4690.6572265625,4698.0439453125,4447.9560546875,4456.7490234375,30662200,-0.0498668292793624,-0.0511531245058731,0.405725267440943,5821.24224609375
2020-03-18,4456.7490234375,4473.82421875,4284.6748046875,4330.673828125,38642900,-0.0282886010967828,-0.0286964333182215,0.4010170384976612,5783.342001953125
2020-03-19,4330.673828125,4330.673828125,4093.714111328125,4105.421875,26383700,-0.0520131420801378,-0.0534146397769387,0.4163088546581428,5739.960576171875
2020-03-20,4105.421875,4238.26318359375,3918.340087890625,4194.94384765625,63008300,0.0218057913125553,0.0215714456539846,0.4393370519406454,5698.360634765625
2020-03-23,4194.94384765625,4194.94384765625,3975.19091796875,3989.51708984375,32514300,-0.0489700852437569,-0.0502097608260715,0.4545213534895749,5652.219638671875
2020-03-24,3989.51708984375,4123.56201171875,3911.716064453125,3937.632080078125,45744100,-0.0130053358833104,-0.0130906457267039,0.451482571719924,5604.464165039062
2020-03-26,3937.632080078125,4370.66015625,3935.9140625,4338.90380859375,81100100,0.1019068618791991,0.0970421898079312,0.6119736566485361,5565.574936523438
2020-03-27,4338.90380859375,4697.666015625,4338.90380859375,4545.57080078125,77851100,0.0476311532369466,0.0465315709306701,0.6451782161516667,5530.765395507812
2020-03-30,4545.57080078125,4545.57080078125,4317.7138671875,4414.5,27552200,-0.0288348386870846,-0.0292587311150856,0.6486530732359199,5493.2222509765625
2020-03-31,4414.5,4569.47314453125,4414.5,4538.93017578125,43426600,0.02818669742468,0.0277967628242766,0.662120595782655,5459.099995117187
2020-04-01,4538.93017578125,4627.41796875,4445.13818359375,4466.037109375,41848000,-0.0160595258317018,-0.0161898774911075,0.6476591341257609,5423.657680664062
2020-04-02,4466.037109375,4531.68505859375,4393.6689453125,4531.68505859375,46011500,0.0146993738768859,0.0145923852502666,0.6421549345114616,5389.622319335937
2020-04-03,4531.68505859375,4623.42919921875,4531.68505859375,4623.42919921875,58684300,0.0202450389730899,0.020042832731887,0.6509924884022328,5357.106704101562
2020-04-06,4623.42919921875,4811.8271484375,4623.42919921875,4811.8271484375,70452900,0.0407485312526436,0.0399401958525992,0.6715046395803008,5328.461069335937
2020-04-07,4811.8271484375,4975.5361328125,4721.72119140625,4778.63916015625,86224800,-0.0068971696732761,-0.006921065085219,0.6312462493541939,5301.369692382813
2020-04-08,4778.63916015625,4780.21484375,4583.90087890625,4626.69482421875,45557700,-0.0317965702881261,-0.0323130591239307,0.634519005950812,5271.679907226562
2020-04-09,4626.69482421875,4669.7099609375,4562.90185546875,4649.0791015625,53523100,0.0048380708462936,0.0048264049932214,0.635103125897803,5242.400590820313
2020-04-13,4649.0791015625,4659.02978515625,4591.72802734375,4623.89404296875,45586600,-0.0054172144727082,-0.0054319407868432,0.6111944011765446,5213.726547851563
2020-04-14,4623.89404296875,4706.4912109375,4623.89404296875,4706.4912109375,55226400,0.0178631186617155,0.0177054480480628,0.6153396799028573,5189.055415039063
2020-04-15,4706.4912109375,4747.72509765625,4605.05419921875,4625.90478515625,63059600,-0.0171224001425889,-0.0172706835182528,0.5970986398811782,5163.890112304687
2020-04-16,4480.60693359375,4480.60693359375,4480.60693359375,4480.60693359375,0,-0.0314096070521676,-0.0319134675550398,0.5791711385613778,5135.055473632812
2020-04-17,4480.60693359375,4637.2421875,4480.60693359375,4634.82080078125,54547300,0.0344180753797589,0.0338390225878789,0.5802312823739236,5108.181694335937
2020-04-20,4634.82080078125,4669.5419921875,4573.77392578125,4575.90478515625,52113500,-0.0127116059406372,-0.0127930896659111,0.544285263589938,5079.956889648438
2020-04-21,4575.90478515625,4575.90478515625,4482.63916015625,4501.9189453125,42328500,-0.0161685706581465,-0.0163007082498573,0.5459831175316497,5050.003129882813
2020-04-22,4501.9189453125,4580.68017578125,4441.08984375,4567.56201171875,48368900,0.0145811302255005,0.0144758477373105,0.5085334853021442,5022.312709960937
2020-04-23,4567.56201171875,4629.02587890625,4567.56201171875,4593.55419921875,49463700,0.0056906041851896,0.0056744738624498,0.5031494526359779,4995.095854492188
2020-04-24,4593.55419921875,4593.830078125,4496.06396484375,4496.06396484375,46122600,-0.0212232685513061,-0.0214517202251107,0.3863473323995692,4966.755512695312
2020-04-27,4496.06396484375,4541.31201171875,4474.89306640625,4513.14111328125,36774700,0.0037982441021817,0.0037910489865005,0.3486304769561809,4939.579252929688
2020-04-28,4513.14111328125,4532.37890625,4494.47021484375,4529.55419921875,45440500,0.0036367322726071,0.0036301353511162,0.3316002923261296,4912.831440429687
2020-04-29,4529.55419921875,4568.6650390625,4523.955078125,4567.3232421875,41461800,0.0083383576633797,0.0083037856089385,0.3178656674668736,4886.827446289062
2020-04-30,4567.3232421875,4726.77392578125,4567.3232421875,4716.40283203125,60229700,0.0326404727536535,0.032119087692067,0.3306020125049221,4863.416264648437
2020-05-04,4716.40283203125,4716.40283203125,4576.22802734375,4605.48681640625,39084200,-0.0235170784971373,-0.0237980183187432,0.3402718426865935,4836.950180664063
2020-05-05,4605.48681640625,4667.7861328125,4605.48681640625,4630.1328125,47829500,0.0053514421116032,0.0053371740258536,0.3331762201866563,4810.703100585937
2020-05-06,4630.1328125,4647.52490234375,4597.7509765625,4608.7900390625,45079300,-0.0046095380633317,-0.0046201947447734,0.2981622240488015,4785.2338037109375
2020-05-08,4608.7900390625,4630.5888671875,4586.73876953125,4597.43017578125,47798700,-0.0024648255149328,-0.0024678681981595,0.2976367744119532,4761.041411132813
2020-05-11,4597.43017578125,4659.86181640625,4597.43017578125,4639.10498046875,45461000,0.0090648042697936,0.009023965542746,0.2771380366871454,4738.080747070312
2020-05-12,4639.10498046875,4644.134765625,4552.38720703125,4588.73388671875,46906900,-0.0108579335803067,-0.0109173111440598,0.2792291227395572,4716.077006835938
2020-05-13,4588.73388671875,4588.73388671875,4519.97802734375,4554.35888671875,45092300,-0.0074911731315455,-0.0075193728901079,0.2798006628923878,4696.450307617188
2020-05-14,4554.35888671875,4564.14990234375,4494.15380859375,4513.833984375,47342600,-0.0088980476400152,-0.0089378716793907,0.2723673440875901,4677.672905273437
2020-05-15,4513.833984375,4540.4208984375,4460.27294921875,4507.60693359375,46257200,-0.0013795480300794,-0.0013805004825331,0.2663955233699798,4660.600122070313
2020-05-18,4507.60693359375,4527.9677734375,4487.17919921875,4511.05810546875,45156900,0.0007656328348595,0.0007653398875578,0.2405843809927625,4640.448725585938
2020-05-19,4511.05810546875,4609.0419921875,4511.05810546875,4548.65576171875,51665300,0.0083345537501324,0.0083000131446725,0.208336424962601,4618.419116210937
2020-05-20,4548.65576171875,4561.55419921875,4521.47021484375,4545.9521484375,42464800,-0.0005943763219022,-0.0005945530335339,0.203575532082642,4596.5755615234375
2020-05-26,4545.9521484375,4634.65283203125,4541.833984375,4626.798828125,53757500,0.0177843226342115,0.0176280318649411,0.2038931656557653,4579.140737304688
2020-05-27,4626.798828125,4641.55517578125,4597.3720703125,4641.55517578125,60985400,0.0031893212141729,0.0031842461171493,0.1981232596206204,4569.235659179688
2020-05-28,4641.55517578125,4741.60302734375,4638.80810546875,4716.18505859375,68549600,0.0160786374364145,0.0159507452127272,0.2047222416362255,4559.142836914062
2020-05-29,4716.18505859375,4755.95703125,4704.7880859375,4753.61181640625,104791300,0.0079358119640156,0.0079044890144809,0.1871875939408173,4551.1329736328125
2020-06-02,4753.61181640625,4884.01123046875,4753.61181640625,4847.5068359375,73135500,0.0197523531911436,0.0195598068286011,0.1964510114536658,4550.168149414062
2020-06-03,4847.5068359375,4960.07080078125,4847.5068359375,4941.005859375,101631500,0.0192880642775654,0.0191044073989237,0.2040424787526146,4550.836850585937
2020-06-04,4941.005859375,5014.76416015625,4899.39013671875,4916.7041015625,110933800,-0.0049183827148049,-0.0049305177653027,0.2060369358638833,4555.3577880859375
2020-06-05,4916.7041015625,4948.51220703125,4851.14892578125,4947.7822265625,86864800,0.0063209264495138,0.0063010331791812,0.1771358144592874,4565.178452148438
2020-06-08,4947.7822265625,5103.0859375,4947.7822265625,5070.56103515625,138169200,0.0248149176684866,0.0245120281576785,0.1649792686138005,4579.976196289063
2020-06-09,5070.56103515625,5139.40576171875,5023.76708984375,5035.05517578125,115140600,-0.0070023532166999,-0.0070269847451097,0.1702101702703382,4598.568862304687
2020-06-10,5035.05517578125,5036.85595703125,4892.81787109375,4920.68212890625,84234700,-0.022715351248808,-0.0229773195769526,0.1936712309157502,4613.083627929687
2020-06-11,4920.68212890625,4931.2421875,4812.19287109375,4854.75390625,71655200,-0.0133981876758424,-0.0134887532450442,0.2017859376662981,4630.388364257812
2020-06-12,4854.75390625,4880.35888671875,4712.0732421875,4880.35888671875,80885000,0.0052742077071685,0.0052603477857432,0.2006663639183186,4649.242900390625
2020-06-15,4880.35888671875,4918.05615234375,4809.619140625,4816.3359375,64138400,-0.0131184920422512,-0.0132052994832724,0.2028531177676888,4658.79154296875
2020-06-16,4816.3359375,4989.52685546875,4816.3359375,4986.4580078125,75836700,0.0353218862886888,0.0347123796115796,0.2290995827875315,4667.609287109375
2020-06-17,4986.4580078125,5018.98486328125,4968.92578125,4987.77587890625,68366200,0.0002642900214311,0.0002642551029756,0.2241998821853389,4679.0748046875
2020-06-18,4987.77587890625,4993.61376953125,4925.248046875,4925.248046875,70877500,-0.012536215248902,-0.0126154565491297,0.2318516885168132,4686.801162109375
2020-06-19,4925.248046875,4970.06689453125,4925.248046875,4942.27490234375,57556700,0.0034570554227322,0.0034510935430488,0.2314843006062983,4696.32591796875
2020-06-22,4942.27490234375,4957.666015625,4904.76611328125,4918.8310546875,47869800,-0.0047435337207026,-0.004754819982101,0.2333213581637836,4704.068837890625
2020-06-23,4918.8310546875,4938.39404296875,4879.1328125,4879.1328125,54884300,-0.0080706659257322,-0.0081034100468853,0.2367422615885089,4709.18291015625
2020-06-24,4879.1328125,4977.65087890625,4879.1328125,4964.73486328125,62466500,0.0175445215514411,0.017392393201867,0.2365576404371646,4712.241064453125
2020-06-25,4964.73486328125,4964.73486328125,4883.7099609375,4896.72998046875,50705900,-0.0136975860111802,-0.0137922635053427,0.2444262475896023,4714.602880859375
2020-06-26,4896.72998046875,4941.13818359375,4882.14111328125,4904.087890625,44280300,0.001502617090507,0.0015014892910724,0.239346564628901,4720.1507421875
2020-06-29,4904.087890625,4909.90576171875,4862.041015625,4901.81787109375,44174500,-0.0004628831256449,-0.0004629902891096,0.238428352186712,4725.205517578125
2020-06-30,4901.81787109375,4939.83984375,4894.1201171875,4905.39208984375,51279100,0.0007291618832019,0.0007288961738315,0.2287191709784511,4730.835478515625
2020-07-01,4905.39208984375,4928.61181640625,4885.60205078125,4914.38818359375,43243400,0.0018339194064884,0.0018322398294528,0.2181520441601036,4734.99341796875
2020-07-02,4914.38818359375,4966.77978515625,4914.38818359375,4966.77978515625,55396200,0.010660859420386,0.010604433139425,0.2207048623141742,4741.81091796875
2020-07-03,4966.77978515625,4997.48193359375,4964.10791015625,4973.7939453125,55723400,0.0014122148473769,0.0014112186098134,0.2196823285152389,4751.674658203125
2020-07-06,4973.7939453125,5009.34521484375,4973.490234375,4988.8662109375,64282100,0.0030303357538976,0.0030257535412682,0.2006389682983501,4758.75556640625
2020-07-07,4988.8662109375,5011.712890625,4982.333984375,4987.08203125,72834600,-0.0003576322980135,-0.000357696263695,0.1992911379792697,4766.979111328125
2020-07-08,4987.08203125,5080.251953125,4985.01708984375,5076.173828125,73499000,0.0178645140217734,0.0177068189191317,0.1905043911514806,4778.464208984375
2020-07-09,5076.173828125,5111.56396484375,5041.93017578125,5052.7939453125,79794300,-0.0046058081547486,-0.0046164475704358,0.1836929538877616,4788.16884765625
2020-07-10,5052.7939453125,5076.52099609375,5022.169921875,5031.255859375,67684500,-0.004262609196142,-0.0042717200145114,0.1845625761802009,4796.922880859375
2020-07-13,5031.255859375,5075.09814453125,5024.93408203125,5064.44677734375,65331900,0.006596944956974,0.0065752803435698,0.1768207489241784,4808.290537109375
2020-07-14,5064.44677734375,5079.1220703125,5053.72216796875,5079.1220703125,71530500,0.0028977089925006,0.002893518726627,0.1297830591600004,4819.61015625
2020-07-15,5079.1220703125,5116.4638671875,5069.380859375,5075.7978515625,82580500,-0.000654486878634,-0.0006547011486675,0.1298856536412923,4830.535029296875
2020-07-16,5075.7978515625,5107.259765625,5075.7978515625,5098.3740234375,68710400,0.0044478075241018,0.0044379452610345,0.1201338609150037,4841.156044921875
2020-07-17,5098.3740234375,5110.43017578125,5073.55712890625,5079.5849609375,61709100,-0.0036853048469228,-0.0036921123130353,0.1214431750553008,4848.4196875
2020-07-20,5079.5849609375,5100.19189453125,5031.88818359375,5051.10595703125,68632100,-0.0056065611905807,-0.0056223369475692,0.1220609531511027,4857.3320703125
2020-07-21,5051.10595703125,5135.55908203125,5047.0859375,5114.708984375,83156800,0.0125919012360478,0.0125132825324004,0.1228707993810463,4867.02359375
2020-07-22,5114.708984375,5142.0439453125,5099.56689453125,5110.18701171875,79454100,-0.0008841114264885,-0.0008845024835047,0.1096224181650991,4877.051533203125
2020-07-23,5110.22021484375,5162.97998046875,5110.22021484375,5145.009765625,98800000,0.0068143795572244,0.0067912666136858,0.0950604599304906,4888.003125
2020-07-24,5145.01123046875,5149.58984375,5074.4921875,5082.9912109375,97013800,-0.0120541179730814,-0.0121273580108876,0.1082963575775236,4896.880849609375
2020-07-27,5082.9912109375,5116.666015625,5080.12109375,5116.666015625,103523300,0.0066249976224705,0.0066031487716899,0.1092457648418048,4907.4394921875
2020-07-28,5116.666015625,5143.2861328125,5097.4189453125,5112.98876953125,91890400,-0.0007186801097669,-0.0007189384841167,0.1096149175969629,4918.61208984375
2020-07-29,5111.10986328125,5149.6298828125,5091.39990234375,5149.6298828125,80750000,0.0071662808061692,0.0071407250364519,0.1110705748963459,4931.3280078125
2020-07-30,5111.11279296875,5149.626953125,5091.39990234375,5149.626953125,80749900,-5.689122454244355e-07,-5.689124072550684e-07,0.1069030738534312,4944.168408203125
2020-08-03,5149.626953125,5157.27294921875,4928.4677734375,5006.22314453125,83815200,-0.0278474168904073,-0.0282425083337233,0.1510622834165498,4954.071708984375
2020-08-04,5006.22314453125,5075.001953125,5006.22314453125,5075.001953125,73766600,0.0137386621826642,0.0136451423481145,0.1581187326842027,4964.5986328125
2020-08-05,5075.001953125,5127.05078125,5059.0888671875,5127.05078125,84611300,0.0102559227771232,0.0102036876438666,0.1614527031915182,4976.22060546875
2020-08-06,5127.05078125,5187.9638671875,5127.05078125,5178.27197265625,90452400,0.0099903811355974,0.0099408071796967,0.1531807054910559,4987.250068359375
2020-08-07,5178.27197265625,5187.3740234375,5119.68310546875,5143.89306640625,91282400,-0.0066390692554459,-0.006661205907981,0.1543418637077409,4997.296826171875
2020-08-10,5157.833984375,5157.833984375,5157.833984375,5157.833984375,0,0.0027101881374236,0.0027065221996471,0.1532281656111324,5006.1298046875
2020-08-11,5157.93017578125,5201.4501953125,5157.93017578125,5190.169921875,88400000,0.0062692862154845,0.0062497159922887,0.1530821706478157,5014.860966796875
2020-08-12,5190.166015625,5235.52001953125,5178.458984375,5233.4521484375,96807400,0.0083392696605324,0.0083046900640089,0.155056218177396,5022.579873046875
2020-08-13,5233.4521484375,5279.34912109375,5218.4130859375,5239.25,84601700,0.0011078445733436,0.0011072313663945,0.1548579932363256,5028.544755859375
2020-08-14,5239.25,5255.3740234375,5221.919921875,5247.68994140625,70397600,0.0016109064095528,0.0016096102915858,0.1544918388694432,5035.16447265625
2020-08-18,5247.68994140625,5316.1328125,5243.9951171875,5295.173828125,95642400,0.0090485313059531,0.0090078386349516,0.1554668096651997,5042.1123046875
2020-08-19,5295.173828125,5327.31591796875,5268.5068359375,5272.81005859375,92676400,-0.0042234250011711,-0.0042323688518795,0.1546296985178732,5046.15728515625
2020-08-24,5272.81005859375,5294.15380859375,5261.408203125,5277.041015625,138410800,0.0008024102867794,0.0008020885277555,0.1497276722777583,5050.997001953125
2020-08-25,5277.041015625,5341.376953125,5276.95703125,5338.88818359375,146510200,0.0117200468568701,0.0116518990545156,0.1535739380178858,5059.361123046875
2020-08-26,5338.88818359375,5351.47119140625,5324.61279296875,5340.328125,137729200,0.0002697081033977,0.0002696717387056,0.1527242479132551,5069.072607421875
2020-08-27,5340.328125,5371.47216796875,5325.48779296875,5371.47216796875,134549700,0.0058318594363055,0.0058149199712085,0.1439526060898096,5078.894873046875
2020-08-28,5371.47216796875,5381.9482421875,5325.60498046875,5346.6591796875,107955900,-0.004619401814872,-0.0046301042233046,0.1454893749870638,5089.501337890625
2020-08-31,5346.6591796875,5369.44677734375,5233.14306640625,5238.48681640625,124088000,-0.0202317670990153,-0.0204392323271658,0.1661122328424923,5094.5419140625
2020-09-01,5238.48681640625,5310.67919921875,5219.2080078125,5310.67919921875,90465800,0.0137811519514381,0.0136870553972338,0.1707708663178328,5100.99998046875
2020-09-02,5310.67919921875,5337.09912109375,5295.27685546875,5311.97021484375,121613800,0.0002430980250491,0.0002430684815121,0.170743907553723,5108.734423828125
2020-09-03,5311.97021484375,5331.16796875,5242.171875,5280.81298828125,136923000,-0.0058654746360276,-0.0058827440945389,0.1333462648386942,5115.505185546875
2020-09-04,5280.81298828125,5280.81298828125,5188.60888671875,5239.85107421875,95095800,-0.0077567439243539,-0.0077869839400476,0.1316407042434171,5121.9255859375
2020-09-07,5235.009765625,5245.34912109375,5195.865234375,5230.19580078125,80111600,-0.0018426618048376,-0.0018443615945137,0.1280938637909365,5128.946845703125
2020-09-08,5232.91796875,5256.30517578125,5232.91796875,5244.07177734375,103353200,0.0026530510694124,0.0026495379417236,0.1238864353703467,5134.533583984375
2020-09-09,5214.0322265625,5216.02001953125,5135.81201171875,5149.3759765625,101220300,-0.0180576858597492,-0.0182227155911565,0.1388113173189697,5139.58650390625
2020-09-10,5084.326171875,5084.48388671875,4878.27978515625,4891.4609375,82384700,-0.0500866590896462,-0.0513845186427208,0.2287513680837399,5139.33396484375
2020-09-11,4804.64404296875,5016.7119140625,4754.798828125,5016.7119140625,125812400,0.0256060465703147,0.0252837028087718,0.2477623963418183,5141.631845703125
2020-09-14,5060.02392578125,5161.828125,5059.26708984375,5161.828125,109865600,0.0289265585553597,0.0285160826385169,0.2681360478941271,5146.76056640625
2020-09-15,5169.2451171875,5187.27880859375,5091.2939453125,5100.865234375,113645500,-0.0118103294314938,-0.0118806253993477,0.2709308412648012,5150.490107421875
2020-09-16,5108.1279296875,5117.287109375,5051.75390625,5058.48193359375,88769100,-0.0083090414731262,-0.0083437539770524,0.2717966923460101,5152.324150390625
2020-09-17,5058.9501953125,5099.5771484375,5013.18603515625,5038.40087890625,85305000,-0.0039697788686642,-0.003977679356522,0.2688174609056526,5153.6162890625
2020-09-18,5037.369140625,5072.68017578125,5023.44384765625,5059.22314453125,105751600,0.0041327131614663,0.0041241969577175,0.2697321890989625,5155.023427734375
2020-09-21,5058.990234375,5075.81884765625,4987.748046875,4999.35986328125,106452100,-0.0118325046237007,-0.0119030658697141,0.2717024806952183,5155.268984375
2020-09-22,4947.73095703125,4978.44091796875,4919.10986328125,4934.0927734375,74792200,-0.0130550893771653,-0.0131410560781677,0.268564251839604,5152.42736328125
2020-09-23,4946.5029296875,4984.23876953125,4873.02099609375,4917.955078125,70609200,-0.0032706509693892,-0.0032760112391765,0.2681212379753147,5149.7305859375
2020-09-24,4876.35107421875,4897.3369140625,4820.3310546875,4842.755859375,65673400,-0.0152907494182866,-0.0154088584577782,0.2682751691457558,5145.9605859375
2020-09-25,4867.962890625,4949.30322265625,4848.02490234375,4945.791015625,88843900,0.0212761409498964,0.0210529638778401,0.2840035652516869,5143.587470703125
2020-09-28,4962.953125,4991.76220703125,4905.51123046875,4906.5478515625,83772300,-0.0079346587711695,-0.0079663056922528,0.2777498827941047,5140.135986328125
2020-09-29,4929.3330078125,4950.9677734375,4859.7861328125,4879.09814453125,86481700,-0.005594505110657,-0.0056102129668896,0.2704725209232688,5136.2019921875
2020-09-30,4896.43212890625,4903.86376953125,4841.36181640625,4870.0390625,85378000,-0.0018567124011235,-0.0018584382281675,0.2701133724594526,5131.63529296875
2020-10-01,4899.64404296875,4970.09423828125,4898.9970703125,4970.09423828125,96362100,0.0205450458399172,0.0203368432440126,0.2838176151218292,5129.445478515625
2020-10-02,4969.2451171875,4972.8232421875,4881.9130859375,4926.73388671875,88815300,-0.0087242513891436,-0.008762530470466,0.2840554103801665,5126.958037109375
2020-10-05,4947.0400390625,4962.79296875,4915.68505859375,4958.76904296875,70868100,0.0065023110617683,0.0064812622319516,0.2860663068689615,5123.83923828125
2020-10-06,5004.39599609375,5023.89404296875,4992.48193359375,4999.22119140625,108547800,0.0081576996401675,0.0081246054681778,0.2880684264928916,5121.619921875
2020-10-07,4976.56787109375,5014.60986328125,4962.08984375,5004.3271484375,92870700,0.0010213504935583,0.001020829270014,0.2820776715149879,5118.80626953125
2020-10-08,5018.73681640625,5039.14208984375,5001.51904296875,5039.14208984375,80288700,0.0069569675150276,0.0069328794718177,0.2124625633389553,5117.929287109375
2020-10-09,5036.47607421875,5057.8359375,5029.15185546875,5053.6630859375,69016600,0.002881640532228,0.0028774965651897,0.1931903107063683,5116.669228515625
2020-10-12,5078.12890625,5103.5029296875,5078.12890625,5093.09912109375,91642100,0.0078034555303034,0.0077731660442568,0.1650917438300556,5116.271435546875
2020-10-13,5093.421875,5132.958984375,5064.1708984375,5132.57177734375,110621000,0.0077502234516737,0.0077203447483546,0.1620722711046279,5115.9302734375
2020-10-14,5134.662109375,5177.9248046875,5125.044921875,5176.09912109375,119876700,0.0084806108201231,0.008444852466403,0.1611366979354768,5116.459716796875
2020-10-15,5172.5908203125,5182.53076171875,5105.14990234375,5105.14990234375,110523700,-0.0137070827065243,-0.0138018921353953,0.1688703903450856,5118.438251953125
2020-10-16,5111.43408203125,5115.55810546875,5067.5888671875,5103.4140625,92480400,-0.0003400174092739,-0.0003400752282999,0.1683979220985804,5119.006494140625
2020-10-19,5116.7578125,5128.65185546875,5090.77685546875,5126.330078125,111112200,0.0044903304619916,0.0044802790065014,0.1624128957361539,5118.992080078125
2020-10-20,5120.9130859375,5135.078125,5080.9560546875,5099.83984375,88592600,-0.005167485115334,-0.0051808827411609,0.1553601088785886,5117.4234375
2020-10-21,5116.7900390625,5131.5068359375,5083.66015625,5096.44580078125,104786700,-0.0006655195207569,-0.0006657410771787,0.1545360568909202,5116.4744921875
2020-10-22,5084.7900390625,5093.8251953125,5063.69677734375,5091.81591796875,122922500,-0.0009084532620341,-0.0009088661557808,0.1411318283416144,5115.154130859375
2020-10-23,5112.787109375,5121.02001953125,5095.5068359375,5112.18798828125,95498300,0.0040009439934007,0.0039929615015663,0.1232591195549965,5113.5944921875
2020-10-26,5113.14892578125,5158.26513671875,5113.02294921875,5144.048828125,103314100,0.0062323294676926,0.0062129888189955,0.118774743497595,5111.80642578125
2020-10-27,5133.537109375,5155.56591796875,5110.6181640625,5128.22509765625,107122400,-0.0030761236911738,-0.0030808646847403,0.1168463063330775,5109.585927734375
2020-11-02,5108.02880859375,5130.68603515625,5073.5,5115.1279296875,97646200,-0.0025539378087626,-0.0025572046713562,0.1172169449433421,5106.9346875
2020-11-03,5133.98193359375,5162.34716796875,5131.94921875,5159.4521484375,101351100,0.008665319686874,0.0086279912908911,0.0995654259257713,5104.22025390625
2020-11-04,5170.8232421875,5188.0087890625,5105.19921875,5105.19921875,103974300,-0.0105152500937391,-0.0105709259771688,0.1022961525861203,5100.868037109375
2020-11-05,5161.39013671875,5260.326171875,5161.39013671875,5260.326171875,108832000,0.0303860724093314,0.0299335595931104,0.142547620085698,5100.533740234375
2020-11-06,5276.1640625,5335.52880859375,5246.701171875,5335.52880859375,104732100,0.0142961927191569,0.0141949657884666,0.1470274675542311,5100.466552734375
2020-11-09,5371.97119140625,5395.7119140625,5319.419921875,5356.0048828125,121516500,0.003837684127161,0.0038303390036095,0.1467992058540632,5100.780087890625
2020-11-10,5424.73193359375,5469.18310546875,5412.59423828125,5462.73876953125,149596500,0.0199278919743446,0.0197319306544316,0.1575276967325558,5102.605419921875
2020-11-11,5475.56494140625,5520.908203125,5471.591796875,5509.51318359375,165238700,0.0085624475260261,0.0085259976909526,0.1582512054385889,5105.8625
2020-11-12,5494.48486328125,5500.416015625,5449.796875,5458.60205078125,119777900,-0.0092405864394885,-0.0092835455078172,0.1647602807526542,5110.2648046875
2020-11-13,5449.10107421875,5466.56396484375,5427.6318359375,5461.05810546875,113428800,0.0004499420666044,0.0004498408730258,0.164290487980609,5113.2723828125
2020-11-16,5500.0341796875,5519.67919921875,5462.4599609375,5494.8720703125,119907500,0.006191833924984,0.0061727432848275,0.163506517841046,5116.930419921875
2020-11-17,5516.580078125,5562.537109375,5515.51904296875,5529.93994140625,146811400,0.0063819267573512,0.0063616484933185,0.151250554483594,5121.912958984375
2020-11-18,5530.8759765625,5574.72802734375,5530.8759765625,5557.51806640625,140753000,0.0049870568744345,0.0049746626962015,0.1504037344753399,5128.266298828125
2020-11-19,5541.421875,5598.52392578125,5541.31396484375,5594.05908203125,166665200,0.0065750601596565,0.006553538736531,0.1506235126214697,5135.543564453125
2020-11-20,5602.783203125,5628.44189453125,5563.65478515625,5571.65576171875,215797300,-0.0040048415620889,-0.0040128824154669,0.1496958606001285,5142.095244140625
2020-11-23,5583.330078125,5652.76416015625,5583.330078125,5652.76416015625,189943100,0.01455732405343,0.0144523834221757,0.152471260287261,5152.1630078125
2020-11-24,5677.2998046875,5710.380859375,5667.3681640625,5701.02880859375,240469400,0.0085382384741425,0.0085019938798858,0.1511402747587479,5168.354365234375
2020-11-25,5735.13623046875,5770.6611328125,5666.76416015625,5679.2470703125,325423300,-0.0038206679903838,-0.0038279853865039,0.1547836747193945,5181.605068359375
2020-11-26,5669.6640625,5759.916015625,5669.6640625,5759.916015625,248292500,0.0142041619802359,0.0141042280779496,0.1579309534654697,5193.566826171875
2020-11-27,5773.55517578125,5795.8359375,5745.884765625,5783.3349609375,251434900,0.0040658483993465,0.0040576051739922,0.1546939573182043,5207.216220703125
2020-11-30,5779.6708984375,5798.2919921875,5563.86181640625,5612.4150390625,319900500,-0.0295538686639192,-0.0299993840072752,0.199138427271115,5218.2948828125
2020-12-01,5637.89404296875,5736.31884765625,5594.27783203125,5724.7421875,209477700,0.0200140487928461,0.0198164005276481,0.2059545789850258,5232.021708984375
2020-12-02,5755.17578125,5813.98681640625,5734.26123046875,5813.98681640625,219110200,0.0155892834966639,0.0154690188989218,0.200171294165462,5247.116982421875
2020-12-03,5833.3232421875,5853.15576171875,5797.01318359375,5822.94189453125,238397400,0.0015402646080535,0.0015390796171657,0.1804919375183817,5263.588623046875
2020-12-04,5820.81982421875,5823.32421875,5775.56982421875,5810.48291015625,173857900,-0.0021396374205109,-0.0021419297150263,0.1788587103925923,5281.11642578125
2020-12-07,5854.30322265625,5941.35205078125,5854.30322265625,5930.7587890625,226790300,0.0206998077037654,0.0204884780308694,0.1878705065642895,5301.3725
2020-12-08,5947.658203125,5961.77880859375,5911.09814453125,5944.4091796875,294205100,0.002301626336612,0.0022989816519884,0.179879856104073,5323.40556640625
2020-12-10,5976.9990234375,6004.4228515625,5911.9140625,5933.6982421875,264587600,-0.00180185064255,-0.0018034759280602,0.1803404668226118,5343.1637109375
2020-12-11,5946.35888671875,5976.56884765625,5924.37109375,5938.3291015625,217654500,0.000780433919284,0.0007801295390883,0.174156559049372,5363.7993359375
2020-12-14,5959.27490234375,6013.951171875,5959.27490234375,6012.51611328125,226876100,0.0124929101183075,0.0124155176217517,0.1758990943258432,5386.4676953125
2020-12-15,6013.51123046875,6023.21484375,5965.80517578125,6010.1279296875,194411200,-0.0003972020280286,-0.0003972809336491,0.1767678782549964,5409.26947265625
2020-12-16,6046.8662109375,6123.953125,6046.8662109375,6118.40185546875,291042900,0.0180152447748112,0.0178548932370396,0.182987627793073,5432.235625
2020-12-17,6133.09619140625,6160.97705078125,6075.83203125,6113.3818359375,321737000,-0.000820478884819,-0.0008208156618441,0.1841744011503229,5455.968583984375
2020-12-18,6106.2509765625,6142.85791015625,6091.39794921875,6104.32421875,257981400,-0.0014816050151251,-0.0014827036771584,0.1853455436798312,5478.8796875
2020-12-21,6131.623046875,6195.15380859375,6119.91796875,6165.6240234375,238612700,0.0100420296319143,0.0099919434842954,0.1836084527093473,5502.207744140625
2020-12-22,6146.64599609375,6174.458984375,6010.2109375,6023.2890625,250085200,-0.0230852482078763,-0.0233558858208917,0.2056901555454929,5522.586982421875
2020-12-23,6061.84814453125,6104.35498046875,5853.26123046875,6008.708984375,203528500,-0.0024206173692996,-0.0024235517999028,0.2055929694636644,5541.9783203125
2020-12-28,6067.0,6095.0078125,5979.90478515625,6093.55419921875,180855700,0.0141203734553263,0.0140216096177442,0.2079087478385715,5562.776142578125
2020-12-29,6112.72021484375,6143.8701171875,6026.705078125,6036.173828125,175135000,-0.0094165685932696,-0.0094611847838172,0.2088237338456107,5581.63763671875
2020-12-30,6052.12109375,6055.97021484375,5962.009765625,5979.0732421875,170039300,-0.0094597318704515,-0.0095047593240631,0.2128565145309262,5598.567666015625
2021-01-04,5997.830078125,6104.89794921875,5929.0478515625,6104.89794921875,183917000,0.0210441822561142,0.0208258117586118,0.1875290408468854,5617.143642578125
2021-01-05,6105.7939453125,6145.61279296875,6073.416015625,6137.3427734375,174687000,0.0053145563592758,0.0053004839417127,0.1783566068918495,5637.7875
2021-01-06,6139.13720703125,6166.62890625,5987.78515625,6065.68212890625,199163800,-0.0116761678753545,-0.0117448696292378,0.1802434423129909,5657.032861328125
2021-01-07,6091.716796875,6158.037109375,6090.36083984375,6153.6328125,227517900,0.0144997185353017,0.0143956028419016,0.1853984169500698,5677.578916015625
2021-01-08,6190.9482421875,6275.7421875,6190.10107421875,6257.8349609375,221751300,0.0169334361689297,0.0167916637630744,0.1908574504690344,5700.738818359375
2021-01-11,6278.4130859375,6382.93701171875,6278.3740234375,6382.93701171875,297901100,0.0199912671973867,0.0197940656883397,0.1900619693642027,5726.468642578125
2021-01-12,6393.90283203125,6435.9599609375,6353.30712890625,6395.6689453125,279603400,0.0019946826312675,0.0019926958933701,0.1900944612088452,5752.545703125
2021-01-13,6439.93408203125,6464.35009765625,6393.89892578125,6435.205078125,343008100,0.006181704079833,0.0061626757253415,0.1891594864764877,5779.006044921875
2021-01-14,6445.90087890625,6465.5322265625,6407.56982421875,6428.31494140625,344812000,-0.001070694194684,-0.0010712677971851,0.1896982336223933,5804.6913671875
2021-01-15,6447.98486328125,6472.31201171875,6341.2509765625,6373.412109375,262275900,-0.0085407812983163,-0.0085774627792458,0.191916827225125,5829.595107421875
2021-01-18,6365.02587890625,6428.31494140625,6316.875,6389.833984375,337569400,0.0025766221794827,0.0025733083796077,0.1915261996100014,5855.089228515625
2021-01-19,6421.86083984375,6434.8427734375,6288.97802734375,6321.85595703125,223716900,-0.0106384653357154,-0.0106954583808187,0.1890779917256937,5878.3373046875
2021-01-20,6334.51220703125,6440.796875,6299.39208984375,6429.7578125,190944100,0.0170680661188966,0.0169240431639865,0.1963714045782139,5904.8284765625
2021-01-21,6476.09423828125,6504.9921875,6399.666015625,6413.89208984375,171080400,-0.0024675459199109,-0.0024705953287481,0.1966697510480763,5927.899794921875
2021-01-22,6419.5732421875,6428.4970703125,6283.31298828125,6307.126953125,157918500,-0.0166459203278163,-0.016786020567228,0.2058479838283272,5947.3317578125
2021-01-25,6322.51904296875,6322.72705078125,6148.30712890625,6258.57177734375,154806200,-0.0076984617785744,-0.0077282479055033,0.1878782856146797,5965.383095703125
2021-01-26,6252.7138671875,6269.6650390625,6123.0087890625,6140.1708984375,172159800,-0.0189181946166799,-0.0190994331041921,0.2017961560467948,5978.93173828125
2021-01-27,6153.078125,6154.60498046875,5998.89892578125,6109.16796875,181402600,-0.0050491965452279,-0.0050619868099756,0.1968761363786327,5990.924833984375
2021-01-28,6065.7880859375,6123.4609375,5957.5517578125,5979.38720703125,157336200,-0.0212436067206881,-0.0214724996123157,0.2088858262853877,6001.340537109375
2021-01-29,6010.3427734375,6068.1279296875,5825.2919921875,5862.35205078125,147664800,-0.0195731020918625,-0.019767192057715,0.2177591816245506,6009.366416015625
2021-02-01,5856.77685546875,6070.73486328125,5735.46923828125,6067.544921875,208886800,0.0350017995023694,0.0344031653654532,0.2399945559850614,6020.819873046875
2021-02-02,6119.01123046875,6157.2490234375,6018.09423828125,6043.8408203125,227307800,-0.0039067039251807,-0.0039143550265196,0.2393672015194486,6031.097890625
2021-02-03,6096.583984375,6137.68115234375,6047.412109375,6077.7451171875,153874400,0.00560972697379,0.0055940510531953,0.2367189092408793,6041.502431640625
2021-02-04,6111.7578125,6179.3681640625,6069.5498046875,6107.2158203125,148241900,0.0048489534451945,0.0048372351361934,0.2314351198232579,6051.76556640625
2021-02-05,6136.39306640625,6151.72900390625,6090.98095703125,6151.72900390625,134669100,0.0072886213461951,0.0072621877110897,0.2244239410607391,6063.36703125
2021-02-08,6193.55078125,6224.4140625,6180.73193359375,6208.8662109375,161586900,0.0092879915540766,0.0092451233954807,0.2144530352901757,6074.489072265625
2021-02-09,6232.10205078125,6286.291015625,6157.134765625,6181.671875,175273400,-0.0043799197814239,-0.0043895397300819,0.2143173529901719,6084.10193359375
2021-02-10,6198.0322265625,6216.93896484375,6168.01318359375,6201.828125,122608700,0.0032606470235854,0.0032553426414301,0.2131476713915922,6094.5535546875
2021-02-11,6221.6337890625,6232.85009765625,6194.009765625,6222.52099609375,104014000,0.003336576034788,0.0033310220158122,0.2139315422570816,6103.805654296875
2021-02-15,6244.384765625,6283.4150390625,6244.384765625,6270.32421875,123956100,0.0076822919016679,0.0076529333619509,0.2146937599829861,6113.545439453125
2021-02-16,6291.0078125,6308.81103515625,6274.35302734375,6292.39599609375,144173700,0.0035200376525585,0.0035138568202823,0.2149164987384414,6127.14505859375
2021-02-17,6292.97021484375,6314.55517578125,6209.31494140625,6227.72802734375,169907100,-0.0102771613214021,-0.0103303359805878,0.2146966076699482,6137.204775390625
2021-02-18,6230.35693359375,6281.35791015625,6200.30810546875,6200.30810546875,167455200,-0.0044028772217747,-0.0044125984303757,0.2045179154756429,6144.931201171875
2021-02-19,6196.89892578125,6231.93212890625,6173.59423828125,6231.93212890625,133625600,0.0051003954802837,0.0050874325220482,0.205952128256517,6153.111005859375
2021-02-22,6267.02490234375,6312.873046875,6255.31201171875,6255.31201171875,145005700,0.0037516266751453,0.0037446068754244,0.198416840488583,6162.007587890625
2021-02-23,6267.4541015625,6279.14306640625,6241.951171875,6272.80712890625,126272800,0.0027968416530981,0.0027929377688186,0.1967797084404783,6168.8485546875
2021-02-24,6283.794921875,6294.14013671875,6223.64892578125,6251.05419921875,152221800,-0.0034678142082925,-0.0034738410132446,0.1839430924197454,6174.981455078125
2021-02-25,6280.72705078125,6309.7578125,6274.4970703125,6289.64599609375,237490100,0.0061736461795232,0.0061546672984909,0.1834337064101914,6182.10041015625
2021-02-26,6246.31689453125,6302.39404296875,6184.51708984375,6241.7958984375,219493200,-0.0076077568890153,-0.0076368434878794,0.1662679329716997,6188.16974609375
2021-03-01,6281.85693359375,6339.0087890625,6261.55908203125,6338.51318359375,173079500,0.0154951053719107,0.015376282107347,0.150921736393419,6194.6896875
2021-03-02,6367.43896484375,6388.12109375,6329.498046875,6359.205078125,180676700,0.0032644713250431,0.0032591545064527,0.0990092385914392,6201.67123046875
2021-03-03,6378.7978515625,6394.4521484375,6334.244140625,6376.7568359375,242358700,0.0027600553208884,0.0027562533623384,0.0962054228742761,6206.838330078125
2021-03-04,6355.3759765625,6369.4111328125,6270.10791015625,6290.798828125,238207200,-0.0134798942509563,-0.0135715728360813,0.1113676434425378,6210.386669921875
2021-03-05,6263.0439453125,6307.68310546875,6245.30810546875,6258.7490234375,153557700,-0.0050947114290496,-0.005107733720028,0.1132576770755226,6213.475166015625
2021-03-08,6304.0,6325.51513671875,6239.0498046875,6248.46484375,155718400,-0.001643168570746,-0.0016445200529002,0.1113579982457492,6215.131982421875
2021-03-09,6258.669921875,6267.423828125,6167.7177734375,6199.64697265625,188106700,-0.0078127783886917,-0.0078434580417939,0.1106476142022142,6218.659140625
2021-03-10,6233.6162109375,6276.158203125,6225.455078125,6264.67919921875,121957600,0.0104896660808795,0.0104350312688014,0.1153908096779156,6223.778544921875
2021-03-12,6316.880859375,6364.35693359375,6298.52294921875,6358.208984375,186241800,0.0149297006569648,0.014819349658648,0.1256741279224427,6229.071640625
2021-03-15,6374.76220703125,6387.73583984375,6324.2587890625,6324.2587890625,137895500,-0.0053395846842925,-0.0053538912166124,0.1275297249788931,6234.83333984375
2021-03-16,6347.18896484375,6355.4111328125,6296.89697265625,6309.69921875,155061500,-0.0023021781363027,-0.0023048322226238,0.1253233108809414,6241.445859375
2021-03-17,6318.06884765625,6321.3369140625,6268.8388671875,6277.22802734375,138044900,-0.0051462344369376,-0.005159521907942,0.1261640521881535,6244.8924609375
2021-03-18,6309.5751953125,6358.42578125,6307.0,6347.8291015625,149718200,0.0112471737383459,0.011184394566729,0.1261862894865832,6249.1021875
2021-03-19,6346.0087890625,6356.16015625,6307.10107421875,6356.16015625,162089200,0.0013124258000973,0.0013115653221503,0.1245825054532184,6254.911748046875
2021-03-22,6346.794921875,6354.93896484375,6290.02197265625,6301.130859375,128638500,-0.0086576322059616,-0.0086953272277881,0.1284841413599741,6257.861708984375
2021-03-23,6331.6982421875,6342.1298828125,6245.9912109375,6252.7119140625,173805000,-0.007684167555489,-0.0077138428889022,0.1311188461120589,6257.759248046875
2021-03-24,6231.712890625,6239.546875,6143.380859375,6156.14013671875,138290000,-0.0154447827872187,-0.0155652959213747,0.1416631429865035,6253.223310546875
2021-03-25,6159.619140625,6176.4267578125,6058.8427734375,6122.8759765625,147353000,-0.0054034117836018,-0.0054180630146434,0.1422913175915431,6247.767451171875
2021-03-26,6141.60595703125,6195.56201171875,6106.078125,6195.56201171875,124284100,0.0118712244759622,0.0118013142269519,0.1473960788984547,6242.97458984375
2021-03-29,6205.56884765625,6230.990234375,6165.55322265625,6166.81787109375,114609800,-0.0046394726694093,-0.004650268426757,0.1459201138181398,6237.7446484375
2021-03-30,6163.72119140625,6170.6689453125,6046.4677734375,6071.44189453125,118686600,-0.0154659953571134,-0.0155868414863599,0.14229222686628,6231.705244140625
2021-03-31,6062.9501953125,6066.8369140625,5892.64501953125,5985.52197265625,123071400,-0.0141514854901915,-0.0142525725825708,0.1469599087152205,6223.61900390625
2021-04-01,5988.02294921875,6020.1640625,5960.81689453125,6011.4560546875,106367400,0.0043328020763644,0.0043234425151264,0.1478804335060307,6217.411005859375
2021-04-05,6040.05517578125,6051.62109375,5964.48388671875,5970.2861328125,122053600,-0.0068485773663599,-0.0068721364983037,0.1433405102939053,6208.221572265625
2021-04-06,5973.98681640625,6008.5048828125,5944.4208984375,6002.77001953125,126386100,0.0054409262799348,0.0054261779128758,0.14576697232862,6199.999130859375
2021-04-07,6011.9580078125,6040.4560546875,5982.06689453125,6036.6162109375,141523800,0.0056384288080544,0.0056225923688791,0.1483202972302838,6194.588916015625
2021-04-08,6035.037109375,6073.9140625,6030.2861328125,6071.72412109375,169546400,0.0058158261067913,0.005798979476628,0.1487604193306709,6190.851962890625
2021-04-09,6101.72314453125,6113.15576171875,6070.208984375,6070.208984375,161275600,-0.0002495397828577,-0.00024957092309,0.1425310254729097,6189.452724609375
2021-04-12,6080.7919921875,6088.828125,5942.7138671875,5948.56884765625,130244200,-0.0200388713192342,-0.0202423727156444,0.1433711329567729,6186.2407421875
2021-04-13,5944.52587890625,5957.61181640625,5883.52392578125,5927.43505859375,107375400,-0.003552751864144,-0.0035590778746562,0.1431764801110305,6185.20169921875
2021-04-14,5964.02978515625,6050.27587890625,5962.31689453125,6050.27587890625,141883200,0.0207241106985056,0.0205122878770481,0.1662088471961999,6188.96017578125
2021-04-15,6057.61083984375,6079.5009765625,6029.15380859375,6079.5009765625,132167700,0.0048303743897266,0.0048187455640402,0.1675406984253483,6189.199296875
2021-04-16,6102.3779296875,6115.6201171875,6062.921875,6086.2578125,158024500,0.0011114129208218,0.0011107957587205,0.1610348857887709,6190.04763671875
2021-04-19,6084.78515625,6096.9951171875,6031.83203125,6052.5400390625,159845500,-0.0055399844167379,-0.0055553870436226,0.1609479126913876,6189.54353515625
2021-04-20,6029.9921875,6045.69384765625,5997.9482421875,6038.32177734375,106712400,-0.0023491396383975,-0.0023519031957543,0.1592479353761421,6188.165654296875
2021-04-21,6010.26806640625,6025.5,5989.98388671875,5993.2421875,117327800,-0.0074655825750943,-0.0074935895158402,0.1591473951457364,6184.99591796875
2021-04-22,6004.7939453125,6024.93798828125,5980.455078125,5994.18408203125,139778300,0.0001571594308693,0.0001571470826197,0.1511116092185426,6180.702275390625
2021-04-23,6000.912109375,6027.05908203125,5973.2470703125,6016.86376953125,151530300,0.0037836154495132,0.0037764755805901,0.1513393033470362,6177.40611328125
2021-04-26,6018.33984375,6027.7529296875,5955.6181640625,5964.82080078125,122797700,-0.0086495175465896,-0.0086871417346382,0.1459600584668353,6172.665966796875
2021-04-27,5986.99609375,6003.91796875,5950.8681640625,5959.62109375,122928600,-0.0008717289596644,-0.0008721091363107,0.1456308144463518,6167.40796875
2021-04-28,5959.951171875,5981.89599609375,5953.94287109375,5974.47900390625,127681000,0.0024930964439722,0.0024899938346989,0.1366417841259876,6161.491064453125
2021-04-29,6005.798828125,6019.02490234375,5987.7431640625,6012.9609375,130962400,0.0064410526120501,0.0064203976782413,0.1291568420836966,6155.90236328125
2021-04-30,6026.52783203125,6033.89990234375,5985.02197265625,5995.6162109375,136841700,-0.0028845566673033,-0.0028887250187138,0.1286604315378436,6151.260126953125
2021-05-03,5999.6611328125,6004.0078125,5938.8759765625,5952.59716796875,152015700,-0.0071750828364017,-0.0072009475384362,0.1288939798977378,6146.305908203125
2021-05-04,5955.39501953125,5974.68212890625,5932.31787109375,5963.81982421875,141538100,0.0018853377665786,0.0018835627479878,0.1274673919950431,6140.943662109375
2021-05-05,5974.56005859375,5992.93212890625,5971.30908203125,5975.9111328125,131241100,0.0020274436435265,0.0020253911533999,0.125870604295557,6135.35564453125
2021-05-06,5987.06591796875,6005.087890625,5950.89990234375,5970.240234375,120448300,-0.0009489596333456,-0.0009494101805951,0.1236474210224334,6129.304306640625
2021-05-07,5987.330078125,5994.330078125,5922.4931640625,5928.30908203125,121835200,-0.0070233609867693,-0.0070481408801316,0.1255551083678765,6122.849404296875
2021-05-10,5942.10595703125,5985.3720703125,5941.9267578125,5975.787109375,120144700,0.00800869635621,0.0079767969494715,0.1073806654964399,6116.5722265625
2021-05-11,5965.85205078125,5966.6640625,5911.3759765625,5938.35107421875,120811100,-0.0062646199523271,-0.0062843250235293,0.1090778464714055,6110.503330078125
2021-05-17,5950.13720703125,5958.79296875,5817.70703125,5833.85986328125,150604900,-0.017595997547391,-0.0177526474397724,0.0980805776814671,6100.410263671875
2021-05-18,5836.083984375,5855.6669921875,5782.77685546875,5834.39404296875,160329900,9.156539581312018e-05,9.156120395814893e-05,0.0952299417229038,6089.91404296875
2021-05-19,5817.13623046875,5828.2109375,5752.2568359375,5760.583984375,138298600,-0.0126508525221571,-0.0127315559239242,0.1015856309851146,6077.5905859375
2021-05-20,5759.6298828125,5814.77978515625,5751.3408203125,5797.59716796875,114025600,0.006425248498094,0.00640469458465,0.1059805379826669,6067.726552734375
2021-05-21,5824.10986328125,5838.22900390625,5742.0380859375,5773.1201171875,133703000,-0.0042219302362854,-0.0042308677483174,0.1062371694613859,6058.013974609375
2021-05-24,5793.06689453125,5805.15283203125,5759.33984375,5763.6318359375,141371900,-0.0016435274266599,-0.00164487949951,0.1044182109665649,6048.317314453125
2021-05-25,5772.93701171875,5848.55419921875,5769.287109375,5815.83984375,144613700,0.0090581788182533,0.0090173995885442,0.1113028178486532,6040.641171875
2021-05-27,5850.501953125,5904.837890625,5841.828125,5841.828125,211859200,0.0044685345450026,0.0044585802874589,0.1117579335342095,6032.184150390625
2021-05-28,5875.27099609375,5891.47216796875,5833.3427734375,5848.6162109375,181542500,0.0011619797420006,0.001161305166052,0.1087570886061951,6021.992294921875
2021-05-31,5869.2177734375,5947.462890625,5860.5361328125,5947.462890625,169049900,0.016900866140378,0.0167596355604647,0.1256875582877273,6014.456376953125
2021-06-02,6002.48095703125,6031.578125,5991.5068359375,6031.578125,178537100,0.0141430448448178,0.0140439650862577,0.1351807260084089,6008.893955078125
2021-06-03,6038.85693359375,6091.51318359375,6005.63623046875,6091.51318359375,181262300,0.0099368784340747,0.0098878323002482,0.137739293316145,6005.179658203125
2021-06-04,6091.1298828125,6103.85888671875,6043.85693359375,6065.166015625,158659400,-0.004325225469381,-0.0043346063163525,0.1383262022158908,5999.526396484375
2021-06-07,6075.5068359375,6088.0,6050.80078125,6069.93505859375,200000700,0.000786300483196,0.0007859915109238,0.1352409338445369,5993.80189453125
2021-06-08,6071.25,6075.88623046875,5992.1181640625,5999.369140625,265159600,-0.0116254815393525,-0.011693585794253,0.1424286695859188,5987.76666015625
2021-06-09,5973.0361328125,6047.47509765625,5972.44921875,6047.47509765625,239289300,0.0080185025964643,0.0079865252311727,0.1449377411884722,5983.661923828125
2021-06-10,6065.92578125,6111.44580078125,6064.93310546875,6107.5380859375,215823100,0.0099319116344154,0.0098829143573761,0.1484640990847722,5982.6898828125
2021-06-11,6118.3798828125,6134.8818359375,6084.23876953125,6095.4970703125,196526600,-0.0019715007021772,-0.0019734466677555,0.1458227263765902,5982.1423046875
2021-06-14,6110.796875,6124.8720703125,6071.72509765625,6080.3837890625,196186700,-0.0024794173593499,-0.0024824962047856,0.1442752234847124,5979.838740234375
2021-06-15,6085.36083984375,6091.3671875,6051.2451171875,6089.0380859375,163564500,0.0014233142471313,0.0014223022955113,0.1417801956729387,5978.28314453125
2021-06-16,6071.43896484375,6114.09619140625,6049.5751953125,6078.56787109375,152950200,-0.0017195186983525,-0.0017209987675439,0.1235219575439194,5978.4256640625
2021-06-17,6063.537109375,6082.2919921875,6034.8271484375,6068.44677734375,205095900,-0.0016650457747013,-0.0016664335040531,0.1240489962210753,5980.08416015625
2021-06-18,6065.51904296875,6070.416015625,5944.05322265625,6007.1201171875,238006900,-0.0101058248356415,-0.0101572353404233,0.1202828242273405,5979.99744140625
2021-06-21,5959.96484375,6021.494140625,5884.91796875,5996.2529296875,159997500,-0.0018090511406467,-0.0018106894498163,0.1199135116989182,5980.51677734375
2021-06-22,6006.6650390625,6118.86181640625,6006.6650390625,6087.841796875,151167900,0.0152743502086183,0.0151588717424674,0.1267826477935807,5982.218212890625
2021-06-23,6095.89501953125,6130.09619140625,6034.54296875,6034.54296875,199578400,-0.0087549627443274,-0.0087935125972665,0.1324119678414747,5982.176748046875
2021-06-24,6052.080078125,6060.48876953125,6003.19677734375,6012.05615234375,168548200,-0.003726349538432,-0.003733309674854,0.131560930348466,5980.983388671875
2021-06-25,6027.22021484375,6067.791015625,6019.40478515625,6022.39892578125,172441600,0.0017203387951505,0.0017188607073305,0.1311464909013658,5980.0271875
2021-06-28,6015.27880859375,6030.89013671875,5939.47119140625,5939.47119140625,145849200,-0.0137698839610234,-0.0138655682025023,0.1420858285249692,5979.845234375
2021-06-29,5944.2421875,5992.86376953125,5913.5908203125,5949.0498046875,188801800,0.0016127047295235,0.0016114057176787,0.1290539776485534,5980.277529296875
2021-06-30,5950.43310546875,6011.2568359375,5950.423828125,5985.48876953125,203167100,0.0061251739420702,0.0061064913149067,0.1203935118833671,5978.981787109375
2021-07-01,6001.12109375,6039.0341796875,5969.09912109375,6005.9580078125,140966500,0.0034198106569753,0.0034139764020915,0.1151468511114147,5977.510927734375
2021-07-02,6020.07421875,6043.43212890625,6014.87109375,6023.0078125,146766100,0.0028388151674256,0.0028347933413309,0.1149634470312717,5976.245927734375
2021-07-05,6024.1650390625,6036.97900390625,5985.35400390625,6005.60888671875,131732000,-0.0028887436846986,-0.0028929241575539,0.1152232177427508,5975.3073046875
2021-07-06,6015.5810546875,6054.60791015625,6013.06201171875,6047.11083984375,161021000,0.0069105321221933,0.0068867638332756,0.1101155564663168,5975.4830859375
2021-07-07,6062.76904296875,6066.994140625,6022.30517578125,6044.037109375,165513600,-0.0005082973588804,-0.0005084265857753,0.1064158277971545,5976.498984375
2021-07-08,6052.80419921875,6080.22216796875,6028.60791015625,6039.89599609375,159513500,-0.0006851568258617,-0.0006853916530682,0.0997651313947921,5977.41322265625
2021-07-09,6037.00390625,6060.541015625,6026.5478515625,6039.84423828125,136425200,-8.569321811702224e-06,-8.56935852855014e-06,0.0996388094298836,5977.87283203125
2021-07-12,6060.05419921875,6097.1201171875,6055.98583984375,6078.56787109375,135385400,0.0064113628240716,0.0063908974647601,0.1021939309377402,5980.1477734375
2021-07-13,6097.22900390625,6114.2861328125,6004.82177734375,6012.0322265625,172635900,-0.0109459408765765,-0.0110062884655614,0.1091608205317648,5981.19599609375
2021-07-14,6008.2412109375,6013.0419921875,5947.6181640625,5979.21484375,138499900,-0.0054586172488406,-0.0054735699388073,0.1104603180088035,5981.290712890625
2021-07-15,5986.64990234375,6046.75390625,5982.80419921875,6046.75390625,141035200,0.0112956406927906,0.0112323213192389,0.1183621418270042,5981.966572265625
2021-07-16,6063.421875,6079.13916015625,6051.7578125,6072.509765625,129367700,0.0042594522241723,0.0042504064351877,0.1131884666741482,5983.504443359375
2021-07-19,6062.9658203125,6063.64697265625,6015.14892578125,6017.39404296875,123010800,-0.009076267438588,-0.0091177076930296,0.1180688864801596,5984.800380859375
2021-07-21,6034.57177734375,6053.19287109375,6020.86376953125,6029.97607421875,153050600,0.0020909435480134,0.0020887605680152,0.1043939363330389,5986.123505859375
2021-07-22,6057.541015625,6137.546875,6057.541015625,6137.546875,178417800,0.0178393412274338,0.017682087626045,0.1178551708143173,5989.356220703125
2021-07-23,6145.76123046875,6166.30517578125,6090.60302734375,6101.68994140625,143269200,-0.0058422256194581,-0.0058593581803315,0.1191850001828854,5991.98521484375
2021-07-26,6109.03076171875,6137.0458984375,6091.01513671875,6106.39404296875,156210200,0.0007709506067454,0.0007706535769801,0.1191292191007138,5995.5469140625
2021-07-27,6120.92919921875,6144.5849609375,6068.51220703125,6097.048828125,179173700,-0.0015303982641786,-0.0015315705197667,0.1065153580810584,5997.9721484375
2021-07-28,6094.541015625,6116.5048828125,6074.8671875,6088.52294921875,161217600,-0.001398361592074,-0.0013993402120612,0.1069373788573091,6000.9755859375
2021-07-29,6106.61181640625,6135.34912109375,6096.5029296875,6120.72705078125,178890400,0.0052893126676367,0.0052753733846018,0.1064670140283112,6006.7129296875
2021-07-30,6136.3681640625,6160.462890625,6069.83984375,6070.0390625,193641700,-0.0082813672069856,-0.0083158482270112,0.1111493891579203,6011.425830078125
2021-08-02,6098.0078125,6112.8291015625,6048.10107421875,6096.54296875,216299000,0.0043663485485188,0.0043568437062874,0.1116978271622138,6018.145009765625
2021-08-03,6107.99609375,6142.51513671875,6105.10986328125,6130.57080078125,226801300,0.0055814963013747,0.0055659774696489,0.1122172099775667,6024.804482421875
2021-08-04,6142.47509765625,6163.81494140625,6112.72021484375,6159.03515625,271201100,0.0046430187977148,0.0046322732343344,0.1109345424606619,6032.522783203125
2021-08-05,6174.60791015625,6218.64599609375,6173.57421875,6205.4169921875,268332500,0.0075306983579128,0.0075024842086617,0.1131908821752869,6041.358486328125
2021-08-06,6223.833984375,6263.5390625,6190.85693359375,6203.43115234375,245459900,-0.0003200171473166,-0.0003200683637309,0.1131125449405997,6049.1103125
2021-08-09,6203.7470703125,6239.01513671875,6110.546875,6127.4560546875,293622300,-0.0122472702268237,-0.0123228860668411,0.1230621020240214,6054.82287109375
2021-08-10,6139.33984375,6147.76513671875,6042.47509765625,6088.408203125,205029900,-0.0063726040976872,-0.0063929958175817,0.1236140831919588,6059.6187109375
2021-08-12,6092.2451171875,6139.80810546875,6051.85205078125,6139.65185546875,206955800,0.0084165927503756,0.0083813707285576,0.1196436521429318,6063.462490234375
2021-08-13,6154.0517578125,6179.89599609375,6113.26318359375,6139.4921875,163739300,-2.600602974056621e-05,-2.6006367903220497e-05,0.1172424933193629,6065.620771484375
2021-08-16,6144.94287109375,6147.30419921875,6056.73681640625,6087.9130859375,171745600,-0.008401199966915,-0.0084366889538578,0.1159742329382366,6065.54876953125
2021-08-18,6109.56103515625,6136.2822265625,6040.60302734375,6118.14990234375,208983000,0.0049666964655086,0.0049544031167034,0.1163155501862951,6066.608447265625
2021-08-19,6110.5498046875,6111.01220703125,5958.0439453125,5992.32177734375,214361500,-0.0205663684297433,-0.0207808013508064,0.134832900451876,6065.056181640625
2021-08-20,5988.7578125,6030.77197265625,5938.4072265625,6030.77197265625,200995800,0.0064165772034932,0.0063960786124558,0.1366608500249861,6065.68423828125
2021-08-23,6037.7001953125,6109.828125,6037.7001953125,6109.828125,193786700,0.0131087948113763,0.0130236181289232,0.1294813837414312,6066.931298828125
2021-08-24,6114.6669921875,6138.4970703125,6053.5732421875,6089.4970703125,238973300,-0.0033275984645639,-0.0033331472331366,0.1283291200938293,6066.570478515625
2021-08-25,6094.14501953125,6131.91015625,6093.09521484375,6113.240234375,214295900,0.0038990353042869,0.0038914537668663,0.1290858480862029,6066.925341796875
2021-08-26,6107.0400390625,6119.6572265625,6034.0498046875,6058.080078125,172987800,-0.0090230637330154,-0.009064018114715,0.1330235568910847,6066.479267578125
2021-08-27,6052.8271484375,6066.4912109375,6021.9541015625,6041.3662109375,156989800,-0.0027589379757213,-0.00276275085972,0.1332580309832079,6065.525830078125
2021-08-30,6062.11279296875,6144.90185546875,6062.11279296875,6144.90185546875,159300800,0.0171377865397077,0.0169925912125994,0.1457672618469698,6066.852509765625
2021-08-31,6148.76806640625,6158.06982421875,6117.5029296875,6150.298828125,189133300,0.0008782845980601,0.0008778991318254,0.142256827891323,6068.48955078125
2021-09-01,6157.82080078125,6169.05615234375,6089.23291015625,6090.93310546875,194563800,-0.0096524940194407,-0.0096993813032756,0.1461057028712832,6070.165810546875
2021-09-02,6092.65087890625,6110.0498046875,6054.28076171875,6078.22900390625,179403300,-0.0020857397943007,-0.0020879179788232,0.1447259728606751,6071.80533203125
2021-09-03,6085.6279296875,6126.9208984375,6056.18603515625,6126.9208984375,171489500,0.0080108687086251,0.0079789520400795,0.1467515616854514,6072.5869140625
2021-09-06,6137.1259765625,6150.35791015625,6100.93115234375,6126.93798828125,173887900,2.789303800820875e-06,2.7892999107202618e-06,0.1438755489027657,6074.434814453125
2021-09-07,6135.8701171875,6145.48876953125,6100.94384765625,6112.39990234375,180693200,-0.0023728142777528,-0.0023756338626684,0.1440005758311092,6076.441689453125
2021-09-08,6114.47705078125,6123.755859375,6001.5791015625,6026.02001953125,196394300,-0.0141319095923972,-0.0142327158772552,0.1461812719461977,6076.514111328125
2021-09-09,6024.31689453125,6072.64306640625,5982.76611328125,6068.21923828125,214651900,0.0070028341447962,0.0069784281761551,0.1471402865814757,6079.089072265625
2021-09-10,6059.15478515625,6102.8310546875,6047.60888671875,6094.873046875,192886100,0.0043923608470841,0.0043827425844803,0.1447242476569182,6082.005537109375
2021-09-13,6080.06201171875,6094.98779296875,6052.97021484375,6088.1572265625,158870000,-0.0011018802624516,-0.0011024877788225,0.1447411489365759,6084.05890625
2021-09-14,6100.62890625,6130.86279296875,6099.158203125,6129.09521484375,201683300,0.0067242002395466,0.0067016936413645,0.1435905837249307,6086.521650390625
2021-09-15,6123.91015625,6125.333984375,6100.00390625,6110.22900390625,188698800,-0.0030781396398947,-0.0030828868559483,0.1429957381543991,6088.26607421875
2021-09-16,6126.55517578125,6137.6689453125,6098.876953125,6109.94189453125,218872800,-4.698831661076319e-05,-4.698942059629523e-05,0.1202944956263992,6090.352734375
2021-09-17,6098.8779296875,6133.24609375,6086.083984375,6133.24609375,224719500,0.0038141441638928,0.0038068887589629,0.1190911177474587,6092.075439453125
2021-09-20,6132.0341796875,6133.1708984375,6053.93212890625,6076.31494140625,176619400,-0.0092823851307327,-0.0093257349358557,0.1151293206693209,6092.72099609375
2021-09-21,6049.79296875,6068.79296875,5996.4072265625,6060.7568359375,179600700,-0.002560450802629,-0.0025637343629126,0.1148904000621961,6093.138212890625
2021-09-22,6060.30517578125,6123.7412109375,6059.6279296875,6108.26513671875,184349300,0.0078386746189103,0.0078081118196835,0.1175668602341306,6094.506630859375
2021-09-23,6117.64306640625,6148.14697265625,6117.576171875,6142.7119140625,213294700,0.0056393716665439,0.0056235299404958,0.1141251469350022,6095.78951171875
2021-09-24,6142.287109375,6163.8837890625,6119.13720703125,6144.81494140625,196295300,0.0003423613825899,0.0003423027903045,0.1134078480919985,6098.445166015625
2021-09-27,6141.47021484375,6163.27978515625,6109.666015625,6122.4951171875,206632900,-0.0036323021004831,-0.0036389149278052,0.0968998020891964,6101.310771484375
2021-09-28,6128.05810546875,6137.9541015625,6097.72216796875,6113.11181640625,272570100,-0.0015325942449359,-0.0015337698688188,0.0969278532111537,6102.6379296875
2021-09-29,6100.826171875,6162.55419921875,6086.26318359375,6162.55419921875,230726900,0.0080879238426176,0.0080553918795504,0.0945602518114669,6104.438818359375
2021-09-30,6175.416015625,6286.94287109375,6174.18212890625,6286.94287109375,202745700,0.0201845968171394,0.0199835881934742,0.1162545115254882,6109.829794921875
2021-10-01,6269.23779296875,6272.06494140625,6202.90576171875,6228.84521484375,190252600,-0.0092410027323649,-0.0092839656834503,0.1199553626834282,6113.807177734375
2021-10-04,6234.798828125,6342.68603515625,6234.798828125,6342.68603515625,257881700,0.01827639255527,0.0181113867344376,0.1346334941367673,6117.9099609375
2021-10-05,6337.326171875,6361.453125,6277.7001953125,6288.048828125,268318400,-0.0086142064621214,-0.0086515231958547,0.1389460393943221,6121.637138671875
2021-10-06,6313.65283203125,6441.50390625,6307.10888671875,6417.3232421875,231440600,0.0205587484442368,0.0203502699049774,0.1414898326775723,6127.85572265625
2021-10-07,6414.912109375,6458.63818359375,6392.72705078125,6416.39599609375,183232100,-0.0001444910999113,-0.0001445015397559,0.1411895035414207,6134.242666015625
2021-10-08,6440.0,6497.65576171875,6436.51708984375,6481.76904296875,231302300,0.0101884370781974,0.0101368848154475,0.1435090228975175,6142.107587890625
2021-10-11,6482.95703125,6506.091796875,6451.67822265625,6459.69677734375,204779900,-0.0034052841868753,-0.0034110953632939,0.1446304168774621,6148.886982421875
2021-10-12,6462.31494140625,6504.01318359375,6460.0869140625,6486.26708984375,204607300,0.0041132445400828,0.0041048082754603,0.1440323129667225,6157.21154296875
2021-10-13,6502.1572265625,6600.51806640625,6492.65576171875,6536.90380859375,193450700,0.0078067581936747,0.0077764431296265,0.143273624677982,6166.018759765625
2021-10-14,6552.2109375,6637.39990234375,6552.2109375,6626.11376953125,178191500,0.01364712768455,0.0135548442917367,0.1470503012931984,6175.929619140625
2021-10-15,6645.259765625,6680.0087890625,6573.3427734375,6633.337890625,160148800,0.0010902500839886,0.0010896561929864,0.1474269619947748,6185.415673828125
2021-10-18,6649.28076171875,6684.81884765625,6620.84521484375,6658.76806640625,188565300,0.003833692207537,0.0038263623372376,0.1389006085447308,6194.4826953125
2021-10-19,6665.71923828125,6677.59716796875,6613.88916015625,6655.998046875,188504800,-0.0004159957973645,-0.00041608234762,0.1376397616333177,6203.534033203125
2021-10-21,6670.27294921875,6687.1337890625,6602.06591796875,6632.97216796875,215065000,-0.0034594179181077,-0.0034654155404569,0.140042399717292,6213.64435546875
2021-10-22,6620.6591796875,6655.44287109375,6585.55712890625,6643.73779296875,165782200,0.0016230469128135,0.0016217311956277,0.1401930990862374,6224.750947265625
2021-10-25,6626.3671875,6673.51513671875,6625.69677734375,6625.69677734375,175632400,-0.0027154918190921,-0.0027191854552096,0.141643143494255,6234.471845703125
2021-10-26,6640.0517578125,6680.1171875,6638.02783203125,6656.93701171875,180194900,0.0047150111791751,0.0047039303311953,0.1389270910641364,6244.8207421875
2021-10-27,6664.373046875,6670.80908203125,6590.5048828125,6602.208984375,182503600,-0.0082212025211306,-0.0082551829748609,0.1445320196998732,6255.10666015625
2021-10-28,6578.5830078125,6600.2470703125,6509.8779296875,6524.076171875,189347200,-0.011834344033173,-0.011904927306356,0.1538897101287409,6263.225185546875
2021-10-29,6561.712890625,6596.76904296875,6551.5390625,6591.34619140625,171512200,0.0103110414040301,0.0102582452288391,0.1430167919129944,6275.205673828125
2021-11-01,6618.1220703125,6627.85107421875,6552.88916015625,6552.88916015625,182528900,-0.0058344729791526,-0.005851560011593,0.1397916298730546,6285.648017578125
2021-11-02,6557.94482421875,6573.69384765625,6480.009765625,6493.27490234375,165299300,-0.0090974006053656,-0.0091390346543659,0.1328133265441139,6293.316953125
2021-11-03,6497.865234375,6561.81005859375,6485.2509765625,6552.1298828125,171604200,0.0090639902597542,0.0090231588449361,0.1302661462471522,6302.569609375
2021-11-04,6588.18896484375,6617.86181640625,6583.169921875,6586.44287109375,155291000,0.0052369212599492,0.0052232562753442,0.1118572333760234,6312.033662109375
2021-11-05,6600.72216796875,6608.4248046875,6550.1171875,6581.78515625,154117700,-0.0007071669693199,-0.0007074171298249,0.1119714780117921,6322.507763671875
2021-11-08,6599.40478515625,6637.01123046875,6592.05517578125,6632.296875,167444200,0.0076744709149363,0.0076451719701458,0.1096810772482083,6334.326376953125
2021-11-09,6640.22119140625,6669.9248046875,6633.2080078125,6669.9248046875,192392200,0.0056734386889911,0.0056574053499051,0.1094049959339936,6344.8268359375
2021-11-10,6665.548828125,6683.14501953125,6651.7978515625,6683.14501953125,153422900,0.0019820635510701,0.0019801018548199,0.1090194274616908,6355.483759765625
2021-11-11,6694.5830078125,6704.4638671875,6671.22705078125,6691.341796875,209193300,0.0012264850335874,0.0012257335152398,0.1064633025669287,6367.49193359375
2021-11-12,6710.85302734375,6714.158203125,6646.31591796875,6651.05419921875,198646700,-0.0060208548418592,-0.006039053271878,0.0986584362589793,6378.9484375
2021-11-15,6661.84912109375,6675.59521484375,6610.8232421875,6616.02880859375,203267300,-0.0052661412124883,-0.0052800562078426,0.1004606153757158,6388.730595703125
2021-11-16,6598.408203125,6654.51513671875,6592.22802734375,6651.20703125,207039500,0.0053171205377091,0.0053030345614636,0.1013647314959837,6399.2159765625
2021-11-17,6667.86181640625,6679.30419921875,6650.494140625,6675.80419921875,217158400,0.0036981510052509,0.0036913296572328,0.1022166163329164,6410.4840625
2021-11-18,6653.7001953125,6669.7861328125,6621.69287109375,6636.46923828125,248016700,-0.0058921681588719,-0.0059095954718362,0.1037199204095935,6422.693046875
2021-11-19,6651.77880859375,6720.98779296875,6651.77880859375,6720.26318359375,258781800,0.0126262839928723,0.0125472371522815,0.1128016121105273,6435.73392578125
2021-11-22,6731.51513671875,6754.4638671875,6690.81787109375,6723.38623046875,218097200,0.0004647209178687,0.0004646129685459,0.1121334744889239,6448.304189453125
2021-11-23,6716.1572265625,6732.89794921875,6662.5380859375,6677.8759765625,186336800,-0.0067689483165505,-0.0067919615562856,0.1141394138069585,6460.098564453125
2021-11-24,6697.423828125,6698.4140625,6668.05419921875,6683.27685546875,224587000,0.000808771969591,0.0008084450897772,0.1097286900086228,6471.182197265625
2021-11-25,6694.95703125,6751.001953125,6694.796875,6699.34619140625,215655400,0.002404409735675,0.0024015237676938,0.0993469852364015,6482.964541015625
2021-11-26,6688.56884765625,6691.7119140625,6544.89599609375,6561.55322265625,242523500,-0.0205681218454955,-0.0207825915867807,0.1210584823878144,6491.996767578125
2021-11-29,6552.80322265625,6617.287109375,6487.748046875,6608.2900390625,0,0.0071228282115998,0.0070975806890178,0.1218021468487724,6501.497646484375
2021-11-30,6605.796875,6647.47705078125,6533.93212890625,6533.93212890625,216798600,-0.0112522164912118,-0.0113160016132405,0.1242881167720998,6510.649990234375
2021-12-01,6544.51708984375,6593.07421875,6494.4970703125,6507.6767578125,195068500,-0.0040183109612657,-0.0040264060657985,0.120738601810277,6519.588388671875
2021-12-02,6517.3388671875,6586.89599609375,6484.578125,6583.81982421875,210837500,0.0117004991550693,0.01163257761208,0.1266543179171117,6529.099482421875
2021-12-03,6588.01416015625,6600.1650390625,6536.9072265625,6538.505859375,172625500,-0.0068826252925484,-0.0069064197999771,0.1289905220696503,6537.015361328125
2021-12-06,6552.81591796875,6585.26318359375,6525.98486328125,6547.1162109375,180052400,0.0013168683714115,0.001316002060719,0.1257154119858034,6545.06138671875
2021-12-07,6575.97607421875,6608.6337890625,6573.10986328125,6602.56884765625,212352000,0.0084697804242594,0.0084341130888647,0.127928959260206,6554.662861328125
2021-12-08,6618.7548828125,6632.94091796875,6584.96923828125,6603.7978515625,216901600,0.0001861402636773,0.0001861229417279,0.1276244150607079,6564.47658203125
2021-12-09,6617.1328125,6643.93212890625,6602.876953125,6643.93212890625,240218200,0.0060774539508736,0.006059060712696,0.1296767445703729,6574.104140625
2021-12-10,6618.68603515625,6652.921875,6605.416015625,6652.921875,229170800,0.0013530761481799,0.0013521615655555,0.1280237245700248,6581.423720703125
2021-12-13,6663.73876953125,6688.37890625,6659.1669921875,6662.87109375,232086300,0.0014954660428805,0.0014943489471183,0.1265581743865231,6590.10423828125
2021-12-14,6665.3828125,6671.31298828125,6598.69482421875,6615.63720703125,187591100,-0.0070891190980802,-0.007114366293883,0.1277858669723529,6595.56326171875
2021-12-15,6615.72412109375,6662.83984375,6610.4521484375,6626.2568359375,196016500,0.0016052314499597,0.0016039444430676,0.127141226401116,6602.327421875
2021-12-16,6648.2880859375,6661.94482421875,6579.36376953125,6594.7978515625,185929900,-0.0047476252662562,-0.0047589310369924,0.1265407660506,6605.8769140625
2021-12-17,6584.88720703125,6609.044921875,6559.30322265625,6601.93212890625,210214300,0.0010818037951019,0.0010812190670457,0.1172903789787954,6609.58763671875
2021-12-20,6571.34521484375,6579.12890625,6533.52294921875,6547.11181640625,181341400,-0.008303677079619,-0.0083383446517458,0.1200730041447194,6610.8944921875
2021-12-21,6545.537109375,6579.89208984375,6531.56494140625,6554.30908203125,186470700,0.001099303910919,0.0010987001188349,0.1185683535700034,6612.78673828125
2021-12-22,6572.53515625,6592.1669921875,6529.5927734375,6529.5927734375,187213900,-0.0037710013800706,-0.0037781295315972,0.1187919975313902,6613.653251953125
2021-12-23,6537.59912109375,6570.287109375,6531.77783203125,6555.55078125,209975800,0.0039754405386653,0.0039675593554721,0.1195429720514934,6614.02619140625
2021-12-24,6559.0888671875,6583.85986328125,6554.97998046875,6562.89990234375,176357600,0.0011210531866781,0.0011204252757916,0.0942909522782959,6612.7619140625
2021-12-27,6570.55810546875,6588.42578125,6562.55419921875,6575.44384765625,179010000,0.0019113418609386,0.0019095175712749,0.0908546470420021,6611.604033203125
2021-12-28,6588.1337890625,6615.94580078125,6586.52001953125,6598.3427734375,191799500,0.0034824912677813,0.0034764414366536,0.0816647974405114,6610.39552734375
2021-12-29,6603.755859375,6621.5791015625,6585.39599609375,6600.6767578125,200549500,0.0003537228142187,0.0003536602690527,0.0799128674064065,6609.2891015625
2021-12-30,6609.44287109375,6613.72802734375,6581.48193359375,6581.48193359375,192017600,-0.0029080085153436,-0.0029122449872306,0.0695504527553624,6608.259296875
2022-01-03,6586.259765625,6677.19921875,6586.1328125,6665.30810546875,182552700,0.0127366712726395,0.0126562420884975,0.0780035625834642,6608.690703125
2022-01-04,6675.1298828125,6720.6572265625,6675.1298828125,6695.373046875,185900100,0.0045106604121694,0.0045005178717591,0.0790087032797829,6610.084228515625
2022-01-05,6703.171875,6738.10986328125,6634.8388671875,6662.298828125,179080500,-0.0049398619790778,-0.0049521034279485,0.0768302736432757,6610.19146484375
2022-01-06,6674.85205078125,6679.85107421875,6593.22900390625,6653.35107421875,179990500,-0.0013430430151942,-0.0013439457057899,0.0770915735283158,6611.214306640625
2022-01-07,6669.51123046875,6712.14697265625,6647.712890625,6701.31591796875,157064700,0.0072091256293178,0.0071832641014328,0.0782852183914028,6614.7591015625
2022-01-10,6697.3759765625,6725.02392578125,6689.2822265625,6691.1240234375,159382400,-0.0015208795788781,-0.0015220372902,0.0785006793650141,6616.754658203125
2022-01-11,6705.7958984375,6727.76708984375,6636.5009765625,6647.97021484375,181053500,-0.0064494109573506,-0.0064702982638483,0.0818927023299057,6618.656279296875
2022-01-12,6662.39501953125,6690.3232421875,6625.7568359375,6647.06494140625,192900600,-0.0001361729081575,-0.0001361821805298,0.0776130508043498,6621.732080078125
2022-01-13,6659.97314453125,6667.94091796875,6626.3388671875,6658.35595703125,180765500,0.0016986468049478,0.0016972057361443,0.0776355394777801,6623.8566015625
2022-01-14,6653.64599609375,6699.4130859375,6631.0458984375,6693.40087890625,140467300,0.0052632995443855,0.0052494967941612,0.0772128228762337,6625.99576171875
2022-01-17,6711.40576171875,6711.82177734375,6625.86279296875,6645.0478515625,148626000,-0.0072239849694542,-0.0072502042972032,0.0822281067291657,6627.261015625
2022-01-18,6654.958984375,6667.40478515625,6534.27001953125,6614.05908203125,172778900,-0.004663438130692,-0.0046743458832559,0.0780292098633742,6626.896259765625
2022-01-19,6609.83203125,6615.451171875,6575.380859375,6591.98095703125,171354300,-0.0033380598398312,-0.0033436435909714,0.0791687028256327,6625.3373828125
2022-01-20,6607.798828125,6637.20703125,6587.76513671875,6626.87109375,158271000,0.005292815156199,0.0052788574388106,0.0795280678629207,6624.211904296875
2022-01-21,6626.34814453125,6726.373046875,6607.41796875,6726.373046875,154628300,0.0150149220827371,0.0149033139450307,0.0936375759054031,6624.912529296875
2022-01-24,6700.82177734375,6712.26220703125,6645.4091796875,6655.166015625,176239200,-0.0105862447345351,-0.0106426776517909,0.102777385936173,6624.994765625
2022-01-25,6630.8779296875,6632.953125,6523.92919921875,6568.1728515625,213235100,-0.0130715242652486,-0.0131577085019728,0.1137517437636715,6624.037646484375
2022-01-26,6569.81787109375,6601.3369140625,6549.52099609375,6600.81884765625,226349800,0.0049703314500901,0.0049580201301034,0.1144810826283458,6623.0298828125
2022-01-27,6586.85400390625,6627.40576171875,6570.75,6611.1611328125,177817500,0.0015668185106947,0.0015655923312053,0.1146088623346371,6621.737021484375
2022-01-28,6618.7177734375,6645.51123046875,6603.4912109375,6645.51123046875,192680600,0.0051957737780379,0.0051823223191679,0.1154054377961006,6621.917861328125
2022-01-31,6656.70703125,6669.9111328125,6626.65576171875,6631.15087890625,182548300,-0.0021609099833673,-0.0021632481182854,0.1063044630273538,6620.135615234375
2022-02-02,6657.7919921875,6716.59716796875,6650.30322265625,6707.65185546875,214830000,0.0115366062331427,0.0114705670184145,0.1131033275503511,6619.820927734375
2022-02-03,6724.39892578125,6730.59814453125,6648.078125,6683.85107421875,202406000,-0.0035483030071984,-0.0035546131656388,0.1123832654224365,6619.9404296875
2022-02-04,6697.94287109375,6731.39111328125,6685.40380859375,6731.39111328125,177332600,0.0071126718017211,0.0070874960590143,0.1148434794296668,6620.90271484375
2022-02-07,6751.34912109375,6806.72998046875,6748.9091796875,6804.93701171875,225856300,0.0109258097174582,0.0108665542768801,0.1183420107016357,6623.01453125
2022-02-08,6813.18408203125,6860.75,6780.4169921875,6789.52197265625,255862800,-0.002265272850572,-0.0022678424624306,0.1185627658282155,6627.57390625
2022-02-09,6811.75390625,6840.39404296875,6796.6328125,6834.60595703125,253458500,0.0066402295414269,0.0066182803288749,0.1171144123767792,6632.100224609375
2022-02-10,6859.333984375,6874.35107421875,6814.2109375,6823.64208984375,279507200,-0.0016041696121809,-0.0016054576699462,0.117482971072855,6637.894423828125
2022-02-11,6813.60791015625,6825.06201171875,6773.537109375,6815.60693359375,223574800,-0.0011775465571325,-0.001178240409829,0.1178005182179507,6644.05302734375
2022-02-14,6791.31591796875,6796.7119140625,6698.5087890625,6734.48583984375,202907800,-0.0119022553002812,-0.0119736542453987,0.1254969639351832,6647.06634765625
2022-02-15,6746.35888671875,6807.4970703125,6727.35888671875,6807.4970703125,210390400,0.01084139638943,0.0107830497786151,0.1274066205708389,6652.446171875
2022-02-16,6821.92578125,6857.64990234375,6821.158203125,6850.1982421875,216253600,0.0062726684174745,0.0062530771167435,0.126617613339721,6658.5078125
2022-02-17,6836.18310546875,6859.7060546875,6790.5908203125,6835.1171875,229539500,-0.002201550109108,-0.0022039770832739,0.1260725095886441,6663.158779296875
2022-02-18,6837.51904296875,6899.41015625,6812.35595703125,6892.81787109375,233754300,0.0084417987301332,0.0084063660181282,0.1276918997767181,6668.9391796875
2022-02-21,6896.751953125,6927.9091796875,6886.1328125,6902.96484375,231576400,0.0014721080472477,0.0014710255584264,0.1181921972530457,6674.119833984375
2022-02-22,6879.81884765625,6903.99609375,6823.94482421875,6861.994140625,196218500,-0.0059352327662649,-0.0059529162654331,0.1129661595655669,6678.301279296875
2022-02-23,6878.625,6920.05615234375,6873.81396484375,6920.05615234375,204842700,0.0084613904542714,0.008425793548655,0.1011025853173508,6683.44498046875
2022-02-24,6912.47705078125,6929.9111328125,6758.86083984375,6817.81982421875,282680700,-0.0147739159732647,-0.0148841372166284,0.118094572121525,6687.4886328125
2022-02-25,6825.37109375,6904.91015625,6822.244140625,6888.1708984375,211896500,0.0103187053974123,0.0102658309761977,0.122016968008053,6692.7269140625
2022-03-01,6964.69677734375,6996.93505859375,6915.97607421875,6921.44091796875,196006400,0.0048300223704955,0.0048183952369584,0.1218999313891757,6699.259775390625
2022-03-02,6956.6181640625,6973.35791015625,6861.958984375,6868.40185546875,325795100,-0.0076630087764392,-0.0076925204905479,0.1259382546009342,6704.589169921875
2022-03-04,6921.31591796875,6936.98876953125,6895.73095703125,6928.328125,247492300,0.0087249218657081,0.0086870796889847,0.1234540678998298,6712.21349609375
2022-03-07,6905.32421875,6917.93310546875,6843.81201171875,6869.06591796875,261271800,-0.0085536085996577,-0.0085904006632038,0.1274812086526922,6718.5086328125
2022-03-08,6895.630859375,6929.86279296875,6814.18310546875,6814.18310546875,246218500,-0.0079898508990039,-0.0080219408010153,0.1297501089156062,6724.200439453125
2022-03-09,6836.671875,6888.93017578125,6824.0908203125,6864.44091796875,209971800,0.007375471384041,0.0073484055954637,0.1266253589994168,6730.3782421875
2022-03-10,6897.1748046875,6924.0078125,6837.72509765625,6924.0078125,194071700,0.0086776032080522,0.0086401692116987,0.1294257830443424,6737.600400390625
2022-03-11,6872.6318359375,6922.60205078125,6853.85791015625,6922.60205078125,174120300,-0.0002030271710861,-0.0002030477838922,0.1277389118341833,6744.543564453125
2022-03-14,6949.2060546875,6969.9931640625,6918.31298828125,6952.2041015625,193318000,0.0042761450917012,0.0042670283636729,0.1280703812308071,6751.620791015625
2022-03-15,6968.34912109375,6996.32080078125,6894.9208984375,6918.18505859375,189709300,-0.0048932744884609,-0.0049052857550398,0.1295600301799963,6757.97095703125
2022-03-16,6951.35205078125,6992.39501953125,6946.8427734375,6992.39501953125,171297500,0.0107267961624293,0.0106696722259353,0.1249221404848302,6766.18921875
2022-03-17,7016.5322265625,7032.7021484375,6949.166015625,6964.384765625,197411300,-0.0040058168664687,-0.0040138616419712,0.1219402287513233,6772.170751953125
2022-03-18,6981.26220703125,7000.587890625,6926.4140625,6954.96484375,198102900,-0.0013525849291806,-0.0013535004978587,0.1206922259628215,6777.362587890625
2022-03-21,6945.89306640625,6974.15380859375,6929.93408203125,6955.18115234375,216686100,3.110132094263918e-05,3.1100837306584775e-05,0.1202243440935934,6783.220234375
2022-03-22,6974.97705078125,7003.259765625,6968.201171875,7000.82177734375,188258200,0.0065621044226318,0.0065406675449869,0.1188478381103508,6790.1696484375
2022-03-23,7010.8388671875,7022.0439453125,6976.1591796875,6996.115234375,214242900,-0.0006722843572424,-0.0006725104417052,0.1189254453235179,6796.065634765625
2022-03-24,6986.18310546875,7049.68505859375,6977.833984375,7049.68505859375,264967400,0.007657081455082,0.0076279147998958,0.1186643099557009,6803.23685546875
2022-03-25,7050.55322265625,7055.3408203125,6978.39892578125,7002.5322265625,201857500,-0.0066886437676771,-0.0067111129938818,0.1188561464412013,6810.328095703125
2022-03-28,6996.31787109375,7051.541015625,6987.22314453125,7049.60302734375,174012100,0.0067219684620225,0.0066994767680666,0.1055257560181554,6818.378857421875
2022-03-29,7052.73486328125,7072.77783203125,7007.91015625,7011.68896484375,185204100,-0.005378184041419,-0.0053926985376899,0.1032246963000776,6825.445517578125
2022-03-30,7037.2021484375,7055.8662109375,7022.65185546875,7053.18994140625,194572800,0.0059188273710633,0.0059013799241064,0.103841263429409,6832.641298828125
2022-03-31,7070.76123046875,7099.4970703125,7049.81005859375,7071.44189453125,178707400,0.002587758627887,0.0025844161456453,0.0987911624153208,6841.1691796875
2022-04-01,7093.69921875,7099.3017578125,7040.4912109375,7078.759765625,157645900,0.0010348485079696,0.0010343134213763,0.0950254447098269,6850.463193359375
2022-04-04,7082.2470703125,7116.2177734375,7060.2138671875,7116.2177734375,173611100,0.0052916060231904,0.005277654671102,0.0888699794693575,6860.9479296875
2022-04-05,7122.9140625,7148.298828125,7110.11083984375,7148.298828125,184230300,0.0045081608951385,0.0044980295754779,0.081374380569471,6871.376484375
2022-04-06,7128.412109375,7147.9921875,7090.22412109375,7104.2158203125,216736400,-0.0061669229102532,-0.0061860169206795,0.0845631779644914,6878.93333984375
2022-04-07,7115.0869140625,7145.16796875,7097.90380859375,7127.3671875,204797800,0.0032588209273296,0.0032535224784216,0.0807914028256779,6888.37736328125
2022-04-08,7157.30908203125,7216.494140625,7151.2587890625,7210.8349609375,207396700,0.0117108844320363,0.0116428427287552,0.0881858500885872,6901.23060546875
2022-04-11,7212.0029296875,7355.2998046875,7194.60791015625,7203.7939453125,334575500,-0.000976449421342,-0.0009769264586387,0.08839342733532,6913.290107421875
2022-04-12,7205.0771484375,7320.23681640625,7146.5859375,7214.78076171875,253923400,0.0015251430690073,0.0015239812194913,0.0848205087010253,6925.3625
2022-04-13,7240.18896484375,7266.39892578125,7212.85791015625,7262.77685546875,245926100,0.006652467390924,0.0066304373783848,0.0805094447114786,6937.7078125
2022-04-14,7265.31982421875,7282.90576171875,7234.3330078125,7235.5322265625,238683900,-0.0037512688945875,-0.0037583225493766,0.0802653532576502,6949.795439453125
2022-04-18,7245.50390625,7277.0751953125,7243.36083984375,7275.2890625,210765700,0.0054946664174264,0.0054796258081735,0.080245593615464,6961.14818359375
2022-04-19,7283.4169921875,7297.39404296875,7199.23193359375,7199.23193359375,214778100,-0.0104541727830831,-0.0105092015031952,0.0919781062362006,6971.45580078125
2022-04-20,7226.8720703125,7262.55810546875,7184.96484375,7227.36181640625,266258400,0.0039073449879059,0.003899731142315,0.0906115287093362,6981.37521484375
2022-04-21,7249.4970703125,7294.671875,7245.72607421875,7276.19287109375,177135800,0.0067564148478982,0.0067336925671182,0.0919599589881329,6990.80033203125
2022-04-22,7251.98095703125,7291.47998046875,7174.81005859375,7225.60595703125,249844600,-0.0069523877333526,-0.0069766681844672,0.0946011369944783,6999.52201171875
2022-04-25,7204.1611328125,7234.31494140625,7121.85986328125,7215.97900390625,212314600,-0.0013323385169698,-0.0013332268690766,0.0904466751519828,7007.14947265625
2022-04-26,7208.9228515625,7247.47509765625,7161.6591796875,7232.15283203125,197362000,0.0022413906853449,0.0022388825164011,0.0884094887350816,7015.3196875
2022-04-27,7211.7109375,7226.01904296875,7175.06689453125,7196.76416015625,201981800,-0.0048932417078166,-0.0049052528132026,0.0879373351717551,7022.94283203125
2022-04-28,7260.27001953125,7267.11181640625,7204.59912109375,7228.9140625,194334400,0.0044672719055798,0.0044573232642939,0.0870809555945048,7032.831396484375
2022-05-09,7154.9169921875,7156.48388671875,6896.9990234375,6909.7509765625,212774700,-0.0441509033276739,-0.045155227059263,0.1859699028352975,7034.876474609375
2022-05-10,6747.56298828125,6832.09814453125,6662.61181640625,6819.7939453125,193141700,-0.0130188528581028,-0.0131043409044417,0.1904780628519735,7034.268388671875
2022-05-11,6833.19384765625,6902.2158203125,6796.2958984375,6816.203125,0,-0.0005265291504837,-0.0005266678156332,0.1886978758618299,7033.890107421875
2022-05-12,6802.328125,6802.328125,6576.30908203125,6599.83984375,194742800,-0.0317424931860433,-0.0322572076465507,0.2148104439972041,7028.030546875
2022-05-13,6586.5771484375,6633.01416015625,6509.87890625,6597.9931640625,177689000,-0.0002798067424695,-0.0002798458956798,0.2150330915922046,7021.93111328125
2022-05-17,6603.89306640625,6703.05078125,6574.13623046875,6644.466796875,195947200,0.0070436012370593,0.0070189109490967,0.2170530368265933,7017.58056640625
2022-05-18,6676.39404296875,6804.9072265625,6648.94091796875,6793.4140625,192322000,0.0224167371406012,0.0221691749498241,0.2296488684925049,7015.047724609375
2022-05-19,6719.7568359375,6851.7177734375,6620.68408203125,6823.3349609375,234684500,0.0044043978715599,0.0043947268974017,0.2310580264349572,7015.15802734375
2022-05-20,6839.01611328125,6965.10595703125,6804.9072265625,6918.14404296875,193153300,0.013894830398041,0.0137991822337812,0.2380462273544248,7015.757490234375
2022-05-23,6930.93896484375,6972.18017578125,6802.712890625,6840.77490234375,181821900,-0.0111835110897458,-0.0112465167399022,0.2378089528191949,7014.144169921875
2022-05-24,6859.22216796875,6941.6669921875,6822.14013671875,6914.14111328125,197751100,0.0107248392155636,0.0106677360461807,0.2426570751229097,7015.058955078125
2022-05-25,6914.64501953125,6944.48291015625,6858.69580078125,6883.50390625,173878500,-0.004431093686011,-0.0044409400792647,0.2410035154202683,7014.162470703125
2022-05-27,6948.22607421875,7032.82177734375,6938.29296875,7026.255859375,196905500,0.0207382686302226,0.0205261582592414,0.2526772338151709,7017.30626953125
2022-05-30,7052.1728515625,7069.2509765625,6974.6162109375,7037.56494140625,201457000,0.0016095460025356,0.0016082520716099,0.2521923615881403,7021.77390625
2022-05-31,7064.22607421875,7148.97021484375,7033.755859375,7148.97021484375,279640300,0.0158300881576289,0.0157060991054543,0.2579431680906301,7027.4644921875
2022-06-02,7130.60107421875,7209.0791015625,7117.97900390625,7148.72314453125,227362900,-3.4560266034766585e-05,-3.456086325452087e-05,0.2569427536383513,7031.958798828125
2022-06-03,7176.68212890625,7233.9951171875,7170.69287109375,7182.9609375,240581300,0.0047893578023008,0.0047779253165332,0.2576057478492375,7037.1659765625
2022-06-06,7163.173828125,7194.5361328125,7056.1748046875,7096.58203125,231204100,-0.0120255291657014,-0.0120984208046479,0.2607912249451655,7040.05353515625
2022-06-07,7101.31298828125,7192.54296875,7062.9658203125,7141.044921875,275161800,0.0062653951478621,0.0062458491594252,0.2615487528323402,7044.510732421875
2022-06-08,7133.4970703125,7220.0849609375,7102.86181640625,7193.31396484375,260589300,0.0073195230586822,0.0072928653518759,0.2624377119499366,7048.529111328125
2022-06-09,7186.89208984375,7257.9970703125,7174.81982421875,7182.830078125,270045800,-0.0014574487878589,-0.0014585118994228,0.202183438845064,7052.898017578125
2022-06-10,7143.2412109375,7160.1162109375,7051.22314453125,7086.64794921875,244570500,-0.0133905616393694,-0.0134810236758252,0.2025592107329451,7055.5316796875
2022-06-13,6992.22998046875,6996.7138671875,6924.9521484375,6995.44189453125,262879000,-0.0128701263758354,-0.0129536639860877,0.209242211711614,7056.33689453125
2022-06-14,6949.64794921875,7049.8818359375,6932.7138671875,7049.8818359375,234982700,0.0077822019290603,0.0077520767879751,0.1683441706355779,7057.318095703125
2022-06-15,7031.19921875,7086.3818359375,6966.02685546875,7007.0498046875,274136800,-0.0060755672572636,-0.0060940986131375,0.1712237291395962,7057.536787109375
2022-06-16,7063.0771484375,7138.49609375,7025.93115234375,7050.326171875,268578900,0.0061761181087294,0.0061571240574998,0.1709831089951284,7057.549609375
2022-06-17,6987.751953125,6999.5390625,6882.64404296875,6936.966796875,281566500,-0.0160786000869308,-0.0162092632574367,0.1680556212146135,7056.23830078125
2022-06-20,6937.0078125,6976.376953125,6859.59912109375,6976.376953125,270432200,0.0056811798879812,0.0056651028478188,0.1684514419195171,7054.773779296875
2022-06-21,6976.3359375,7049.9091796875,6967.623046875,7044.07080078125,235393100,0.0097032955803695,0.0096565209431539,0.1649169918694498,7055.421416015625
2022-06-22,7044.11083984375,7063.2587890625,6968.296875,6984.31103515625,214189700,-0.0084836974691355,-0.0085198888671271,0.162519608153323,7054.043837890625
2022-06-23,6984.31103515625,7010.27294921875,6920.73486328125,6998.26708984375,212119400,0.0019982006266976,0.0019962068793217,0.1585719993451119,7052.580341796875
2022-06-24,6998.34814453125,7067.7470703125,6997.919921875,7042.93701171875,201464700,0.0063829975766183,0.0063627125214661,0.1586497869204674,7051.86388671875
2022-06-27,7043.01806640625,7070.51904296875,6973.658203125,7016.05517578125,181378000,-0.0038168502561887,-0.0038241530174144,0.1418517932169209,7049.860634765625
2022-06-28,7016.13623046875,7016.9169921875,6960.07177734375,6996.4560546875,172583900,-0.0027934673549039,-0.0027973763663297,0.1420213146754739,7046.823779296875
2022-06-29,6996.4560546875,7016.05615234375,6942.35107421875,6942.35107421875,164738900,-0.0077331980714008,-0.0077632543017328,0.1309579600016433,7043.586484375
2022-06-30,6942.35107421875,6990.86181640625,6897.67578125,6911.58203125,164820700,-0.0044320782167031,-0.0044419289924104,0.1312529765226851,7039.27078125
2022-07-01,6911.58203125,6940.97998046875,6777.31689453125,6794.328125,157368000,-0.0169648433194959,-0.0171103947944463,0.1396799297106123,7030.94064453125
2022-07-04,6794.3681640625,6796.51904296875,6559.63720703125,6639.171875,172853700,-0.0228361431984858,-0.0231009267730372,0.1541268010775706,7019.648203125
2022-07-05,6639.2119140625,6767.8291015625,6639.2119140625,6703.26611328125,181055000,0.0096539507468693,0.0096076491215882,0.1573261764308669,7009.41791015625
2022-07-06,6703.26611328125,6709.921875,6602.89697265625,6646.41015625,140628200,-0.0084818290174398,-0.0085180044301991,0.1533492664291062,6997.090576171875
2022-07-07,6646.41015625,6682.6669921875,6632.38720703125,6652.5869140625,157996000,0.0009293374419108,0.0009289058752303,0.1540968421668554,6985.431669921875
2022-07-08,6652.6669921875,6740.21923828125,6652.6669921875,6740.21923828125,157598800,0.013172668820532,0.0130866636735065,0.1607515025102971,6974.7302734375
2022-07-11,6740.01904296875,6757.0869140625,6690.6162109375,6722.14501953125,163555700,-0.0026815476041709,-0.0026851493933012,0.1559609682678951,6965.18853515625
2022-07-12,6722.18505859375,6745.42578125,6708.17578125,6718.2939453125,184326800,-0.000572893653374,-0.000573057819646,0.1518062626053799,6955.007177734375
2022-07-13,6718.2939453125,6727.9228515625,6636.048828125,6640.990234375,169282000,-0.0115064496383693,-0.0115731610648496,0.1547869806502147,6942.303125
2022-07-14,6640.990234375,6700.05322265625,6607.7021484375,6690.0869140625,131271000,0.0073929757392754,0.0073657816420857,0.1557588985179185,6931.592744140625
2022-07-15,6690.0869140625,6716.9560546875,6645.90283203125,6651.90478515625,145685800,-0.0057072694864384,-0.0057236181828865,0.1478751153648282,6920.311259765625
2022-07-18,6652.06494140625,6702.07421875,6611.92578125,6659.2529296875,143740000,0.001104667725799,0.0011040580293735,0.1455675816008448,6908.85326171875
2022-07-19,6659.29296875,6740.0751953125,6626.2548828125,6736.091796875,170776400,0.0115386617686417,0.0114725991084029,0.1476777827395694,6899.639814453125
2022-07-20,6736.171875,6880.7568359375,6736.06396484375,6874.7431640625,182468200,0.0205833547654179,0.0203743802509877,0.1658654170153038,6892.556396484375
2022-07-21,6874.783203125,6893.3759765625,6809.7158203125,6864.130859375,156437900,-0.0015436656227356,-0.0015448583020698,0.1655522900190424,6891.643994140625
2022-07-22,6864.130859375,6901.72021484375,6850.48876953125,6886.9619140625,199589800,0.0033261391944936,0.0033206198289221,0.1641116612938777,6892.987353515625
2022-07-25,6887.0419921875,6908.19189453125,6858.4072265625,6858.4072265625,210616100,-0.0041461950648651,-0.0041548143647389,0.1641881111788053,6893.831435546875
2022-07-26,6858.44677734375,6899.92919921875,6857.80078125,6871.537109375,320241300,0.0019144215819744,0.0019125914124161,0.1644071752412303,6899.265380859375
2022-07-27,6871.4970703125,6911.89990234375,6861.44677734375,6898.2158203125,276772700,0.003882495359168,0.0038749779253799,0.1631496109574524,6905.269833984375
2022-07-28,6898.2958984375,6984.5322265625,6898.2958984375,6956.81689453125,287336500,0.0084951059440896,0.008459225593304,0.1652390636535461,6911.5168359375
2022-07-29,6956.89697265625,7032.35302734375,6951.123046875,6951.123046875,292504000,-0.0008184558746581,-0.0008187909925327,0.1520291837501241,6914.671015625
2022-08-01,6951.123046875,7005.29296875,6949.634765625,6968.783203125,238507600,0.0025406191389374,0.0025373972220881,0.1221008585716947,6917.57998046875
2022-08-02,6968.783203125,6991.39208984375,6902.6298828125,6988.1572265625,216232400,0.0027801156776998,0.0027762583037524,0.1191412329433291,6918.980244140625
2022-08-03,6988.1572265625,7046.634765625,6971.73583984375,7046.634765625,225842100,0.0083680914963135,0.008333273126022,0.114169939668885,6923.09744140625
2022-08-04,7046.634765625,7075.56005859375,7025.05419921875,7057.34814453125,248154300,0.0015203539366779,0.001519199368718,0.1140523169556872,6925.96158203125
2022-08-05,7057.34814453125,7090.76708984375,7045.98193359375,7084.65478515625,173887000,0.0038692494781003,0.0038617831854405,0.1077055529211073,6929.984599609375
2022-08-08,7084.65478515625,7100.80810546875,7050.82421875,7086.84912109375,219012400,0.0003097308202084,0.0003096828635201,0.1063118928432598,6931.19646484375
2022-08-09,7086.84912109375,7144.2021484375,7086.84912109375,7102.8798828125,263201500,0.0022620436028524,0.0022594890338608,0.1056492632597546,6932.502763671875
2022-08-10,7102.8798828125,7104.0341796875,7021.6728515625,7086.23583984375,200438400,-0.0023432809287715,-0.0023460307080372,0.0933842396990212,6931.248076171875
2022-08-11,7086.27587890625,7181.10009765625,7086.27587890625,7160.384765625,246280600,0.0104637959358244,0.0104094293481806,0.0957604615044067,6931.48130859375
2022-08-12,7160.384765625,7164.669921875,7113.5791015625,7129.27685546875,240074700,-0.0043444467266047,-0.0043539112573318,0.0941399414129992,6930.407626953125
2022-08-15,7129.27685546875,7156.919921875,7081.30419921875,7093.27587890625,228243500,-0.0050497374828253,-0.0050625304928819,0.0986291821871754,6930.34150390625
2022-08-16,7093.27587890625,7147.97021484375,7080.7529296875,7133.453125,231209400,0.005664131323755,0.0056481504487141,0.0941827508248155,6930.18966796875
2022-08-18,7133.453125,7186.55810546875,7125.39404296875,7186.55810546875,239294800,0.007444498413067,0.0074169248975232,0.0704835526709816,6930.05455078125
2022-08-19,7186.59814453125,7230.11083984375,7172.43408203125,7172.43408203125,232876500,-0.0019653390719476,-0.001967272884929,0.0707978926003971,6929.846630859375
2022-08-22,7172.43408203125,7174.283203125,7064.5009765625,7107.98291015625,204493100,-0.0089859552751367,-0.0090265724772335,0.0810257120170572,6930.273330078125
2022-08-23,7107.86279296875,7183.2587890625,7106.8349609375,7163.26513671875,260557700,0.0077774844511104,0.0077473957279383,0.0808683571690517,6933.629794921875
2022-08-24,7163.30517578125,7204.419921875,7154.64404296875,7194.7060546875,221550000,0.0043891880823432,0.0043795836897338,0.0812356688089503,6936.526279296875
2022-08-25,7194.7060546875,7210.1630859375,7146.31201171875,7174.2080078125,280881500,-0.0028490457732661,-0.0028531120293114,0.0829947838930375,6939.869443359375
2022-08-26,7174.2880859375,7194.0810546875,7135.248046875,7135.248046875,273878800,-0.0054305591495359,-0.0054453582384096,0.0832320494435592,6941.567880859375
2022-08-29,7135.087890625,7135.087890625,7015.34716796875,7132.044921875,256806700,-0.0004489157179901,-0.0004490165108171,0.0831194636816426,6945.469443359375
2022-08-30,7132.0849609375,7223.1259765625,7131.6162109375,7159.47314453125,308273200,0.0038457725598619,0.0038383964816686,0.0835068988449309,6949.1313671875
2022-08-31,7159.51318359375,7178.58984375,7073.22216796875,7178.58984375,256857200,0.0026701265348487,0.0026665680799351,0.0834829514865756,6951.821748046875
2022-09-01,7178.58984375,7197.05615234375,7135.02490234375,7153.10400390625,252393900,-0.0035502571394212,-0.0035565742583288,0.0809096281945026,6955.197607421875
2022-09-02,7153.10400390625,7207.615234375,7146.81103515625,7177.17919921875,284827600,0.0033656990446877,0.0033600477564648,0.0814041508615877,6958.775849609375
2022-09-05,7177.13916015625,7245.40087890625,7147.97607421875,7231.8828125,309176400,0.0076218820462508,0.0075929822575805,0.0842671256478686,6962.554765625
2022-09-06,7231.9228515625,7287.7001953125,7230.79296875,7233.15478515625,346421400,0.0001758840248422,0.0001758685590605,0.0842836003672289,6966.8967578125
2022-09-07,7233.15478515625,7243.52294921875,7166.6259765625,7186.7568359375,328200100,-0.0064146213646592,-0.0064352834553391,0.0881521118319205,6970.7027734375
2022-09-08,7186.7568359375,7277.8837890625,7186.56396484375,7232.01708984375,277671500,0.0062977299690905,0.0062779821353578,0.0896489598615148,6976.49609375
2022-09-09,7232.05712890625,7270.296875,7206.3720703125,7242.65576171875,273581100,0.001471051816227,0.0014699708794502,0.0825645028592418,6983.117568359375
2022-09-12,7242.69580078125,7276.419921875,7218.4638671875,7254.4638671875,300778400,0.0016303557503261,0.0016290281631535,0.0805374315613752,6992.320283203125
2022-09-13,7254.4638671875,7345.4560546875,7254.416015625,7318.01611328125,285339000,0.0087604331977173,0.0087222832476363,0.0819214340290025,7005.89716796875
2022-09-14,7317.89599609375,7317.89599609375,7219.31982421875,7278.078125,250200100,-0.0054574884317032,-0.0054724349267139,0.0840431838476609,7017.393408203125
2022-09-15,7278.1982421875,7377.4951171875,7278.1982421875,7305.60107421875,274253400,0.0037816232178395,0.0037744908563727,0.0813066077203978,7030.5772265625
2022-09-16,7305.60107421875,7306.1630859375,7163.0732421875,7168.8701171875,351796400,-0.0187159079235478,-0.0188932669716573,0.1071103236013328,7040.902890625
2022-09-19,7168.9501953125,7231.416015625,7151.615234375,7195.48779296875,252816300,0.0037129527172536,0.003706076723218,0.1023474671382567,7050.00826171875
2022-09-20,7195.56787109375,7252.18603515625,7186.24609375,7196.951171875,279749000,0.0002033745241956,0.0002033538464005,0.0988137357777152,7059.504384765625
2022-09-21,7196.87109375,7204.90185546875,7134.78515625,7188.31396484375,246224300,-0.0012001202766254,-0.0012008409976569,0.0976880524178677,7068.90478515625
2022-09-22,7188.19384765625,7225.55078125,7127.45703125,7218.90576171875,282626800,0.0042557680458334,0.004246737876143,0.0982299844969622,7080.463095703125
2022-09-23,7219.02587890625,7219.02587890625,7172.533203125,7178.5830078125,205509000,-0.0055857155138494,-0.0056013739590531,0.0983527198734695,7090.233017578125
2022-09-26,7178.5029296875,7178.5029296875,7039.2412109375,7127.5029296875,193399700,-0.0071156212959311,-0.0071410580665863,0.10183800151035,7099.74498046875
2022-09-27,7127.5029296875,7133.4111328125,7075.65380859375,7112.44921875,227195500,-0.0021120595931006,-0.0021142931364349,0.1010263818233739,7108.80890625
2022-09-28,7112.4091796875,7156.97998046875,7073.47314453125,7077.03076171875,193422200,-0.0049797834672589,-0.0049922239065966,0.1016697207038306,7115.627685546875
2022-09-29,7077.11083984375,7135.5009765625,7023.2109375,7036.1982421875,214141900,-0.0057697247484245,-0.005786433912778,0.1027989007681898,7118.856787109375
2022-09-30,7036.1982421875,7056.169921875,6926.85986328125,7040.7978515625,208540900,0.0006537066206324,0.0006534930475305,0.101781761227348,7122.390126953125
2022-10-03,7040.7978515625,7047.6240234375,6995.06201171875,7009.7177734375,179996500,-0.0044142835485757,-0.0044240552655557,0.0972260663076105,7124.845244140625
2022-10-04,7009.8369140625,7101.47216796875,7009.8369140625,7072.255859375,216377800,0.0089216267985112,0.0088820642203999,0.1039657195929235,7129.122216796875
2022-10-05,7072.294921875,7131.8798828125,7070.212890625,7075.384765625,219700600,0.000442419832118,0.0004423219933202,0.1021569171669935,7133.199169921875
2022-10-06,7075.384765625,7135.908203125,7066.47119140625,7076.623046875,177554400,0.0001750125669512,0.0001749972540386,0.0988057634462494,7136.767314453125
2022-10-07,7076.623046875,7081.01806640625,7008.14404296875,7026.783203125,226928900,-0.0070428852038415,-0.0070678033860288,0.1005095003575213,7138.166640625
2022-10-10,7026.6630859375,7026.6630859375,6947.71923828125,6994.39501953125,220135300,-0.004609247597015,-0.0046199029333834,0.1003661373459606,7139.032080078125
2022-10-11,6994.39501953125,7001.96923828125,6937.80908203125,6939.14501953125,237406700,-0.0078991821087769,-0.0079305459226053,0.0943834753971844,7138.43931640625
2022-10-12,6939.14501953125,6990.587890625,6870.2822265625,6909.208984375,225826800,-0.0043140812120211,-0.0043234137108166,0.0940164593708474,7136.8603515625
2022-10-13,6909.208984375,6933.7080078125,6880.625,6880.625,175237300,-0.0041370849310886,-0.0041456663431503,0.0910501108814721,7133.54015625
2022-10-14,6880.6650390625,6943.85498046875,6814.52978515625,6814.52978515625,188093100,-0.0096059899854664,-0.0096524251168098,0.0739553661103853,7128.6837890625
2022-10-17,6814.52978515625,6836.97509765625,6747.3798828125,6831.115234375,217793900,0.0024338361914386,0.0024308792090373,0.0726552692560206,7123.612998046875
2022-10-18,6831.15478515625,6891.98486328125,6809.98486328125,6834.494140625,204836800,0.0004946346436958,0.0004945123523051,0.0728113628164039,7118.5658984375
2022-10-19,6834.494140625,6883.9169921875,6806.11376953125,6860.416015625,165404100,0.0037928008228023,0.0037856262890909,0.0761427141712673,7113.71662109375
2022-10-20,6860.416015625,6986.205078125,6847.06689453125,6980.65185546875,225664700,0.017526027513478,0.0173742178732799,0.1012955971007951,7111.60494140625
2022-10-21,6980.69189453125,7058.9111328125,6974.962890625,7017.77099609375,181511700,0.0053174318664697,0.0053033442435589,0.1030739198110685,7108.752666015625
2022-10-24,7017.81103515625,7092.169921875,7017.4609375,7053.0439453125,203913800,0.0050262325798866,0.0050136432399249,0.1027060992592974,7107.2280078125
2022-10-25,7053.083984375,7108.81591796875,7032.5419921875,7048.3798828125,223456200,-0.0006612836296163,-0.0006615023740758,0.1025372747722081,7106.330087890625
2022-10-26,7048.419921875,7081.8798828125,7017.93505859375,7043.93896484375,187797900,-0.0006300622331067,-0.0006302608057287,0.101135285248483,7104.5398046875
2022-10-27,7043.97900390625,7104.85302734375,7043.97900390625,7091.76123046875,188078500,0.0067891368542061,0.006766194445492,0.1018086548645092,7102.6438671875
2022-10-28,7091.76123046875,7100.80810546875,7016.7021484375,7056.0400390625,186703600,-0.0050369986023752,-0.0050497270399061,0.1036121292360962,7100.315986328125
2022-10-31,7056.0400390625,7113.11279296875,7051.42919921875,7098.89013671875,192397100,0.0060728251850938,0.0060544598975106,0.1042074649773216,7100.134130859375
2022-11-01,7098.93017578125,7128.13623046875,7018.5517578125,7052.30322265625,193069500,-0.0065625630436976,-0.0065841913371721,0.1024134075156584,7097.914892578125
2022-11-02,7052.30322265625,7074.23291015625,6976.87109375,7015.68994140625,165214300,-0.0051916771151269,-0.0052052006977838,0.1039372471601342,7094.3345703125
2022-11-03,7015.68994140625,7050.380859375,6962.85302734375,7034.5732421875,176601600,0.0026915814323267,0.0026879656137501,0.1045104080502506,7091.541875
2022-11-04,7034.5732421875,7045.52685546875,6973.31884765625,7045.52685546875,180561000,0.0015571112708812,0.0015559002301134,0.1015422879333627,7089.747451171875
2022-11-07,7045.52685546875,7102.39599609375,7011.56396484375,7102.39599609375,194075900,0.0080716661495454,0.0080392644924594,0.1036047667110269,7089.15447265625
2022-11-08,7102.43603515625,7111.43994140625,7039.251953125,7050.1259765625,193397800,-0.007359491016834,-0.0073867056770913,0.1030156057150707,7086.967529296875
2022-11-09,7050.0859375,7073.5517578125,7037.30712890625,7070.083984375,187445600,0.0028308725090655,0.0028268731355174,0.1014194779964492,7084.797412109375
2022-11-10,7070.083984375,7070.083984375,6956.2880859375,6966.8369140625,188518000,-0.0146033725399412,-0.0147110513866974,0.1147903466451502,7081.0720703125
2022-11-11,6966.99609375,7106.06005859375,6966.99609375,7089.2060546875,226055800,0.0175645191834472,0.017412045841216,0.1225948425512028,7079.312607421875
2022-11-14,7089.2060546875,7104.76416015625,7014.2978515625,7019.39208984375,174641100,-0.0098479243380982,-0.009896735870884,0.1295974906114981,7075.06279296875
2022-11-15,7019.39208984375,7048.39013671875,6999.23583984375,7035.5,167825000,0.0022947728165172,0.0022921438465352,0.1295954583869452,7071.109697265625
2022-11-16,7035.5,7046.9990234375,6955.52880859375,7014.3837890625,165129900,-0.0030013802768104,-0.0030058934513577,0.1302123603246177,7067.662236328125
2022-11-17,7014.3837890625,7051.27490234375,6965.76220703125,7044.98583984375,156588900,0.0043627568296116,0.0043532675955042,0.1160767497867089,7063.921611328125
2022-11-18,7045.02587890625,7094.09716796875,7027.74609375,7082.18115234375,167164400,0.0052796859135808,0.0052657972356979,0.1160560399499063,7060.712119140625
2022-11-21,7082.18115234375,7107.3232421875,7050.44091796875,7063.2470703125,162801100,-0.0026734817458013,-0.0026770618804974,0.1152589916347452,7056.887783203125
2022-11-22,7063.2470703125,7108.8310546875,7030.587890625,7030.587890625,177602200,-0.0046238195213034,-0.0046345424414523,0.1164511058895722,7051.13921875
2022-11-23,7030.626953125,7089.69384765625,7026.39111328125,7054.123046875,157476700,0.0033475374486653,0.0033419469180464,0.1170750812767313,7046.6601171875
2022-11-24,7054.162109375,7104.88916015625,7054.162109375,7080.51513671875,159926700,0.0037413707796665,0.0037343892602278,0.115256437148309,7042.1583984375
2022-11-25,7080.55419921875,7086.56201171875,7013.22119140625,7053.14990234375,158716200,-0.0038648648928221,-0.0038723527824898,0.1146572317767152,7039.843994140625
2022-11-28,7053.10986328125,7083.37890625,7011.453125,7017.35791015625,187211500,-0.0050746110153715,-0.0050875305802278,0.1136442198568041,7036.281396484375
2022-11-29,7017.31787109375,7036.5380859375,6990.90087890625,7012.06884765625,164098100,-0.0007537113779454,-0.0007539955611697,0.1114197200383909,7032.58375
2022-11-30,7012.10888671875,7081.31298828125,6993.69580078125,7081.31298828125,273493300,0.0098749944031346,0.0098265552755988,0.1153253313828143,7030.44373046875
2022-12-01,7081.19482421875,7090.27685546875,7018.26904296875,7020.80322265625,167994300,-0.0085449923940852,-0.0085817101599071,0.119313939716623,7026.4816796875
2022-12-02,7020.80322265625,7021.81396484375,6967.9501953125,7019.63916015625,139459800,-0.0001658018980283,-0.0001658156446825,0.1191538204512749,7023.302802734375
2022-12-05,7019.63916015625,7053.90283203125,6987.328125,6987.328125,165306000,-0.0046029481600206,-0.0046135743462973,0.1159948372606906,7020.499306640625
2022-12-06,6987.3681640625,6987.3681640625,6862.56494140625,6892.56982421875,149697900,-0.0135614499685815,-0.0136542463552985,0.122646041326703,7016.10171875
2022-12-07,6892.56982421875,6892.6630859375,6799.2998046875,6818.751953125,158724300,-0.0107097748700887,-0.0107675372942012,0.1262684393097089,7010.936142578125
2022-12-08,6818.791015625,6821.05078125,6683.62890625,6804.22705078125,162316700,-0.0021301408884794,-0.002132412865576,0.1167588152595632,7006.29671875
2022-12-09,6804.22705078125,6804.22705078125,6695.3818359375,6715.1181640625,127123900,-0.013096107177746,-0.0131826173168147,0.1016725724850265,6999.783125
2022-12-12,6715.1181640625,6734.4521484375,6641.81005859375,6734.4521484375,134471100,0.0028791726225265,0.0028750357436547,0.0997898917929667,6994.2778125
2022-12-13,6734.4912109375,6826.1162109375,6714.8720703125,6810.31591796875,396136700,0.0112650246611154,0.0112020467942746,0.1094976916112947,6989.039013671875
2022-12-14,6810.35595703125,6854.09814453125,6774.1318359375,6801.7490234375,215430000,-0.0012579290938099,-0.0012587209507487,0.1093813444910928,6983.566298828125
2022-12-15,6801.7890625,6801.837890625,6740.955078125,6751.85986328125,145093400,-0.0073347546321308,-0.0073617862059717,0.1089147433392708,6977.07103515625
2022-12-16,6751.85986328125,6812.19287109375,6693.76513671875,6812.19287109375,156126900,0.0089357612619613,0.0088960735984005,0.1128724257129675,6972.779228515625
2022-12-19,6812.15380859375,6827.81494140625,6754.087890625,6779.6982421875,127896600,-0.0047700688340952,-0.0047814819210404,0.1133002201622062,6968.48529296875
2022-12-20,6779.6982421875,6792.203125,6715.044921875,6768.31591796875,151817000,-0.0016788836039813,-0.0016802945084432,0.1128904792348428,6965.0687109375
2022-12-21,6768.31591796875,6820.6630859375,6763.69677734375,6820.6630859375,139079800,0.0077341496175993,0.0077043944048148,0.1165793758595133,6963.29779296875
2022-12-22,6820.7021484375,6844.12109375,6800.6171875,6824.43212890625,129012900,0.0005525918699196,0.000552439247255,0.1151567849117502,6962.173935546875
2022-12-23,6824.39306640625,6824.39306640625,6784.5869140625,6800.6728515625,120430300,-0.0034815024744861,-0.0034875770073249,0.115074871900549,6961.896796875
2022-12-26,6800.712890625,6858.14697265625,6796.1669921875,6835.80810546875,117543200,0.0051664378912414,0.0051531376412743,0.1169474469915238,6961.990654296875
2022-12-27,6835.84716796875,6933.88916015625,6835.662109375,6923.02685546875,121669200,0.0127590986543673,0.012678387167309,0.1270764957055145,6963.76130859375
2022-12-28,6923.06591796875,6953.0390625,6828.14013671875,6850.52001953125,120571100,-0.0104732853780892,-0.0105285162019772,0.1253721001837199,6963.563388671875
2022-12-29,6850.52001953125,6879.5849609375,6786.98193359375,6860.0771484375,141016100,0.001395095391153,0.0013941231497191,0.1230430020922559,6961.15189453125
2022-12-30,6860.1162109375,6888.73583984375,6838.5888671875,6850.619140625,129302000,-0.0013787028349461,-0.0013796541201599,0.1229886171351287,6957.808857421875
2023-01-02,6850.740234375,6856.88916015625,6823.47900390625,6850.98388671875,109645000,5.32427925510337e-05,5.324137520386318e-05,0.122394226985655,6953.76765625
2023-01-03,6850.98388671875,6908.001953125,6838.57421875,6888.7578125,156894900,0.0055136497772938,0.0054985052525945,0.1147427324586449,6950.57521484375
2023-01-04,6888.798828125,6900.60302734375,6813.23876953125,6813.23876953125,142541400,-0.0109626503100046,-0.0110231829663454,0.1150632384945109,6945.9612109375
2023-01-05,6813.27978515625,6813.421875,6621.98681640625,6653.8408203125,180589300,-0.0233953270405811,-0.0236733424393211,0.142412957038225,6937.202802734375
2023-01-06,6653.759765625,6708.63720703125,6598.64599609375,6684.55810546875,109855600,0.0046164743019516,0.00460585106651,0.1362915317808958,6929.7731640625
2023-01-09,6684.55810546875,6726.9658203125,6638.64599609375,6688.26513671875,135949700,0.0005545663889086,0.0005544126737962,0.1358389372363853,6921.5606640625
2023-01-10,6688.26513671875,6690.22900390625,6570.2431640625,6622.4990234375,144817300,-0.0098330601339639,-0.0098817239419795,0.1326490476687807,6912.964580078125
2023-01-11,6622.5390625,6622.794921875,6557.919921875,6584.453125,124903900,-0.0057449458735823,-0.0057615115515442,0.1335461210243241,6904.33984375
2023-01-12,6584.494140625,6662.22900390625,6574.0888671875,6629.93408203125,148901900,0.0069073249012232,0.0068835786187251,0.1349929436641571,6896.247060546875
2023-01-13,6629.93408203125,6658.47607421875,6600.59423828125,6641.830078125,165594900,0.001794285726911,0.0017926779192331,0.1304259265228954,6888.173125
2023-01-16,6641.830078125,6688.05712890625,6627.69677734375,6688.05712890625,154893500,0.0069599869670708,0.0069358780582654,0.1328468428912093,6879.88634765625
2023-01-17,6688.05712890625,6801.87109375,6688.05712890625,6767.33984375,217634400,0.0118543716531793,0.0117846589819765,0.139912863579839,6874.230625
2023-01-18,6767.17822265625,6790.1640625,6721.4638671875,6765.7861328125,194959200,-0.0002295896132562,-0.0002296159729862,0.1369152137441625,6868.14466796875
2023-01-19,6765.74609375,6820.98486328125,6754.5517578125,6819.9072265625,154234600,0.0079992321199047,0.0079674078630779,0.1400951544638594,6865.20607421875
2023-01-20,6819.9072265625,6874.93115234375,6819.5322265625,6874.93115234375,173846000,0.0080681340600852,0.0080357606784283,0.1422809049490775,6860.920576171875
2023-01-24,6874.93115234375,6906.791015625,6841.0068359375,6860.85400390625,196805400,-0.0020476057324153,-0.0020497049430931,0.1414804618736205,6857.749814453125
2023-01-25,6860.85400390625,6871.36376953125,6821.27978515625,6829.93017578125,187905300,-0.0045072855518268,-0.0045174739896757,0.1343233664565702,6853.63841796875
2023-01-26,6829.97021484375,6874.869140625,6815.78515625,6864.81787109375,171067600,0.0051080603190074,0.0050950584363673,0.13052021808321,6850.647099609375
2023-01-27,6864.81787109375,6932.708984375,6864.81787109375,6898.98095703125,149187500,0.0049765465856499,0.0049642045080367,0.1315989098191538,6847.727001953125
2023-01-30,6899.02197265625,6925.46923828125,6834.0810546875,6872.48095703125,134698100,-0.0038411469991074,-0.0038485431501189,0.1323024832739185,6843.532998046875
2023-01-31,6872.52099609375,6880.9599609375,6827.2431640625,6839.341796875,151785000,-0.0048220082912482,-0.0048336716823128,0.1334863615418666,6839.054892578125
2023-02-01,6838.916015625,6893.18408203125,6838.916015625,6862.2578125,145899200,0.0033506171069663,0.0033450162967609,0.1325069293107623,6835.688291015625
2023-02-02,6862.2578125,6896.73193359375,6855.3671875,6890.57177734375,189189500,0.0041260421303574,0.0041175533605304,0.1268728293965554,6832.417265625
2023-02-03,6890.7138671875,6951.966796875,6890.7138671875,6911.73193359375,202858400,0.0030708853972865,0.003066179859708,0.0889603264558751,6829.0416015625
2023-02-06,6911.73193359375,6924.8828125,6835.7578125,6873.791015625,143480000,-0.0054893503297404,-0.0055044721780662,0.0920682456844038,6825.454423828125
2023-02-07,6873.791015625,6946.23388671875,6873.791015625,6935.30078125,173101600,0.0089484486050246,0.0089086484954153,0.0957575226600475,6823.81328125
2023-02-08,6935.30078125,6961.9189453125,6912.10888671875,6940.1240234375,172668200,0.0006954625818882,0.0006952208598527,0.0854271054575706,6822.374384765625
2023-02-09,6940.1240234375,6961.15185546875,6896.0400390625,6897.365234375,176681300,-0.0061610986947926,-0.0061801565820282,0.0859650676857103,6818.6954296875
2023-02-10,6895.23779296875,6895.23779296875,6803.41796875,6880.3291015625,140803700,-0.0024699479052661,-0.0024730032586728,0.0857948565584107,6815.885947265625
2023-02-13,6880.3291015625,6915.14404296875,6871.8828125,6900.14013671875,213914100,0.0028793731904119,0.0028752357357084,0.0858706866945404,6813.495966796875
2023-02-14,6900.14013671875,6941.85498046875,6900.14013671875,6941.85498046875,162808100,0.0060455067467422,0.0060273059891943,0.0852231888800686,6812.58650390625
2023-02-15,6941.85498046875,6946.0341796875,6872.869140625,6914.5380859375,148477900,-0.003935100143709,-0.0039428630221077,0.078994400283638,6813.025869140625
2023-02-16,6914.5380859375,6933.28076171875,6875.30078125,6895.6640625,173648600,-0.0027296145025053,-0.0027333466933467,0.0800362811234814,6814.564111328125
2023-02-17,6895.6640625,6919.091796875,6868.27978515625,6895.7138671875,180098400,7.2226093164040606e-06,7.222583233486983e-06,0.075647833603694,6816.39384765625
2023-02-20,6895.85595703125,6910.5048828125,6863.6708984375,6894.716796875,175859700,-0.0001445927617798,-0.0001446032163209,0.0702992298541397,6819.9858203125
2023-02-21,6894.716796875,6923.6728515625,6870.9111328125,6873.40478515625,144215700,-0.0030910641215038,-0.0030958513277918,0.0708282362930455,6822.764873046875
2023-02-22,6873.26318359375,6875.39013671875,6781.22900390625,6809.9677734375,149215500,-0.0092293432005849,-0.0092721974701852,0.0766993200693168,6822.75791015625
2023-02-23,6810.10888671875,6839.4541015625,6806.9970703125,6839.4541015625,124488600,0.0043298777771036,0.0043205308273751,0.0760437876690029,6823.51201171875
2023-02-24,6839.4541015625,6880.31201171875,6839.4541015625,6856.576171875,130300200,0.002503426451621,0.0025002980996,0.0743142072957413,6825.606337890625
2023-02-27,6856.576171875,6871.11181640625,6819.8720703125,6854.77685546875,127631500,-0.0002624219962188,-0.000262456434896,0.0731291134919958,6826.458017578125
2023-02-28,6854.77685546875,6890.35400390625,6843.23876953125,6843.23876953125,167931100,-0.0016832183134152,-0.0016846365170148,0.071272853499235,6827.728828125
2023-03-01,6843.09814453125,6889.51416015625,6833.18896484375,6844.93603515625,146293200,0.0002480208103445,0.000247990058268,0.0702012190297735,6829.26123046875
2023-03-02,6845.078125,6875.09814453125,6841.86181640625,6857.4150390625,136086000,0.0018231001490967,0.0018214403190712,0.0688197183371346,6829.99626953125
2023-03-03,6857.4150390625,6884.1162109375,6804.47607421875,6813.63623046875,118736600,-0.0063841561790221,-0.0064046220554816,0.0709607804216733,6829.7803515625
2023-03-06,6813.9189453125,6856.56884765625,6801.18994140625,6807.0009765625,137055800,-0.0009738198051399,-0.000974294275704,0.0686908735474058,6829.9069140625
2023-03-07,6806.85888671875,6812.958984375,6758.0009765625,6766.7578125,140398600,-0.0059120256043833,-0.0059295708137515,0.0615952886139402,6828.525908203125
2023-03-08,6766.7578125,6776.3701171875,6728.19091796875,6776.3701171875,144130900,0.0014205185044073,0.0014195105224551,0.0619482082715992,6825.5927734375
2023-03-09,6776.3701171875,6824.6640625,6776.3701171875,6799.794921875,113187000,0.0034568366665932,0.0034508755405327,0.0610937714410295,6824.578271484375
2023-03-10,6799.794921875,6799.794921875,6741.41015625,6765.3017578125,131746200,-0.0050726771114133,-0.0050855868142931,0.0627731505429669,6822.682763671875
2023-03-13,6765.01806640625,6812.8740234375,6727.44287109375,6786.955078125,141798000,0.0032006436797138,0.0031955325228223,0.0630345312075675,6821.409482421875
2023-03-14,6786.671875,6786.671875,6635.3759765625,6641.81396484375,166605500,-0.0213853063134384,-0.0216172852321111,0.0926081355655529,6817.226083984375
2023-03-15,6641.81396484375,6709.86083984375,6628.13720703125,6628.13720703125,139210500,-0.0020591901376481,-0.0020613131846652,0.0923815204262814,6812.013671875
2023-03-16,6628.13720703125,6630.76806640625,6542.7919921875,6565.72802734375,154420700,-0.0094157947758376,-0.0094604036107173,0.0959940415956815,6807.06345703125
2023-03-17,6565.72802734375,6683.09423828125,6565.72802734375,6678.23681640625,455755600,0.0171357675179271,0.0169906062074101,0.1181388959483505,6807.551376953125
2023-03-20,6678.23681640625,6678.23681640625,6587.68896484375,6612.490234375,128905000,-0.0098449012574295,-0.0098936827277072,0.1215622835340322,6806.11001953125
2023-03-21,6612.490234375,6691.61083984375,6609.22314453125,6691.61083984375,145475100,0.0119653266264865,0.0118943080515183,0.1311816022242765,6806.17693359375
2023-03-24,6694.01708984375,6776.90478515625,6692.166015625,6762.25390625,146575100,0.0105569597660433,0.0105016241759892,0.1340699242310472,6808.97203125
2023-03-27,6762.25390625,6772.59521484375,6704.751953125,6708.93310546875,135182600,-0.007885063400528,-0.0079163149013898,0.1354434244363397,6811.461630859375
2023-03-28,6708.93310546875,6764.65478515625,6708.93310546875,6760.328125,126113300,0.0076606844521009,0.0076314904117223,0.1383767241102521,6814.06951171875
2023-03-29,6760.328125,6851.505859375,6760.328125,6839.43603515625,143324900,0.0117017855780854,0.011633849156573,0.1451603522355838,6818.021630859375
2023-03-30,6839.43603515625,6868.6328125,6803.0927734375,6808.951171875,140466800,-0.0044572188590624,-0.0044671818749586,0.1458943442461941,6820.43951171875
2023-03-31,6809.0927734375,6831.55322265625,6789.60986328125,6805.27685546875,139015200,-0.000539630306269,-0.0005397759591042,0.1458853954537812,6821.198251953125
2023-04-03,6805.27685546875,6849.35791015625,6805.126953125,6827.1748046875,127453100,0.0032177896188239,0.0032126236129219,0.1462356757549363,6822.426025390625
2023-04-04,6827.033203125,6859.69287109375,6781.52392578125,6833.17822265625,131576400,0.0008793414758661,0.0008789550816488,0.1444250310181321,6822.6914453125
2023-04-05,6833.17822265625,6867.3369140625,6816.43017578125,6819.6748046875,123965500,-0.0019761548036282,-0.0019781099737693,0.1445719267113321,6821.586318359375
2023-04-06,6819.6748046875,6832.72998046875,6786.287109375,6792.76513671875,172852900,-0.0039458872658053,-0.0039536928189504,0.1436473932979937,6820.224541015625
2023-04-10,6792.76513671875,6799.494140625,6735.19287109375,6771.23486328125,129368500,-0.0031695889676969,-0.0031746227543129,0.1440517083041275,6819.050634765625
2023-04-11,6771.23486328125,6811.31396484375,6738.76611328125,6811.31396484375,161404500,0.0059190239848034,0.0059015753809521,0.1450977883143298,6817.980556640625
2023-04-12,6811.455078125,6833.744140625,6775.2841796875,6798.9638671875,151427200,-0.0018131740395457,-0.0018148198292976,0.1440124533093732,6815.98021484375
2023-04-13,6798.541015625,6816.884765625,6764.6591796875,6785.59814453125,161495800,-0.0019658469904149,-0.0019677818037235,0.1437769745751427,6814.24255859375
2023-04-14,6785.8798828125,6838.07177734375,6785.7001953125,6818.57421875,137035000,0.0048597151667943,0.0048479448691691,0.1197000715491956,6813.82720703125
2023-04-17,6818.71484375,6829.509765625,6765.14208984375,6787.58203125,94860100,-0.0045452592441945,-0.0045556203428334,0.1209536152200031,6812.33369140625
2023-04-18,6787.58203125,6839.7587890625,6784.1728515625,6821.80712890625,103660800,0.0050423107225339,0.0050296408462764,0.1148136728509873,6810.9583984375
2023-04-26,6821.80712890625,6910.14697265625,6821.59912109375,6910.14697265625,120164300,0.0129496249425866,0.0128664954442412,0.1083837514762464,6810.92669921875
2023-04-27,6910.84814453125,6971.91015625,6877.64990234375,6945.47705078125,161595900,0.0051127824436734,0.0050997565516843,0.0998287935729767,6812.360419921875
2023-04-28,6945.47705078125,6958.6728515625,6897.708984375,6915.7158203125,130620700,-0.0042849800310552,-0.0042941868681436,0.0959950522086285,6811.968720703125
2023-05-02,6915.7158203125,6920.3359375,6814.34423828125,6863.3017578125,136480100,-0.0075789786425364,-0.0076078450455613,0.0953610950907899,6810.432275390625
2023-05-03,6863.3017578125,6865.61181640625,6776.89599609375,6812.72216796875,121306900,-0.0073695710357154,-0.0073968604813437,0.0947514582757132,6808.7394140625
2023-05-04,6812.72216796875,6846.1240234375,6780.0869140625,6844.02685546875,137517900,0.0045950336338658,0.0045845086961304,0.092412350325079,6808.013369140625
2023-05-05,6844.02685546875,6851.5859375,6733.77587890625,6787.630859375,148189400,-0.0082401774985272,-0.0082743154255286,0.0878353282993407,6805.76318359375
2023-05-08,6787.4912109375,6798.32177734375,6756.6611328125,6769.630859375,179625500,-0.0026518825747776,-0.0026554050442012,0.0869481673448377,6802.318701171875
2023-05-09,6769.630859375,6793.76611328125,6742.17919921875,6779.97998046875,172097200,0.0015287570783002,0.0015275897187859,0.0871786407005914,6799.6275390625
2023-05-10,6780.40087890625,6820.123046875,6775.19287109375,6811.90478515625,181480200,0.0047086871612402,0.0046976359713347,0.0881010111744934,6797.952353515625
2023-05-11,6811.90478515625,6814.1240234375,6717.4248046875,6755.93798828125,162906200,-0.008216027475451,-0.0082499650450248,0.0925844508400344,6795.1568359375
2023-05-12,6755.93798828125,6755.93798828125,6704.56591796875,6707.76318359375,173779500,-0.0071307351800835,-0.007156280382005,0.0954115511553841,6791.417763671875
2023-05-15,6708.4638671875,6729.2998046875,6656.64794921875,6711.740234375,142578400,0.000592902681922,0.0005927269845711,0.0947985469342573,6788.18447265625
2023-05-16,6711.740234375,6729.07421875,6659.0732421875,6676.56396484375,156372400,-0.0052410058051844,-0.0052547880524254,0.0958298059085442,6785.516396484375
2023-05-17,6676.423828125,6706.59521484375,6661.4677734375,6663.11376953125,180449300,-0.0020145385236064,-0.0020165704357067,0.0926601552663157,6781.98958984375
2023-05-19,6663.11376953125,6715.03076171875,6662.7490234375,6700.56103515625,161565100,0.0056200849813246,0.0056043512262268,0.0955968766980106,6778.869287109375
2023-05-22,6700.56103515625,6757.6240234375,6675.876953125,6729.64697265625,167491100,0.0043408212159239,0.0043314270273603,0.0971170871594864,6776.366689453125
2023-05-23,6729.64697265625,6772.64697265625,6727.06787109375,6736.68408203125,162216500,0.0010456877461169,0.0010451413955272,0.0953055456827169,6774.235595703125
2023-05-24,6736.68408203125,6755.8828125,6713.89306640625,6745.80419921875,137679300,0.0013537991505088,0.0013528835906684,0.0943594066356727,6772.252958984375
2023-05-25,6745.80419921875,6749.712890625,6702.52978515625,6704.23095703125,156986800,-0.0061628296582214,-0.0061818982777235,0.09433913416218,6769.18927734375
2023-05-26,6704.23095703125,6727.2861328125,6669.23583984375,6687.0009765625,181504900,-0.0025700159465239,-0.0025733241067385,0.0792333024753983,6766.656572265625
2023-05-29,6687.28076171875,6708.3671875,6617.23681640625,6681.10205078125,164801800,-0.0008821481859992,-0.0008825375076867,0.0752271319175876,6764.13859375
2023-05-30,6681.10205078125,6700.23779296875,6636.4228515625,6636.4228515625,173775000,-0.0066873996055075,-0.006709860454703,0.0767038294630642,6761.53189453125
2023-05-31,6636.4228515625,6657.64990234375,6562.955078125,6633.26123046875,615071900,-0.0004764044070828,-0.000476517923717,0.0739932984910394,6758.669716796875
2023-06-05,6633.26123046875,6663.71484375,6598.509765625,6633.43701171875,152714500,2.6499973978522107e-05,2.6499622860414743e-05,0.07105251466818,6755.34255859375
2023-06-06,6633.43701171875,6677.56787109375,6602.00390625,6618.9228515625,231838500,-0.0021880301464548,-0.0021904273818696,0.0675518980313949,6752.41498046875
2023-06-07,6619.06298828125,6638.5810546875,6578.755859375,6619.7548828125,162881000,0.0001257049324578,0.0001256970322549,0.0630969175333322,6749.0709765625
2023-06-08,6619.7548828125,6666.330078125,6598.419921875,6666.330078125,168616600,0.0070357885053158,0.0070111528321293,0.0692732444032751,6749.561298828125
2023-06-09,6666.0498046875,6703.82421875,6648.958984375,6694.02392578125,182769600,0.0041542868912425,0.0041456816656068,0.0710255730955869,6750.879033203125
2023-06-12,6694.583984375,6722.373046875,6670.52197265625,6722.373046875,158712000,0.0042349895082638,0.0042260471784216,0.0705739941978,6754.01193359375
2023-06-13,6722.373046875,6744.0380859375,6697.07080078125,6719.01416015625,176568000,-0.0004996578879702,-0.0004997827585695,0.0646332126346124,6754.82748046875
2023-06-14,6718.8740234375,6744.64404296875,6672.85595703125,6699.716796875,178279800,-0.002872052777576,-0.0028761850350923,0.0602237132659772,6756.57201171875
2023-06-15,6699.716796875,6717.4560546875,6660.9091796875,6713.794921875,151187300,0.0021013015067392,0.0020990968606054,0.0606759380009871,6757.015693359375
2023-06-16,6713.51513671875,6726.4560546875,6669.3359375,6698.546875,172061800,-0.0022711517185785,-0.0022737346952719,0.0581102561748235,6755.741552734375
2023-06-19,6698.546875,6705.0380859375,6669.0498046875,6686.05908203125,161424500,-0.0018642540243103,-0.001865993908571,0.0580377153882004,6755.284072265625
2023-06-20,6686.05908203125,6692.44091796875,6626.14892578125,6660.455078125,118276600,-0.0038294612105748,-0.0038368123704789,0.0559551769463079,6753.286611328125
2023-06-21,6660.455078125,6702.625,6635.673828125,6702.625,120273100,0.006331387477336,0.0063114284449207,0.058511883088675,6750.550390625
2023-06-22,6702.76513671875,6717.97607421875,6652.26123046875,6652.26123046875,168533600,-0.0075140365948043,-0.0075424091855902,0.0637882042948876,6747.416591796875
2023-06-23,6652.26123046875,6665.6630859375,6635.48193359375,6639.73291015625,113447100,-0.0018833175484928,-0.0018850932207737,0.0634876316260443,6744.105712890625
2023-06-26,6639.73291015625,6674.06005859375,6622.18408203125,6664.66796875,126037100,0.0037554309685572,0.0037483969427095,0.0620767082883603,6740.855576171875
2023-06-27,6664.66796875,6679.6259765625,6652.90380859375,6661.87890625,142328900,-0.0004184848387163,-0.0004185724279337,0.0614967375583761,6737.42958984375
2023-07-03,6661.73583984375,6696.7158203125,6660.82421875,6696.7158203125,125551000,0.0052292925993921,0.0052156673285572,0.0643280667231591,6734.97041015625
2023-07-04,6696.85888671875,6713.9931640625,6672.77392578125,6681.75390625,146273000,-0.0022342166614144,-0.002236716247231,0.0598347687771835,6732.750185546875
2023-07-05,6681.75390625,6719.05615234375,6676.93408203125,6718.97705078125,148911000,0.0055708643349512,0.0055554044602324,0.0625134624521314,6731.705029296875
2023-07-06,6718.26318359375,6766.27294921875,6712.07421875,6757.3310546875,179543000,0.0057083100026051,0.0056920793382121,0.0649606113607192,6730.62537109375
2023-07-07,6757.0478515625,6757.0478515625,6711.22314453125,6716.458984375,158332900,-0.0060485523029314,-0.0060669188937197,0.0687721258871911,6728.9752734375
2023-07-10,6716.458984375,6763.5458984375,6716.458984375,6731.0380859375,123617000,0.0021706529581162,0.0021683004946234,0.0689155683436776,6727.884072265625
2023-07-11,6731.18017578125,6796.923828125,6730.6298828125,6796.923828125,160428000,0.0097883478515963,0.0097407523105415,0.0727360383195737,6727.451064453125
2023-07-12,6796.923828125,6820.17919921875,6785.85595703125,6808.208984375,161722800,0.0016603328999074,0.0016589560710236,0.0718259680711341,6727.863603515625
2023-07-13,6808.35107421875,6835.73779296875,6783.7412109375,6810.212890625,171443900,0.0002943367711829,0.0002942934626135,0.0707191316047861,6727.63171875
2023-07-14,6810.212890625,6874.77587890625,6810.212890625,6869.57177734375,160702800,0.0087161572878968,0.0086783908822563,0.0760453341657684,6726.82021484375
2023-07-17,6869.712890625,6931.27197265625,6867.14404296875,6867.14404296875,176805700,-0.0003534040335683,-0.0003534664954904,0.0748095188563873,6725.2535546875
2023-07-18,6867.14404296875,6902.14306640625,6798.43212890625,6830.203125,150363000,-0.0053793713569433,-0.0053938922740567,0.078306909786353,6723.54330078125
2023-07-20,6830.06103515625,6874.89208984375,6827.9990234375,6864.18896484375,142032500,0.0049758168566547,0.0049634783923252,0.0786792043192004,6723.561044921875
2023-07-21,6864.18896484375,6880.8017578125,6837.64599609375,6880.8017578125,131640100,0.0024202120678546,0.0024172880714719,0.0779153292918365,6724.92263671875
2023-07-24,6880.8017578125,6929.68408203125,6877.9482421875,6899.39599609375,150084400,0.0027023359974203,0.0026986912522396,0.0754649063751554,6726.03001953125
2023-07-25,6897.97802734375,6944.6201171875,6897.97802734375,6917.7109375,150504400,0.0026545717069463,0.0026510545544534,0.0736346941795175,6728.63162109375
2023-07-26,6917.7109375,6955.97509765625,6917.4072265625,6948.27880859375,149683800,0.004418784099238,0.0044090499376846,0.065802623497285,6732.204580078125
2023-07-27,6948.27880859375,6966.1669921875,6896.6630859375,6896.6630859375,158624100,-0.0074285623933816,-0.0074562915736441,0.0729476245773059,6734.5382421875
2023-07-28,6896.80517578125,6904.10498046875,6857.3681640625,6900.22998046875,146686100,0.000517191355704,0.0005170576583509,0.0727621965044079,6736.30474609375
2023-07-31,6900.22998046875,6931.35888671875,6895.0732421875,6931.35888671875,171457600,0.004511285324998,0.004501139978282,0.0729248328069038,6739.8131640625
2023-08-01,6931.0751953125,6934.38720703125,6880.466796875,6886.49609375,196062700,-0.0064724383345251,-0.0064934753866679,0.0777263525422418,6743.387822265625
2023-08-02,6886.49609375,6886.49609375,6833.97998046875,6854.509765625,183858400,-0.004644789990374,-0.0046556105465434,0.0796760990910991,6746.243212890625
2023-08-03,6854.509765625,6924.05322265625,6839.7431640625,6898.0771484375,163613400,0.0063560173232211,0.0063359030313145,0.0802779523499399,6750.6734765625
2023-08-04,6898.21923828125,6925.01416015625,6850.89990234375,6852.841796875,118791000,-0.0065576755071152,-0.0065792715260419,0.0831699755238355,6754.468037109375
2023-08-07,6852.841796875,6904.35595703125,6852.841796875,6886.3662109375,134540800,0.0048920455274172,0.004880118355724,0.0803845487463317,6758.184140625
2023-08-08,6886.5068359375,6915.05078125,6861.634765625,6868.81298828125,170357400,-0.0025489818749938,-0.0025522360603759,0.0814085339959651,6760.9674609375
2023-08-09,6868.81298828125,6901.06005859375,6863.083984375,6875.11181640625,218491200,0.0009170184332789,0.000916598228746,0.0746026455242918,6763.736015625
2023-08-10,6875.11181640625,6910.7548828125,6875.11181640625,6893.27587890625,162734000,0.0026420024844766,0.0026385185309727,0.0748725017025146,6766.68544921875
2023-08-11,6893.27587890625,6906.64501953125,6865.11181640625,6879.97900390625,130736700,-0.0019289631277763,-0.0019308259731092,0.075415859255293,6770.20041015625
2023-08-14,6879.97900390625,6910.171875,6823.75390625,6910.171875,138804900,0.004388512098163,0.0043789106593829,0.0706316168712105,6774.663828125
2023-08-15,6910.455078125,6928.6298828125,6898.3818359375,6915.10107421875,172760000,0.0007133251253248,0.0007130708298806,0.0706032728192719,6779.34380859375
2023-08-16,6915.10107421875,6915.10107421875,6855.88818359375,6900.5380859375,152291200,-0.0021059689692092,-0.0021081896401827,0.0679735494603383,6784.62611328125
2023-08-18,6899.830078125,6899.830078125,6856.37890625,6859.912109375,130737900,-0.0058873635731815,-0.0059047624206057,0.0694653442446678,6789.159130859375
2023-08-21,6860.05322265625,6890.27587890625,6859.4228515625,6866.033203125,207708300,0.0008922991508353,0.0008919012886052,0.0689614412392885,6793.8110546875
2023-08-22,6866.033203125,6927.4482421875,6860.68896484375,6916.4501953125,158573900,0.007342957817995,0.0073161295557179,0.0732668128425715,6799.7616015625
2023-08-23,6916.4501953125,6959.43212890625,6916.4501953125,6921.41015625,170674700,0.0007171252300581,0.0007168682186259,0.0727013032570032,6805.79470703125
2023-08-24,6921.41015625,6937.64892578125,6898.38818359375,6899.39208984375,142846200,-0.0031811532490049,-0.0031862238734796,0.0716199996762198,6810.455947265625
2023-08-25,6899.39208984375,6906.083984375,6869.6328125,6895.44287109375,129994800,-0.0005724009736761,-0.0005725648576547,0.0665539617321465,6814.484326171875
2023-08-28,6895.8681640625,6940.12109375,6895.8681640625,6921.72705078125,185488900,0.0038118189330065,0.0038045723604614,0.067907800622893,6818.47140625
2023-08-29,6921.72705078125,6964.73388671875,6921.72705078125,6957.8349609375,244345800,0.005216604164155,0.0052030448200303,0.0685462453564427,6823.247822265625
2023-08-30,6958.259765625,7008.48681640625,6958.259765625,6966.65576171875,159326300,0.0012677507918441,0.0012669478743369,0.0638862592595511,6828.5866015625
2023-08-31,6966.65576171875,6982.34521484375,6924.22509765625,6953.259765625,233127700,-0.0019228732625716,-0.0019247243566905,0.0616137187775219,6833.3758984375
2023-09-01,6953.259765625,6992.634765625,6950.26416015625,6977.65380859375,145790000,0.0035082887438417,0.0035021490545648,0.058948508434185,6838.958037109375
2023-09-04,6977.7958984375,7007.8017578125,6974.8232421875,6996.75,154577900,0.0027367639510476,0.0027330258312668,0.0529216385608399,6845.17185546875
2023-09-05,6996.75,7014.47998046875,6972.626953125,6991.7080078125,183173900,-0.0007206191714009,-0.0007208789422007,0.0512377227967818,6851.7969140625
2023-09-06,6991.7080078125,7020.966796875,6989.7900390625,6995.953125,165422100,0.0006071645415908,0.0006069802917767,0.0497349514186587,6857.6634765625
2023-09-07,6996.09521484375,7003.671875,6927.4208984375,6954.80810546875,191159400,-0.0058812600364943,-0.0058986227562188,0.0553071257777062,6863.7144140625
2023-09-08,6954.80810546875,6966.76611328125,6900.5869140625,6924.77978515625,140402900,-0.0043176346287524,-0.0043269825300647,0.0573512606724204,6869.4153515625
2023-09-11,6924.77978515625,6963.39306640625,6904.36279296875,6963.39306640625,174103700,0.0055761024101834,0.0055606135029516,0.0597268724922043,6875.389853515625
2023-09-12,6963.39306640625,6976.47998046875,6928.22900390625,6933.96923828125,174683500,-0.0042255015398958,-0.0042344542000811,0.0603263703986589,6880.83166015625
2023-09-13,6934.10986328125,6944.82080078125,6903.23486328125,6935.47607421875,163898700,0.0002173121751365,0.000217288566266,0.0602930418289948,6885.606865234375
2023-09-14,6935.3349609375,6968.97705078125,6927.68017578125,6959.3330078125,171813100,0.0034398408037816,0.0034339380838088,0.0607511821438461,6891.158447265625
2023-09-15,6959.19091796875,7011.87890625,6945.06982421875,6982.791015625,346903000,0.0033707264455036,0.0033650582807688,0.0567200200381785,6896.4347265625
2023-09-18,6982.791015625,6999.39794921875,6928.77099609375,6936.0830078125,153763100,-0.0066890170002201,-0.006711488739725,0.0628071603107415,6900.009765625
2023-09-19,6936.3671875,6994.037109375,6934.7109375,6980.32080078125,135442200,0.0063779215039558,0.0063576686311418,0.0615078013600506,6905.287001953125
2023-09-20,6980.32080078125,7046.47509765625,6980.32080078125,7011.68115234375,146616600,0.0044926805597516,0.0044826185959823,0.0631473395597892,6910.89986328125
2023-09-21,7011.68115234375,7021.2939453125,6974.0087890625,6991.4658203125,138027800,-0.0028830934539133,-0.0028872575734684,0.062915071995886,6914.790703125
2023-09-22,6991.4658203125,7040.1298828125,6985.958984375,7016.84423828125,155659000,0.0036299137578585,0.0036233415205485,0.0635817075724545,6918.963408203125
2023-09-25,7016.98486328125,7029.76611328125,6994.43896484375,6998.380859375,182991900,-0.0026312938237278,-0.0026347617621002,0.0637517410918919,6922.726767578125
2023-09-26,6998.09716796875,7019.5517578125,6913.81689453125,6923.7998046875,222491300,-0.0106569013870675,-0.0107140928460568,0.0727476691375689,6923.811328125
2023-09-27,6923.7998046875,6970.84619140625,6913.35205078125,6937.828125,154929800,0.0020261013761551,0.0020240516009964,0.0730055759502613,6925.225009765625
2023-09-29,6937.828125,6978.5927734375,6937.828125,6939.89208984375,165659400,0.000297494375266,0.0002974501325888,0.0727378839301632,6927.4187890625
2023-10-02,6939.89208984375,6984.5791015625,6939.61083984375,6961.458984375,157872500,0.0031076700115859,0.0031028511861006,0.0724892760413688,6929.364189453125
2023-10-03,6961.458984375,6992.626953125,6940.88720703125,6940.88720703125,167668900,-0.0029550956760534,-0.0029594705922705,0.072337810488174,6930.5658984375
2023-10-04,6940.88720703125,6943.27392578125,6839.85791015625,6886.576171875,196090300,-0.007824797253762,-0.007855571620365,0.0770371534136323,6930.309501953125
2023-10-05,6886.98583984375,6934.80419921875,6874.826171875,6874.826171875,167955300,-0.0017062179676436,-0.0017076752153442,0.0769314529204791,6929.451806640625
2023-10-06,6875.09912109375,6913.01220703125,6875.09912109375,6888.51806640625,142303700,0.0019915986512157,0.0019896180478973,0.0751727437149324,6928.256591796875
2023-10-09,6888.51806640625,6929.97119140625,6880.5380859375,6891.455078125,139709000,0.0004263633615295,0.0004262724944988,0.0738269823041091,6928.152431640625
2023-10-10,6891.455078125,6954.0087890625,6891.455078125,6922.18798828125,123670000,0.0044595676541232,0.0044496532473427,0.0727667303302123,6928.591591796875
2023-10-11,6922.18798828125,6965.8251953125,6914.72119140625,6931.7529296875,178123100,0.0013817800704694,0.0013808262908958,0.0714546037681482,6928.59947265625
2023-10-12,6931.88916015625,6986.8828125,6931.88916015625,6935.15087890625,218808900,0.0004902005673337,0.0004900804582857,0.0714729741442872,6929.572568359375
2023-10-13,6934.8779296875,6973.751953125,6902.05908203125,6926.77978515625,216335000,-0.0012070528667892,-0.0012077819418479,0.0704042503866105,6931.01796875
2023-10-16,6926.916015625,6970.59814453125,6878.26318359375,6896.2919921875,341572100,-0.0044014381739236,-0.0044111530195984,0.0705421285310306,6930.982265625
2023-10-17,6896.2919921875,6948.0390625,6892.23291015625,6939.615234375,176866700,0.0062821067084426,0.0062624565295027,0.0707233241565254,6932.717734375
2023-10-18,6939.615234375,6968.2548828125,6908.2861328125,6927.90576171875,187464900,-0.0016873374475068,-0.0016887626047107,0.0668282506329932,6933.548525390625
2023-10-19,6927.6328125,6927.98095703125,6840.365234375,6846.4267578125,205941400,-0.0117609861780273,-0.0118306936675666,0.0756063813401492,6933.10080078125
2023-10-20,6846.4267578125,6869.47412109375,6803.19287109375,6849.16796875,194064800,0.0004003856368393,0.0004003055038988,0.0755295616195533,6932.581923828125
2023-10-23,6849.16796875,6853.44921875,6730.8759765625,6741.9638671875,168543100,-0.0156521349821802,-0.015775923044263,0.0897378066467867,6929.55568359375
2023-10-24,6741.828125,6826.048828125,6738.533203125,6806.76220703125,141478700,0.00961119654751,0.0095653028260331,0.0986014439532558,6928.09134765625
2023-10-25,6806.89892578125,6878.56005859375,6806.89892578125,6834.38818359375,153802700,0.0040586075614574,0.0040503936310347,0.0938958113955613,6926.575673828125
2023-10-26,6833.97900390625,6838.80908203125,6704.52001953125,6714.51904296875,168306200,-0.017539117972952,-0.0176947507620881,0.1109821868569329,6922.564033203125
2023-10-27,6714.51904296875,6781.39306640625,6713.93701171875,6758.79296875,163096100,0.006593759805866,0.0065721160620137,0.1146076264954691,6919.729130859375
2023-10-30,6758.6572265625,6775.212890625,6692.77978515625,6735.89208984375,157763400,-0.0033883089794486,-0.0033940622980088,0.1135964830205937,6917.24873046875
2023-10-31,6735.89208984375,6754.51611328125,6666.41015625,6752.2109375,195489700,0.0024226705889269,0.0024197406537601,0.1143742442827092,6914.97228515625
2023-11-01,6751.93896484375,6773.98095703125,6639.82421875,6642.41796875,206571400,-0.0162602989992861,-0.0163939484278529,0.1243671063197461,6909.491640625
2023-11-02,6642.68994140625,6784.9951171875,6642.68994140625,6751.38623046875,221191100,0.0164049089098885,0.0162718021549722,0.1399522860558287,6906.091162109375
2023-11-03,6751.38623046875,6826.6181640625,6748.69580078125,6788.85009765625,231714900,0.0055490629492396,0.0055337236192077,0.1414818822624276,6903.880322265625
2023-11-06,6788.85009765625,6878.8359375,6787.22802734375,6878.8359375,228787500,0.0132549457639101,0.013167867603843,0.1498435319224429,6903.54818359375
2023-11-07,6878.8359375,6887.02294921875,6806.8818359375,6843.7900390625,193087900,-0.0050947425924853,-0.005107765043046,0.1498422461274086,6901.989443359375
2023-11-08,6843.65380859375,6843.91796875,6760.10205078125,6804.10595703125,151412300,-0.005798553404582,-0.0058154302880046,0.150774346016381,6898.91486328125
2023-11-09,6804.10595703125,6865.0771484375,6793.76416015625,6838.23291015625,120495400,0.0050156410468202,0.0050031046206002,0.1521823082867563,6896.34640625
2023-11-10,6838.23291015625,6843.95703125,6801.9189453125,6809.26318359375,133618500,-0.004236434608636,-0.0042454337228317,0.1526968868229478,6893.466474609375
2023-11-13,6809.26318359375,6857.10302734375,6809.26318359375,6838.31201171875,187630200,0.0042660751011931,0.0042570012002835,0.1531192695047534,6890.679638671875
2023-11-14,6838.0400390625,6886.81005859375,6829.94921875,6862.05517578125,152609900,0.0034720796626144,0.0034660659101541,0.1518163034683488,6887.9857421875
2023-11-15,6862.3271484375,6985.5908203125,6862.3271484375,6958.205078125,181839600,0.0140118229715056,0.0139145648362298,0.1601544723352622,6887.31568359375
2023-11-16,6958.3408203125,6964.1689453125,6906.59423828125,6958.0078125,122880300,-2.835007344348384e-05,-2.835047531441136e-05,0.1537283210046898,6886.55677734375
2023-11-17,6958.14501953125,6977.66796875,6919.6298828125,6977.66796875,122926700,0.0028255438596491,0.0028215595141285,0.1538832626686084,6887.013974609375
2023-11-20,6977.66796875,7011.05908203125,6962.7509765625,6994.88818359375,150491900,0.002467904021927,0.0024648637478387,0.1406746885084686,6888.416142578125
2023-11-21,6994.88818359375,7010.97802734375,6946.9609375,6961.7900390625,160615900,-0.0047317617755321,-0.0047429920001181,0.1394179321647525,6888.38408203125
2023-11-22,6961.7900390625,6965.4111328125,6893.5068359375,6906.953125,181914600,-0.0078768411220118,-0.0079080273087515,0.1425186091862088,6887.843759765625
2023-11-23,6907.0888671875,7018.42919921875,6906.60986328125,7004.34423828125,219080000,0.014100445090432,0.0140019585376323,0.1328489265577088,6889.221123046875
2023-11-24,7004.47998046875,7049.541015625,7000.09716796875,7009.630859375,181146200,0.0007547631746676,0.0007544784841829,0.1318602952759563,6890.227080078125
2023-11-27,7009.630859375,7061.8271484375,7008.81298828125,7013.40576171875,163462500,0.0005385308327188,0.0005383858770296,0.1305292188966452,6890.839375
2023-11-28,7013.40576171875,7067.14306640625,7010.8251953125,7041.0732421875,167633600,0.0039449422162007,0.0039371813357768,0.1307020829232048,6892.9391796875
2023-11-29,7041.0732421875,7070.19091796875,7020.01220703125,7036.0869140625,167555900,-0.0007081772839861,-0.000708428159969,0.1117605178549818,6894.054501953125
2023-11-30,7036.0869140625,7109.60888671875,7036.0869140625,7080.7412109375,259745500,0.0063464674925708,0.0063264134711611,0.1010119901386361,6895.435703125
2023-12-01,7080.06103515625,7083.85595703125,7022.76513671875,7059.90576171875,265990100,-0.0029425520009919,-0.0029468898187239,0.1019828917023683,6896.804501953125
2023-12-04,7060.0419921875,7149.244140625,7060.0419921875,7093.60009765625,308380600,0.0047726325357204,0.0047612796328855,0.0937608540177152,6898.339619140625
2023-12-05,7093.05615234375,7117.578125,7047.6318359375,7100.85498046875,319577000,0.0010227363697732,0.0010222137312494,0.0904657813846335,6900.3891015625
2023-12-06,7100.85498046875,7140.1572265625,7085.81201171875,7087.39501953125,272847500,-0.0018955408855021,-0.0018973396966325,0.0870715541666878,6903.661005859375
2023-12-07,7087.39501953125,7134.623046875,7041.0087890625,7134.623046875,235230700,0.0066636651708562,0.0066415610958688,0.0880004662714131,6907.596904296875
2023-12-08,7134.623046875,7201.62890625,7123.037109375,7159.59814453125,270037600,0.0035005490117925,0.0034944363510593,0.0848038626862329,6911.991025390625
2023-12-11,7139.27587890625,7153.115234375,7045.1728515625,7088.78515625,490104800,-0.0098906372748502,-0.0099398745554341,0.0952510923159137,6914.537548828125
2023-12-12,7104.97216796875,7134.22021484375,7082.8798828125,7125.30712890625,255110500,0.0051520778033524,0.0051388512605071,0.095822835881483,6918.225947265625
2023-12-13,7110.0771484375,7124.47509765625,7045.94287109375,7075.3408203125,182766500,-0.0070125129611668,-0.0070372161857122,0.089587436317635,6922.001240234375
2023-12-14,7134.0419921875,7191.1591796875,7115.44677734375,7176.01611328125,228648300,0.0142290379397305,0.0141287553431283,0.1011293184755152,6928.0250390625
2023-12-15,7183.14892578125,7215.93701171875,7169.43017578125,7190.98779296875,207901200,0.0020863497867278,0.0020841763814756,0.1010394614450237,6934.07443359375
2023-12-18,7181.43408203125,7192.89208984375,7092.02783203125,7119.52490234375,239480200,-0.0099378406252997,-0.0099875505773662,0.1088390119580984,6938.635830078125
2023-12-19,7116.5458984375,7187.84619140625,7112.81787109375,7187.84619140625,155446500,0.0095963270021022,0.0095505747257911,0.1108468943248274,6943.948994140625
2023-12-20,7207.18017578125,7237.9658203125,7196.2412109375,7219.6669921875,142313600,0.0044270286166243,0.0044172581509125,0.1053246111115469,6949.707275390625
2023-12-21,7222.0927734375,7229.2880859375,7173.0078125,7209.619140625,144347800,-0.001391733382353,-0.0013927027427554,0.0962582416327011,6955.196640625
2023-12-22,7225.6201171875,7248.5478515625,7218.1748046875,7237.51904296875,111284900,0.0038698163938424,0.0038623479159394,0.0965944269026828,6961.41142578125
2023-12-27,7256.158203125,7293.52490234375,7239.6630859375,7245.916015625,124953000,0.0011602004231556,0.0011595279107605,0.0965290537417824,6968.40390625
2023-12-28,7266.56884765625,7308.205078125,7262.25390625,7303.88818359375,123036000,0.0080006679409116,0.0079688322887506,0.0988398931055502,6975.689365234375
2023-12-29,7307.11083984375,7309.7822265625,7259.68212890625,7272.796875,123172800,-0.0042568160700472,-0.0042659021057973,0.1008392108028114,6982.5871875
2024-01-02,7268.39794921875,7323.587890625,7245.56591796875,7323.587890625,121359000,0.006983697812267,0.0069594247397108,0.1012523805994222,6992.13041015625
2024-01-03,7316.10888671875,7321.87890625,7275.8740234375,7279.0908203125,159498400,-0.0060758566671209,-0.0060943897921144,0.1037481775733275,7000.7288671875
2024-01-04,7290.06494140625,7371.23486328125,7280.4072265625,7359.76318359375,155674900,0.0110827526778662,0.0110217889911558,0.1086018190972538,7013.084853515625
2024-01-05,7376.2880859375,7403.578125,7350.619140625,7350.619140625,163057200,-0.0012424371193265,-0.0012432095842166,0.1091250113221643,7023.9619921875
2024-01-08,7362.046875,7393.1318359375,7275.1708984375,7283.5751953125,140602400,-0.0091208569006064,-0.0091627065802283,0.1152047917838692,7032.945732421875
2024-01-09,7299.783203125,7311.63818359375,7180.1572265625,7200.203125,152570700,-0.0114465860620421,-0.0115126024869034,0.1219994713899099,7042.6594140625
2024-01-10,7187.580078125,7259.60107421875,7152.8779296875,7227.296875,152699300,0.0037629146747162,0.0037558526216827,0.1220892768025118,7052.0294921875
2024-01-11,7253.4560546875,7277.5009765625,7219.9638671875,7219.9638671875,190523900,-0.0010146266217271,-0.0010151417037579,0.1159518118312006,7061.710927734375
2024-01-12,7242.3671875,7271.8720703125,7205.7587890625,7241.13818359375,152196500,0.0029327454812455,0.0029284533729431,0.1151469923908563,7071.48947265625
2024-01-15,7254.044921875,7281.26123046875,7206.30712890625,7224.0009765625,132959600,-0.0023666454909088,-0.002369450422742,0.1120811686479475,7083.1211328125
2024-01-16,7231.63916015625,7268.17822265625,7210.02880859375,7242.787109375,130295500,0.0026005163722222,0.0025971408802694,0.101162617715439,7092.949150390625
2024-01-17,7248.01416015625,7252.45703125,7162.48486328125,7200.634765625,202143100,-0.0058199064964146,-0.0058369081496753,0.1033625918725426,7101.18484375
2024-01-18,7198.85009765625,7267.080078125,7185.37890625,7252.966796875,158921700,0.0072676969396958,0.0072414144953597,0.0991404033894976,7108.6674609375
2024-01-19,7271.341796875,7277.97900390625,7170.80517578125,7227.40185546875,137359600,-0.003524756437223,-0.0035309830269745,0.0948319945580152,7116.339697265625
2024-01-22,7233.1728515625,7247.92822265625,7194.951171875,7247.92822265625,141722200,0.0028400755344699,0.0028360501397647,0.0940789219843999,7125.216142578125
2024-01-23,7232.51611328125,7256.22900390625,7201.8291015625,7256.22900390625,132610200,0.001145262617813,0.0011446073048703,0.093941883734774,7133.576064453125
2024-01-24,7255.77001953125,7271.9580078125,7170.2978515625,7227.8232421875,128902300,-0.0039146727182202,-0.0039223551053741,0.0941149322272152,7141.947265625
2024-01-25,7215.52685546875,7253.72021484375,7176.11181640625,7178.0419921875,130391900,-0.006887447068356,-0.0069112750040404,0.0970348690991197,7148.741865234375
2024-01-26,7152.26904296875,7166.68994140625,7099.083984375,7137.087890625,140214300,-0.0057054697655815,-0.0057218081332171,0.0933410843755712,7154.24251953125
2024-01-29,7147.71484375,7177.69677734375,7115.0361328125,7157.1748046875,160408500,0.0028144411796982,0.0028104880556076,0.0935926085428502,7158.2219140625
2024-01-30,7147.23583984375,7213.18896484375,7133.61376953125,7192.2158203125,182161800,0.0048959284328293,0.0048839823507946,0.0915783476555941,7162.90607421875
2024-01-31,7213.30712890625,7247.51806640625,7192.64404296875,7207.94091796875,170270400,0.0021864051426041,0.0021840184371173,0.0900585449245925,7167.511533203125
2024-02-01,7221.85205078125,7248.52978515625,7191.69482421875,7201.69580078125,157409100,-0.0008664218059739,-0.0008667973662916,0.0791245034948408,7171.647685546875
2024-02-02,7221.90087890625,7238.78515625,7180.35693359375,7238.78515625,114364900,0.0051500863817,0.0051368700442622,0.0821394846103577,7177.187587890625
2024-02-05,7237.3349609375,7254.0888671875,7186.1708984375,7198.615234375,137325900,-0.0055492628953516,-0.0055647172547457,0.0781579704460086,7183.020830078125
2024-02-06,7230.14892578125,7268.1318359375,7212.14013671875,7247.408203125,138020300,0.0067781048384143,0.0067552367624671,0.0708448068342906,7187.882109375
2024-02-07,7264.97607421875,7285.1279296875,7225.44921875,7235.15185546875,138054800,-0.0016911352738439,-0.0016925668573296,0.0699815876373279,7192.392529296875
2024-02-12,7268.3349609375,7306.158203125,7250.31005859375,7297.6689453125,178661300,0.008640743289513,0.0086036257294989,0.0760940958055433,7198.07779296875
2024-02-13,7301.587890625,7301.587890625,7197.8271484375,7209.7412109375,128287400,-0.0120487425551797,-0.0121219170212791,0.0876866194727041,7201.45115234375
2024-02-15,7337.630859375,7365.68212890625,7298.48193359375,7303.28076171875,184420400,0.0129740510851272,0.0128906090303855,0.0987517535095703,7206.795029296875
2024-02-16,7337.81591796875,7370.56982421875,7314.8828125,7335.544921875,146427800,0.0044177625383605,0.004408032870488,0.0994573791803547,7211.891103515625
2024-02-19,7323.31201171875,7339.755859375,7277.537109375,7296.7021484375,151238000,-0.0052951449212271,-0.0053092138878844,0.0990185264800617,7216.62703125
2024-02-20,7320.72314453125,7354.10791015625,7309.498046875,7352.60107421875,129972000,0.0076608479617357,0.0076316526782709,0.099371463947785,7221.80705078125
2024-02-21,7345.791015625,7370.8818359375,7286.669921875,7349.02099609375,152570100,-0.000486913146635,-0.0004870317273351,0.0982407455475492,7226.77037109375
2024-02-22,7334.9521484375,7365.76123046875,7321.52294921875,7339.63623046875,154523800,-0.0012770089553408,-0.0012778250261039,0.0982143133154096,7231.8151953125
2024-02-23,7326.52685546875,7340.18994140625,7262.10009765625,7295.09521484375,146259500,-0.0060685590166034,-0.0060870475580254,0.1010248567156974,7235.024638671875
2024-02-26,7277.64013671875,7295.14208984375,7252.2841796875,7283.8232421875,147080400,-0.0015451440076222,-0.0015463389737128,0.1000655080714269,7237.509140625
2024-02-27,7263.98779296875,7292.93115234375,7255.1240234375,7285.31689453125,183851000,0.0002050643314761,0.0002050433086601,0.0963001015724595,7241.439775390625
2024-02-28,7292.0751953125,7328.73876953125,7289.2578125,7328.63623046875,220356500,0.0059461155313667,0.0059285071529011,0.0947967239920694,7245.506357421875
2024-02-29,7326.80322265625,7337.9228515625,7289.341796875,7316.11083984375,230050900,-0.0017091025166354,-0.0017105646985917,0.0952140726457342,7250.3217578125
2024-03-01,7318.666015625,7331.31591796875,7269.89404296875,7311.9072265625,134622000,-0.0005745693816388,-0.0005747345098807,0.0943026304603488,7253.039580078125
2024-03-04,7318.83203125,7328.384765625,7259.78076171875,7276.7490234375,168064100,-0.0048083491810834,-0.0048199464828592,0.096221824412603,7254.7548046875
2024-03-05,7296.5341796875,7305.44677734375,7238.3388671875,7247.4599609375,152811800,-0.0040250202948683,-0.0040331424910511,0.097455974929274,7257.313505859375
2024-03-06,7252.0849609375,7331.0810546875,7248.52783203125,7329.80078125,180285900,0.011361334972018,0.0112972797180588,0.1037473815625383,7260.15259765625
2024-03-07,7338.73193359375,7386.8740234375,7334.30810546875,7373.9638671875,193312700,0.0060251413722554,0.0060070627889801,0.1027172744723829,7263.23853515625
2024-03-08,7398.42919921875,7416.43310546875,7376.15576171875,7381.9072265625,125243200,0.0010772170189694,0.0010766372370464,0.1006024282590248,7266.684296875
2024-03-13,7422.3017578125,7441.6162109375,7392.01123046875,7421.20703125,135225800,0.00532380094755,0.0053096796165497,0.1012595039201062,7270.358056640625
2024-03-14,7405.56689453125,7454.4482421875,7380.64794921875,7433.31494140625,129206200,0.0016315284165049,0.0016301989198958,0.0975169232461449,7274.10603515625
2024-03-15,7408.658203125,7416.3388671875,7308.03515625,7328.05419921875,231480500,-0.014160672999493,-0.0142618920185466,0.1015265135054782,7274.58935546875
2024-03-18,7338.076171875,7358.55078125,7300.94091796875,7302.44921875,155334600,-0.0034941035877545,-0.0035002222246207,0.0918798437097699,7275.18240234375
2024-03-19,7320.5380859375,7361.52978515625,7314.18017578125,7336.74609375,137594400,0.0046966262924414,0.0046856315551841,0.0920618155018017,7275.44556640625
2024-03-20,7303.92919921875,7343.4599609375,7295.35009765625,7331.1279296875,169731600,-0.0007657569160375,-0.0007660502576265,0.0899701512749242,7276.48630859375
2024-03-21,7360.55810546875,7396.47119140625,7336.59521484375,7338.35302734375,139792200,0.0009855369767852,0.0009850516540617,0.0857159281169962,7276.05810546875
2024-03-22,7327.51416015625,7350.15185546875,7318.43603515625,7350.15185546875,123735900,0.0016078305419535,0.0016065393662369,0.085911498114397,7276.048759765625
2024-03-25,7339.52392578125,7377.759765625,7316.92919921875,7377.759765625,124315600,0.0037561006492279,0.0037490641176274,0.0867626958802738,7277.932451171875
2024-03-26,7337.6611328125,7371.84423828125,7330.4638671875,7365.6640625,138442500,-0.001639481835849,-0.0016408272569241,0.0838354591553919,7281.241669921875
2024-03-27,7364.23095703125,7375.39990234375,7292.7978515625,7310.091796875,125276700,-0.007544773309433,-0.0075733790851364,0.0883756687079343,7282.897568359375
2024-03-28,7289.158203125,7313.01416015625,7244.9541015625,7288.81298828125,124084200,-0.0029108811742756,-0.0029151260283929,0.0890553342663795,7284.27455078125
2024-04-01,7286.11376953125,7295.0029296875,7137.4638671875,7205.06103515625,124345600,-0.0114904790752148,-0.0115570047286387,0.0951028147315473,7283.5530078125
2024-04-02,7199.1240234375,7236.98388671875,7153.93896484375,7236.98388671875,127711500,0.0044306150089132,0.004420828729744,0.0968416813129156,7283.812666015625
2024-04-03,7214.02001953125,7226.35302734375,7158.740234375,7166.84423828125,111040300,-0.0096918342689997,-0.0097391057744455,0.1021962386464386,7282.29380859375
2024-04-04,7170.71923828125,7254.39892578125,7165.8310546875,7254.39892578125,108900300,0.0122166304427731,0.0121426096596816,0.1111373853391996,7283.369091796875
2024-04-05,7245.32177734375,7298.85888671875,7239.27392578125,7286.8818359375,94886600,0.004477684572985,0.0044676895686287,0.1112981278666681,7284.047392578125
2024-04-16,7130.6279296875,7188.0888671875,7066.5732421875,7164.80712890625,175642500,-0.0167526672971697,-0.0168945804093867,0.1189787684575946,7282.795498046875
2024-04-17,7199.830078125,7234.3740234375,7130.8408203125,7130.8408203125,143541300,-0.0047407149952038,-0.0047519878261666,0.1165126541456331,7280.45375
2024-04-18,7151.73779296875,7180.55908203125,7135.52001953125,7166.81396484375,129376600,0.0050447269035622,0.0050320449024024,0.1185798244726297,7278.66544921875
2024-04-19,7131.455078125,7141.5810546875,7036.2060546875,7087.31689453125,150694500,-0.0110923864777943,-0.0111543657549353,0.1204656298925639,7275.855322265625
2024-04-22,7099.51708984375,7117.02392578125,7026.47705078125,7073.81982421875,121595900,-0.0019043977450641,-0.0019062134159891,0.119585528313718,7273.77087890625
2024-04-23,7102.80810546875,7165.9541015625,7099.841796875,7110.81298828125,172892100,0.0052295881124715,0.0052159613043079,0.1139860217995594,7273.245380859375
2024-04-24,7127.0478515625,7191.1767578125,7126.85009765625,7174.533203125,154056000,0.0089610308903864,0.0089211191096721,0.1194962133192995,7273.592548828125
2024-04-25,7167.98388671875,7177.06494140625,7132.10205078125,7155.2939453125,140400000,-0.0026816041222194,-0.0026852060633146,0.1177921469373043,7272.854111328125
2024-04-26,7137.93408203125,7149.25390625,7036.0751953125,7036.0751953125,137603900,-0.0166616145907047,-0.016801980625211,0.1300319972903119,7269.416796875
2024-04-29,7021.4921875,7155.7841796875,7021.4921875,7155.7841796875,129998600,0.0170136021932727,0.0168704917982912,0.1461795936031455,7268.498564453125
2024-04-30,7187.4140625,7266.8681640625,7179.68505859375,7234.19677734375,156560600,0.0109579321688926,0.0108983290528196,0.1521932296518001,7268.406796875
2024-05-02,7227.60791015625,7232.9521484375,7072.47412109375,7117.4248046875,145628700,-0.0161416638571346,-0.0162733596286615,0.1606256363257847,7266.78298828125
2024-05-03,7142.86376953125,7165.10205078125,7094.6162109375,7134.72412109375,159524500,0.002430558366399,0.0024276093369716,0.1613255117106193,7264.529306640625
2024-05-06,7171.58984375,7178.76708984375,7102.68505859375,7135.89013671875,164988900,0.0001634282706954,0.0001634149177504,0.1598522484618127,7262.544072265625
2024-05-07,7136.85205078125,7159.76708984375,7108.17578125,7123.61181640625,148490800,-0.001720643126121,-0.0017221251327518,0.1597391172860037,7259.0629296875
2024-05-08,7129.4560546875,7164.30810546875,7071.34521484375,7088.794921875,147871800,-0.0048875339404462,-0.0048995169954589,0.1556808497881635,7256.64400390625
2024-05-13,7061.373046875,7111.59912109375,7052.22998046875,7099.26123046875,134590500,0.0014764580876014,0.0014753691950302,0.1547154747238669,7252.56361328125
2024-05-14,7095.52197265625,7136.64013671875,7071.501953125,7083.76318359375,137468100,-0.0021830506544097,-0.0021854369831063,0.151317110271306,7247.527978515625
2024-05-15,7085.37890625,7192.14501953125,7082.1181640625,7179.8310546875,139854300,0.0135616999896674,0.0134705631917662,0.1528638492124329,7245.190556640625
2024-05-16,7203.169921875,7270.7568359375,7201.9150390625,7246.69580078125,154713600,0.009312857863152,0.0092697605683857,0.155861531982908,7243.072451171875
2024-05-17,7249.72705078125,7356.71484375,7245.19580078125,7317.23779296875,181505100,0.0097343664101223,0.0096872927073337,0.1465544384530855,7242.436787109375
2024-05-20,7329.39990234375,7374.546875,7243.01220703125,7266.69091796875,158071100,-0.0069079174997662,-0.0069318876146906,0.1478976879151674,7240.977880859375
2024-05-21,7258.4111328125,7295.05615234375,7179.52880859375,7186.037109375,135589400,-0.0110991109301639,-0.0111611656573129,0.1530409095164678,7238.79671875
2024-05-22,7198.19287109375,7239.86181640625,7191.10595703125,7222.3818359375,135720300,0.0050576870129273,0.0050449398765843,0.1479098020772867,7237.567890625
2024-05-27,7219.98193359375,7256.18408203125,7171.48583984375,7176.419921875,190885600,-0.0063638166890872,-0.0063841520902655,0.1498949943143366,7235.389951171875
2024-05-28,7228.5078125,7308.13720703125,7228.4111328125,7253.6259765625,166427200,0.0107582966894346,0.0107008379536661,0.1533026399626496,7233.88974609375
2024-05-29,7275.52978515625,7282.0,7127.208984375,7140.22900390625,144619600,-0.015633143068398,-0.0157566293258069,0.1612016756436684,7230.372109375
2024-05-30,7125.77197265625,7134.70703125,6984.97900390625,7034.14208984375,177693800,-0.0148576346787284,-0.0149691149328944,0.1693638953100001,7224.816806640625
2024-05-31,7076.373046875,7102.21923828125,6959.22705078125,6970.73583984375,269684600,-0.0090140701154657,-0.0090549426494746,0.1617497723749078,7218.69654296875
2024-06-03,7030.20703125,7088.40087890625,6993.09423828125,7036.19091796875,141774800,0.0093899811481692,0.009346169323121,0.153022911886612,7214.471162109375
2024-06-04,7071.09423828125,7149.19287109375,7065.0341796875,7099.31201171875,160663800,0.0089709182831869,0.0089309186401316,0.1511689112484052,7209.86138671875
2024-06-05,7114.53515625,7118.34912109375,6934.94287109375,6947.669921875,137116300,-0.0213601106126108,-0.0215915392703472,0.159283890997191,7201.3355078125
2024-06-06,6992.56298828125,7032.57421875,6939.5458984375,6974.89697265625,129986000,0.0039188751174727,0.0039112163290822,0.1598190528067053,7193.195302734375
2024-06-07,6987.7939453125,6994.115234375,6887.81201171875,6897.9501953125,109886700,-0.0110319589874093,-0.0110932623278668,0.1635593558141887,7182.730166015625
2024-06-10,6910.72021484375,6929.09716796875,6846.380859375,6921.5478515625,228419200,0.0034209664584177,0.0034151282637195,0.1645617948632561,7172.49482421875
2024-06-11,6900.31005859375,6932.4619140625,6855.69091796875,6855.69091796875,150124200,-0.0095147696737923,-0.0095603242861475,0.1666798174096347,7163.04755859375
2024-06-12,6859.34912109375,6866.26611328125,6821.5078125,6850.09716796875,165086100,-0.0008159279738441,-0.0008162610242491,0.1663039951359448,7154.000517578125
2024-06-13,6893.8408203125,6896.65283203125,6831.56396484375,6831.56396484375,154352200,-0.0027055387201895,-0.0027092053049573,0.1663310540814105,7143.896875
2024-06-14,6829.9931640625,6840.19677734375,6713.27197265625,6734.83203125,143790500,-0.0141595590836223,-0.0142607621029397,0.1615961595824344,7131.97095703125
2024-06-19,6739.89501953125,6791.52685546875,6698.84814453125,6726.9189453125,215680300,-0.001174949263884,-0.001175640057922,0.155026445643011,7119.742275390625
2024-06-20,6751.23583984375,6825.55517578125,6728.40185546875,6819.32080078125,138884000,0.0137361333204613,0.0136426477551276,0.1601161427580121,7109.125654296875
2024-06-21,6838.47802734375,6945.833984375,6823.06201171875,6879.97802734375,202168500,0.0088949073279482,0.0088555806723541,0.1653793907620131,7099.17001953125
2024-06-24,6877.4677734375,6914.81201171875,6870.30517578125,6889.1650390625,113953400,0.0013353257353783,0.0013344349808453,0.162863477202465,7089.6400390625
2024-06-25,6874.8671875,6890.44287109375,6843.64697265625,6882.7041015625,103645300,-0.0009378404296261,-0.0009382804771129,0.1607484925604845,7081.09228515625
2024-06-26,6885.81591796875,6936.26220703125,6885.40283203125,6905.64208984375,111785600,0.0033327000467799,0.0033271589098641,0.1612583958530694,7073.4288671875
2024-06-27,6929.14501953125,6968.13623046875,6915.830078125,6967.951171875,85223100,0.0090229237514189,0.0089824603913107,0.1595808537730936,7068.686669921875
2024-06-28,6989.3740234375,7084.623046875,6987.80078125,7063.5771484375,104714500,0.0137236863754841,0.013630369390983,0.1600958810695794,7065.21853515625
2024-07-01,7076.6259765625,7139.6259765625,7075.375,7139.6259765625,108297900,0.0107663336191949,0.0107087893084405,0.155274212429313,7064.674169921875
2024-07-02,7149.0439453125,7176.869140625,7099.0498046875,7125.14208984375,121880100,-0.0020286618327481,-0.00203072235437,0.1513469953729072,7062.089033203125
2024-07-03,7153.76611328125,7196.7548828125,7126.81494140625,7196.7548828125,126775400,0.0100507178756235,0.0100005453108402,0.151837169495014,7060.286494140625
2024-07-04,7212.703125,7262.837890625,7204.43896484375,7220.88916015625,158574300,0.0033534944202959,0.003347883997398,0.1493040659424832,7061.408134765625
2024-07-05,7248.72314453125,7275.93798828125,7213.39013671875,7253.3720703125,130902100,0.0044984640306466,0.0044883761832277,0.1238437772683232,7063.858759765625
2024-07-08,7261.98291015625,7265.083984375,7215.4677734375,7250.97705078125,160069900,-0.0003301939440074,-0.0003302484700308,0.1239602296459513,7065.542021484375
2024-07-09,7254.1572265625,7302.94189453125,7239.63818359375,7269.80078125,136101900,0.0025960267612104,0.0025926629042553,0.1139924482294697,7069.19169921875
2024-07-10,7283.18896484375,7313.2001953125,7272.1220703125,7287.0419921875,214279500,0.0023716208265249,0.0023688129724198,0.1139567851398043,7073.456142578125
2024-07-11,7302.5048828125,7328.26904296875,7274.06201171875,7300.4072265625,146390900,0.0018341096962704,0.0018324297708794,0.1046652033672917,7077.24802734375
2024-07-12,7336.48388671875,7354.1630859375,7300.7451171875,7327.580078125,130722300,0.0037221007978338,0.0037151909215222,0.1036227476950622,7080.30896484375
2024-07-15,7336.30810546875,7346.10400390625,7252.81103515625,7278.86279296875,107422000,-0.0066484821232708,-0.0066706817310489,0.1075831805780332,7082.780341796875
2024-07-16,7289.80908203125,7294.7919921875,7213.2841796875,7224.29296875,107863200,-0.007497026083726,-0.0075252700360878,0.0950329400022286,7086.544697265625
2024-07-17,7261.22021484375,7265.0869140625,7207.5830078125,7224.2177734375,218209000,-1.0408674291806363e-05,-1.0408728462432515e-05,0.0943589153846631,7087.913369140625
2024-07-18,7231.72998046875,7330.80810546875,7220.09619140625,7321.07080078125,146217900,0.013406714800302,0.0133176400494651,0.0939045431637764,7089.650849609375
2024-07-19,7304.27880859375,7315.13916015625,7249.81689453125,7294.4951171875,125286800,-0.0036300268522077,-0.0036366313876198,0.0950062298552943,7093.192255859375
2024-07-22,7316.248046875,7341.908203125,7301.4189453125,7321.97607421875,140918600,0.0037673556003208,0.0037602768893218,0.094857608119512,7096.937294921875
2024-07-23,7336.27685546875,7347.01708984375,7293.30908203125,7313.85693359375,251719000,-0.0011088728702062,-0.0011094881245953,0.0949548953100334,7100.496630859375
2024-07-24,7298.5078125,7311.15185546875,7249.27685546875,7262.7587890625,149278800,-0.0069864840118143,-0.0070110037625418,0.1014089802136424,7103.2795703125
2024-07-25,7264.2138671875,7268.046875,7207.81787109375,7240.27685546875,125922000,-0.003095508779337,-0.0031003097768852,0.1002613658454858,7106.309208984375
2024-07-26,7262.1298828125,7298.9560546875,7256.5341796875,7288.1669921875,128745600,0.0066144068348128,0.0065926276308515,0.092139491057885,7110.08732421875
2024-07-29,7304.59814453125,7333.89892578125,7274.2529296875,7288.89697265625,131946800,0.0001001596793175,0.0001001546636717,0.0856422820718475,7114.19
2024-07-30,7283.9169921875,7292.55517578125,7226.7822265625,7241.86376953125,124088300,-0.0064527188820807,-0.0064736276667728,0.0891323525792022,7115.430654296875
2024-07-31,7251.80419921875,7275.18603515625,7226.49609375,7255.76220703125,140459400,0.0019191796397046,0.0019173403673466,0.0824484512531957,7115.611982421875
2024-08-01,7274.51708984375,7325.98486328125,7258.8740234375,7325.98486328125,119012300,0.0096781915181771,0.0096316578230807,0.0882340993321814,7115.786923828125
2024-08-02,7304.0859375,7337.98095703125,7264.0078125,7308.123046875,130681400,-0.0024381454152022,-0.002441122531815,0.0877385711195847,7116.61556640625
2024-08-05,7254.61279296875,7257.47607421875,6998.81103515625,7059.65283203125,196047200,-0.0339991832718248,-0.034590599295675,0.1520835915707523,7114.087880859375
2024-08-06,7098.6728515625,7167.259765625,7066.5009765625,7129.21484375,122457600,0.0098534606975475,0.0098052319085555,0.1566420221750785,7112.224541015625
2024-08-07,7149.5087890625,7246.2578125,7147.29296875,7212.130859375,128572200,0.0116304554487778,0.0115633415771545,0.1625355457225935,7112.938759765625
2024-08-08,7212.7412109375,7234.44677734375,7181.76611328125,7195.12109375,125248900,-0.0023584937595647,-0.0023612793867565,0.1624133020559824,7111.768662109375
2024-08-09,7219.98388671875,7267.421875,7219.9228515625,7256.99609375,112712600,0.0085995772960301,0.0085628115606876,0.1650615303279317,7114.10400390625
2024-08-12,7265.15087890625,7297.625,7230.78515625,7297.625,156405500,0.0055985845555286,0.0055829707307865,0.164700540063791,7119.373662109375
2024-08-13,7316.42822265625,7366.65087890625,7286.5498046875,7356.63818359375,146066800,0.0080866286762817,0.0080541071035529,0.1643818398235299,7127.091708984375
2024-08-14,7377.0068359375,7445.6640625,7372.89111328125,7436.0390625,168060500,0.010793092840059,0.0107352631488979,0.1679720464534521,7135.088671875
2024-08-15,7442.91015625,7460.38720703125,7386.73681640625,7409.5009765625,150416800,-0.0035688470319275,-0.0035752305589092,0.1627576349208952,7141.292451171875
2024-08-16,7443.93505859375,7459.7490234375,7417.20703125,7432.08984375,151268200,0.0030486354288841,0.0030439977632055,0.1621775398026033,7150.980849609375
2024-08-19,7428.7412109375,7466.8310546875,7420.3759765625,7466.8310546875,138674400,0.0046744874817028,0.0046635959933232,0.1624178246979125,7160.81953125
2024-08-20,7490.31982421875,7538.1572265625,7482.5048828125,7533.98486328125,183613200,0.008993615645233,0.0089534139433596,0.164614178928733,7173.540224609375
2024-08-21,7563.08203125,7594.546875,7543.63916015625,7554.5927734375,199930800,0.0027353267268543,0.0027315925286545,0.1615510247752782,7186.201123046875
2024-08-22,7531.34716796875,7540.27294921875,7460.40380859375,7488.67578125,140745300,-0.008725419643964,-0.0087637090078309,0.1651197892241195,7198.8608203125
2024-08-23,7510.6640625,7567.51416015625,7507.73779296875,7544.2978515625,128771000,0.0074274907790461,0.0074000427986975,0.1654624865987754,7212.744833984375
2024-08-26,7549.412109375,7619.90283203125,7549.412109375,7606.19482421875,142108800,0.0082044709625868,0.0081709972554366,0.1668840591848694,7228.237451171875
2024-08-27,7598.4638671875,7610.201171875,7547.26318359375,7597.880859375,141150100,-0.0010930517868511,-0.001093649603625,0.1642774371531577,7245.498427734375
2024-08-28,7604.3271484375,7672.287109375,7581.048828125,7658.875,152042100,0.0080277832403412,0.0079957320077653,0.1654534926442434,7264.137548828125
2024-08-29,7679.52783203125,7715.7587890625,7627.60400390625,7627.60400390625,153940300,-0.004082975122815,-0.0040913332241127,0.1650020920848445,7280.303212890625
2024-08-30,7642.77880859375,7673.18212890625,7616.34521484375,7670.73291015625,194479000,0.0056543190008175,0.0056383933434322,0.1645985127785508,7296.118310546875
2024-09-02,7686.5390625,7726.18798828125,7669.921875,7694.52978515625,156165700,0.0031022948235484,0.003097492636266,0.0893748401049395,7312.22560546875
2024-09-03,7706.65087890625,7726.662109375,7598.46923828125,7616.52099609375,165704700,-0.0101382139312774,-0.0101899556314824,0.1005409704498324,7326.901943359375
2024-09-04,7577.09619140625,7672.89599609375,7546.048828125,7672.89599609375,147636500,0.0074016732874382,0.0073744153241009,0.0970156854339897,7342.247021484375
2024-09-05,7679.64892578125,7722.22509765625,7650.80419921875,7681.04296875,137717400,0.0010617858837651,0.0010612225878315,0.0952057934384979,7356.508857421875
2024-09-06,7684.81201171875,7754.47509765625,7683.7041015625,7721.84619140625,122729500,0.0053121982030639,0.005298138249051,0.093487281356883,7369.67423828125
2024-09-09,7729.2548828125,7748.3251953125,7654.72509765625,7702.73876953125,138539000,-0.002474462894154,-0.0024775294372038,0.0950186972677693,7380.936494140625
2024-09-10,7725.283203125,7764.77978515625,7723.30078125,7761.38818359375,196539800,0.0076140988052837,0.0075852578609927,0.0946823698255572,7393.661416015625
2024-09-11,7770.26806640625,7802.47607421875,7736.78076171875,7760.955078125,171932600,-5.580257790294141e-05,-5.580413492471587e-05,0.0901420492286471,7404.945419921875
2024-09-12,7782.01611328125,7833.27197265625,7782.01611328125,7798.15380859375,252749100,0.0047930609176696,0.0047816107741031,0.0879713981436767,7416.490712890625
2024-09-13,7805.68994140625,7828.9658203125,7775.63623046875,7812.130859375,162457200,0.0017923538217272,0.0017907494723712,0.0879917060738329,7427.665888671875
2024-09-17,7832.52490234375,7854.01806640625,7802.27001953125,7831.77880859375,216113800,0.0025150563364118,0.0025118988752445,0.0876185827988728,7439.281923828125
2024-09-18,7845.81396484375,7879.0439453125,7818.9599609375,7829.134765625,241800200,-0.0003376043978474,-0.0003376613990417,0.0845345797014938,7450.468603515625
2024-09-19,7858.11279296875,7910.55615234375,7853.35302734375,7905.39013671875,259454000,0.0097399487142002,0.0096928211798041,0.0889172787483736,7462.83556640625
2024-09-20,7904.39501953125,7904.51318359375,7738.32080078125,7743.00390625,317741900,-0.0205412038698131,-0.0207551087098266,0.1150112881725118,7471.6875
2024-09-23,7743.201171875,7775.73095703125,7675.291015625,7775.73095703125,260227800,0.0042266607607976,0.004217753519974,0.1134525821769074,7480.650517578125
2024-09-24,7774.55615234375,7810.5400390625,7717.8388671875,7778.4912109375,182808900,0.0003549832062739,0.0003549202146424,0.1107265088514007,7490.6430859375
2024-09-25,7747.85498046875,7760.8837890625,7633.44677734375,7740.90185546875,276661800,-0.0048324738627839,-0.0048441880187398,0.1125070063571798,7500.975263671875
2024-09-26,7723.09716796875,7763.0810546875,7673.0478515625,7744.51611328125,202756700,0.0004669039706202,0.0004667950048776,0.1093682371341741,7511.38123046875
2024-09-27,7713.7998046875,7736.916015625,7663.47607421875,7696.916015625,190512300,-0.0061462971940389,-0.0061652634333357,0.1107757783158178,7518.898134765625
2024-09-30,7674.2861328125,7679.2421875,7527.92919921875,7527.92919921875,222223500,-0.0219551332070144,-0.0221997339331469,0.1349301678213399,7523.56681640625
2024-10-01,7551.4619140625,7642.1328125,7547.11083984375,7642.1328125,206962900,0.0151706545397773,0.0150567309125621,0.1459073426813416,7529.969951171875
2024-10-02,7601.73779296875,7619.10400390625,7501.4599609375,7563.26220703125,315317300,-0.010320496568673,-0.0103741221743857,0.146073582675874,7534.958056640625
2024-10-03,7567.44921875,7581.333984375,7504.4072265625,7543.828125,189365800,-0.0025695369933337,-0.0025728439195746,0.143338111329129,7540.579443359375
2024-10-04,7531.7919921875,7549.23291015625,7467.7958984375,7496.0908203125,223945300,-0.0063279947390768,-0.0063481013657525,0.1444376842104016,7545.69572265625
2024-10-07,7493.6572265625,7540.23583984375,7450.1982421875,7504.134765625,235809600,0.0010730853594653,0.0010725100149301,0.1426771057514464,7550.015078125
2024-10-08,7486.72119140625,7592.8837890625,7449.47900390625,7557.14208984375,194830700,0.0070637489696434,0.0070389175615373,0.1457168630167132,7555.37998046875
2024-10-09,7556.55517578125,7595.576171875,7501.216796875,7501.28515625,169190500,-0.0073912774074762,-0.0074187282464889,0.1437749126087208,7560.568408203125
2024-10-10,7501.869140625,7528.953125,7467.81884765625,7480.080078125,157952700,-0.0028268593558707,-0.0028308624687176,0.1436903098000257,7565.054765625
2024-10-11,7520.52978515625,7549.541015625,7506.27587890625,7520.60205078125,159472100,0.0054173180277512,0.0054026971406717,0.1440864617966263,7568.947109375
2024-10-14,7518.81298828125,7570.26708984375,7518.81298828125,7559.65478515625,205872100,0.0051927670299936,0.0051793311082818,0.1457032268929347,7573.977744140625
2024-10-15,7579.0458984375,7635.0439453125,7573.4521484375,7626.951171875,218732600,0.0089020449519585,0.0088626553425802,0.1497914977300835,7585.3237109375
2024-10-16,7645.2119140625,7658.39794921875,7616.60400390625,7648.93994140625,197424300,0.002883035309356,0.002878887333653,0.1505061591105755,7595.718212890625
2024-10-17,7661.0732421875,7758.669921875,7657.72119140625,7735.0390625,224594300,0.011256346860258,0.0111934656232871,0.152028487160894,7606.176376953125
2024-10-18,7762.15185546875,7790.7109375,7718.6767578125,7760.06005859375,234291900,0.003234760146856,0.0032295395654417,0.1336003677483794,7617.47515625
2024-10-21,7780.2451171875,7795.0869140625,7739.88720703125,7772.59619140625,246855900,0.0016154685296045,0.0016141650639358,0.1328562173835659,7627.787158203125
2024-10-22,7752.3837890625,7801.40380859375,7731.9609375,7788.98291015625,286785700,0.0021082683760309,0.0021060490969348,0.1330670309055809,7637.61431640625
2024-10-23,7774.009765625,7805.9169921875,7761.251953125,7787.56494140625,269650200,-0.0001820479986097,-0.000182064571358,0.1318077779653543,7646.2328515625
2024-10-24,7778.65576171875,7794.86279296875,7716.548828125,7716.548828125,242869700,-0.0091191680346265,-0.0091610021700059,0.1360101870569074,7651.843046875
2024-10-25,7717.42578125,7752.2509765625,7678.17822265625,7694.66015625,205788500,-0.00283658826796,-0.0028406190086333,0.1345744279491058,7657.54623046875
2024-10-28,7705.873046875,7714.73876953125,7599.62109375,7634.630859375,197205700,-0.0078014227602035,-0.007832013061191,0.1107071618518689,7661.59705078125
2024-10-29,7625.4677734375,7666.43017578125,7587.2099609375,7606.60009765625,182774700,-0.0036715280980912,-0.0036782847004857,0.0977019003148492,7664.392431640625
2024-10-30,7558.7958984375,7581.9091796875,7521.73486328125,7569.85009765625,168203300,-0.0048313306244827,-0.0048430392296017,0.0918870874253038,7665.109736328125
2024-10-31,7569.71923828125,7617.36279296875,7558.68310546875,7574.01904296875,203290200,0.0005507302335869,0.0005505786373484,0.0913749699026352,7665.49826171875
2024-11-01,7573.7939453125,7583.68798828125,7485.45703125,7505.2568359375,155270800,-0.0090786947644506,-0.0091201572547424,0.0944864184547411,7665.8298828125
2024-11-04,7505.11083984375,7529.703125,7415.80908203125,7479.5029296875,212287900,-0.0034314490247265,-0.0034373499489455,0.0951995683926473,7664.533984375
2024-11-05,7474.4521484375,7496.99609375,7451.5478515625,7491.93115234375,182653900,0.0016616375142952,0.0016602585220596,0.0916500740321915,7662.2487109375
2024-11-06,7495.130859375,7506.60107421875,7363.03076171875,7383.8681640625,235788800,-0.0144239163553236,-0.0145289522798936,0.1017557664520986,7657.96845703125
2024-11-07,7373.56689453125,7381.7578125,7243.85986328125,7243.85986328125,204087800,-0.0189613760254651,-0.0191434481484738,0.1207920226847779,7649.668154296875
2024-11-08,7263.9619140625,7350.36181640625,7263.9619140625,7287.19091796875,148863600,0.0059817632457446,0.0059639435268961,0.1212394446361854,7642.859892578125
2024-11-11,7259.2900390625,7282.19580078125,7182.31201171875,7266.4599609375,221004900,-0.002844848895084,-0.0028489031687249,0.1186271783365945,7634.77443359375
2024-11-12,7271.173828125,7344.07421875,7268.60888671875,7321.98583984375,287694700,0.0076413933613812,0.0076123457971926,0.1171860423450972,7627.3235546875
2024-11-13,7344.0078125,7370.39306640625,7304.873046875,7308.6708984375,226286700,-0.0018184877296257,-0.0018201431856926,0.1157480767122517,7621.166552734375
2024-11-14,7303.90087890625,7318.77587890625,7214.56103515625,7214.56103515625,209423400,-0.0128764674985392,-0.0129600878045136,0.1100858424109523,7611.999853515625
2024-11-15,7192.208984375,7241.6591796875,7122.67578125,7161.2578125,213100000,-0.0073882835555074,-0.0074157121059033,0.1079410550693735,7601.604150390625
2024-11-18,7152.076171875,7174.7529296875,7118.869140625,7134.27685546875,191734000,-0.0037676282208629,-0.0037747436097842,0.1058889541899596,7589.852763671875
2024-11-19,7140.19482421875,7229.8310546875,7136.69091796875,7195.71484375,205098000,0.0086116630354982,0.008574794182266,0.1132974360216996,7579.71228515625
2024-11-20,7213.9951171875,7229.7060546875,7171.26513671875,7180.3349609375,164074200,-0.0021373669116222,-0.0021396543402437,0.1126425809307731,7568.091220703125
2024-11-21,7168.326171875,7209.35791015625,7140.912109375,7140.912109375,155717100,-0.0054903917124993,-0.0055055193094413,0.1111845609310759,7555.690361328125
2024-11-22,7154.68212890625,7215.68701171875,7154.4521484375,7195.56494140625,205841500,0.0076534805630079,0.0076243412642414,0.1184458193651494,7543.638583984375
2024-11-25,7218.9521484375,7329.4921875,7218.828125,7314.10791015625,264819900,0.0164744491524013,0.0163402176684301,0.1360869678832049,7533.678125
2024-11-26,7329.5322265625,7341.59521484375,7245.88818359375,7245.88818359375,164096700,-0.00932714247595,-0.0093709126490308,0.1384181727919962,7521.9603125
2024-11-28,7215.9072265625,7249.69287109375,7195.66796875,7200.1572265625,178995100,-0.0063112976453038,-0.0063312980811656,0.1388625066351673,7509.38076171875
2024-11-29,7168.00390625,7189.12890625,7107.2841796875,7114.26611328125,218431100,-0.0119290607938926,-0.0120007829959263,0.1423057343978014,7493.55828125
2024-12-02,7117.75390625,7153.02978515625,7041.341796875,7046.98583984375,163941100,-0.009457092603255,-0.0095020948552218,0.142525217849216,7479.637919921875
2024-12-03,7104.93017578125,7196.01708984375,7102.216796875,7196.01708984375,176316700,0.0211482261192261,0.0209277060392636,0.1661562629611647,7468.043642578125
2024-12-04,7198.09814453125,7328.32421875,7187.47802734375,7326.76416015625,166379200,0.0181693662869468,0.0180062758882911,0.180366568566423,7459.0091015625
2024-12-05,7326.02392578125,7338.60400390625,7283.5,7313.31298828125,131417800,-0.0018358952985205,-0.0018375826197738,0.1733366377887245,7450.45732421875
2024-12-06,7302.6650390625,7382.80908203125,7287.59619140625,7382.78515625,130161700,0.0094994112900776,0.0094545756007759,0.1618407050037948,7443.222705078125
2024-12-09,7382.61376953125,7440.97900390625,7380.66015625,7437.73095703125,230130900,0.0074424217444191,0.0074148635722675,0.1625174440454465,7438.03900390625
2024-12-10,7448.76806640625,7457.80517578125,7396.7900390625,7453.287109375,203350400,0.0020915185603809,0.0020893343804084,0.1619014301876833,7436.546162109375
2024-12-11,7444.85888671875,7530.55908203125,7444.173828125,7464.751953125,235486300,0.0015382265008387,0.001537044642277,0.1601715132144105,7432.998544921875
2024-12-12,7441.97314453125,7470.89404296875,7380.02685546875,7394.23779296875,147665300,-0.0094462830913932,-0.0094911822003526,0.1642047499026109,7429.618056640625
2024-12-13,7379.7509765625,7399.89697265625,7324.7890625,7324.7890625,120050700,-0.0093922771235176,-0.0094366626979996,0.1607915859159176,7425.237275390625
2024-12-16,7304.2177734375,7320.794921875,7204.65380859375,7258.630859375,186546900,-0.0090320967007369,-0.0090731333711452,0.1620120767837078,7420.488076171875
2024-12-17,7238.173828125,7263.31494140625,7132.05712890625,7157.73193359375,157427600,-0.0139005451215269,-0.0139980624495301,0.1696219503724802,7413.56001953125
2024-12-18,7168.966796875,7216.8828125,7105.06787109375,7107.875,122373300,-0.0069654653256506,-0.0069898374205115,0.1683790853449213,7404.574677734375
2024-12-19,7034.6171875,7040.548828125,6951.0517578125,6977.23779296875,170862900,-0.0183792212203014,-0.0185502175335036,0.1800246183178199,7394.09373046875
2024-12-20,6980.1748046875,7032.40087890625,6931.5810546875,6983.865234375,145749700,0.0009498660648958,0.0009494152275927,0.1795461480317489,7384.16943359375
2024-12-23,7037.52978515625,7096.44482421875,7035.72705078125,7096.44482421875,138664700,0.0161199545045094,0.0159914076443069,0.1872375600571539,7375.6862890625
2024-12-24,7115.63720703125,7120.576171875,7063.7548828125,7065.74609375,110632900,-0.0043259309737717,-0.0043353148857154,0.1763576693413265,7365.808115234375
2024-12-27,7073.375,7100.27001953125,7024.71484375,7036.57080078125,144277600,-0.0041291170927522,-0.0041376654362574,0.1743158870268741,7354.0005078125
2024-12-30,7026.77685546875,7079.90478515625,6993.07177734375,7079.90478515625,159672400,0.006158395275464,0.0061395098555389,0.1753169087410881,7342.6198046875
