date,open,high,low,close,volume,daily_return,log_return,volatility_20d,ma_50
2019-01-02,6197.87109375,6205.89501953125,6164.833984375,6181.1748046875,52797800,,,,
2019-01-03,6176.15185546875,6221.009765625,6176.15185546875,6221.009765625,72166700,0.006444561462214393,0.006423884066280147,,
2019-01-04,6211.09619140625,6274.5400390625,6200.85400390625,6274.5400390625,80858100,0.008604756374646527,0.008567946467974947,,
2019-01-07,6317.6259765625,6354.7578125,6287.22412109375,6287.22412109375,90278300,0.0020215158326004623,0.0020194753189607304,,
2019-01-08,6292.26318359375,6316.240234375,6251.3759765625,6262.84716796875,90537400,-0.0038772203210022393,-0.0038847562249242997,,
2019-01-09,6296.115234375,6311.5791015625,6265.326171875,6272.23779296875,105604200,0.0014994178762701704,0.0014982948717149134,,
2019-01-10,6293.9580078125,6328.7138671875,6268.5078125,6328.7138671875,122462300,0.009004134741520842,0.008963839223849572,,
2019-01-11,6347.97314453125,6361.46484375,6337.5478515625,6361.46484375,78112000,0.005174981402193524,0.005161637203458277,,
2019-01-14,6351.3291015625,6359.875,6302.39599609375,6336.1162109375,79731000,-0.0039847163247950235,-0.0039926764598462935,,
2019-01-15,6347.10107421875,6408.7841796875,6333.64404296875,6408.7841796875,95139900,0.011468850369972694,0.011403581669488029,,
2019-01-16,6417.130859375,6425.94091796875,6385.58984375,6413.35986328125,104252800,0.0007139706168062254,0.0007137158610369381,,
2019-01-17,6421.4072265625,6457.73486328125,6410.9501953125,6423.77978515625,99214400,0.0016247212221254248,0.0016234027904633646,,
2019-01-18,6444.212890625,6452.55810546875,6409.09521484375,6448.15576171875,77604300,0.0037946469800889115,0.003787465469036631,,
2019-01-21,6448.5361328125,6472.14990234375,6438.90087890625,6450.833984375,101769000,0.0004153470783305746,0.0004152608456096819,,
2019-01-22,6452.60400390625,6468.56201171875,6416.5927734375,6468.56201171875,100776200,0.0027481760322294324,0.0027444067007557525,,
2019-01-23,6452.90576171875,6484.19580078125,6449.919921875,6451.169921875,109468500,-0.0026887103829632553,-0.0026923314568606917,,
2019-01-24,6451.2568359375,6478.8837890625,6446.58203125,6466.65478515625,120391000,0.0024003186195333814,0.002397442456348333,,
2019-01-25,6474.1591796875,6498.333984375,6470.123046875,6482.8427734375,92035400,0.002503301756328291,0.0025001737156855517,,
2019-01-28,6488.90185546875,6501.0859375,6433.81982421875,6458.7119140625,95548600,-0.0037222650954721326,-0.0037292099633084003,,
2019-01-29,6454.47314453125,6485.2470703125,6428.47021484375,6436.47998046875,73064200,-0.0034421621353546428,-0.003448100005427819,,
2019-01-30,6445.4091796875,6464.9267578125,6435.41796875,6464.18896484375,78683300,0.0043049903765850495,0.004295750414653513,0.07076312108828015,
2019-01-31,6491.38916015625,6544.47900390625,6491.38916015625,6532.96923828125,104349100,0.010640201549114714,0.010583992966834295,0.07541453904671708,
2019-02-01,6552.05712890625,6581.73193359375,6516.43603515625,6538.63818359375,88866200,0.0008677440694626615,0.0008673677972338813,0.07200066976460949,
2019-02-04,6540.77392578125,6555.98681640625,6479.0498046875,6481.451171875,89042000,-0.00874601256607821,-0.008784483409218708,0.08165086478072622,
2019-02-06,6503.578125,6552.216796875,6503.578125,6547.876953125,106799500,0.010248597033059692,0.010196436243048845,0.08453361807196141,
2019-02-07,6556.115234375,6563.98193359375,6517.22509765625,6536.45703125,115112600,-0.001744064825401126,-0.0017455874771184754,0.08568008458953827,
2019-02-08,6513.7431640625,6526.8662109375,6498.96484375,6521.6630859375,96579400,-0.0022632972636050797,-0.002265862392019759,0.08291203793730186,
2019-02-11,6523.7021484375,6535.17822265625,6494.125,6495.001953125,94974200,-0.0040880880323285185,-0.004096467108272006,0.0839972845080536,
2019-02-12,6503.05078125,6513.10205078125,6392.23681640625,6426.3251953125,118209700,-0.010573785552051573,-0.010630085241414669,0.09217643979717637,
2019-02-13,6445.17919921875,6456.57080078125,6398.89208984375,6419.1162109375,122590200,-0.0011217895384844079,-0.001122419215322709,0.08318205361453868,
2019-02-14,6429.1318359375,6446.3359375,6402.43017578125,6420.01806640625,117183600,0.00014049527055037814,0.0001404854020141656,0.08314906188619531,
2019-02-15,6425.81396484375,6433.68505859375,6374.89892578125,6389.0849609375,98204900,-0.0048182271683334665,-0.004829872245666121,0.08467275227675604,
2019-02-18,6428.27587890625,6501.02783203125,6425.9169921875,6497.81494140625,97765700,0.01701808336147015,0.016874897991399476,0.10361699124491906,
2019-02-19,6500.701171875,6534.0078125,6493.30908203125,6494.6669921875,98372900,-0.00048446273818758545,-0.0004845801281755126,0.10366256458980425,
2019-02-20,6521.80810546875,6552.15185546875,6483.07080078125,6512.7841796875,110588600,0.002789548335856651,0.002785664766490839,0.10367536699533189,
2019-02-21,6510.5732421875,6539.06787109375,6498.990234375,6537.76611328125,102022900,0.003835830100384019,0.0038284920630946902,0.10372907522699157,
2019-02-22,6518.18798828125,6530.22021484375,6481.47509765625,6501.3779296875,101594400,-0.005565843586822217,-0.0055813906092721695,0.10580902531196698,
2019-02-25,6522.31005859375,6538.4912109375,6507.9248046875,6525.35791015625,95685700,0.0036884458538011256,0.0036816602179080248,0.10622195266903756,
2019-02-26,6527.72119140625,6540.9501953125,6497.7578125,6540.9501953125,111994800,0.0023894911774848815,0.002386640883040554,0.10533932254299284,
2019-02-27,6532.0390625,6539.28515625,6499.81494140625,6525.68310546875,89352100,-0.0023340782895260315,-0.0023368064963157627,0.10484102122980328,
2019-02-28,6526.93310546875,6526.93310546875,6433.244140625,6443.34814453125,100223700,-0.01261706393136075,-0.012697334987239997,0.11403473469069736,
2019-03-01,6468.6201171875,6505.09619140625,6466.1572265625,6499.8837890625,78269700,0.008774265065784714,0.008735994900853038,0.11189371059890595,
2019-03-04,6508.26416015625,6537.23095703125,6487.85302734375,6488.419921875,89179000,-0.0017637034075579372,-0.0017652605635898042,0.11193404209495021,
2019-03-05,6485.580078125,6485.64404296875,6409.337890625,6441.27978515625,82023100,-0.007265272175097981,-0.007291792796080179,0.11056555193275426,
2019-03-06,6460.80712890625,6473.01220703125,6424.2578125,6457.9560546875,91098200,0.002588968355276222,0.0025856227499040994,0.10408316397566367,
2019-03-08,6439.8408203125,6442.2041015625,6381.73095703125,6383.06787109375,92588600,-0.011596267140807304,-0.011664028206265787,0.11113141903484121,
2019-03-11,6418.8828125,6420.7822265625,6366.0390625,6366.43408203125,97316700,-0.0026059238908969773,-0.0026093252209159917,0.11118230545540389,
2019-03-12,6395.880859375,6404.43017578125,6339.9677734375,6353.77392578125,84514000,-0.0019885788632811874,-0.00199055871138708,0.11070606509576462,
2019-03-13,6343.12109375,6377.5751953125,6337.8740234375,6377.5751953125,100029400,0.0037460051001616534,0.0037390062959819052,0.10594612536332638,
2019-03-14,6374.9169921875,6413.26611328125,6372.96484375,6413.26611328125,96692700,0.005596314723969487,0.00558071353377398,0.10797614510680417,6431.377216796875
2019-03-15,6420.18212890625,6489.19482421875,6419.64404296875,6461.18310546875,122938800,0.007471542789760255,0.007443769069828013,0.11120680767194742,6436.9773828125
2019-03-18,6481.5927734375,6509.44677734375,6477.2880859375,6509.44677734375,105004500,0.007469788595551474,0.007442027883440641,0.1121972244918227,6442.746123046875
2019-03-19,6515.56103515625,6522.205078125,6473.2861328125,6480.27587890625,113972800,-0.004481317604290047,-0.004491388807461842,0.09646280026041493,6446.86083984375
2019-03-20,6486.8828125,6498.42578125,6463.94384765625,6482.7099609375,106335600,0.00037561395174123824,0.0003755434264804955,0.09646979196815042,6450.770556640625
2019-03-21,6499.27197265625,6515.97119140625,6484.31298828125,6501.77587890625,120956200,0.002941041336668615,0.002936724935668173,0.09653103044364655,6455.549130859375
2019-03-22,6510.85205078125,6525.27392578125,6491.90478515625,6525.27392578125,129537900,0.0036140967195186224,0.003607581564850385,0.09641537396260065,6460.609853515625
2019-03-25,6473.85595703125,6474.64794921875,6391.51904296875,6411.2509765625,105721300,-0.017474047912110935,-0.01762852124875487,0.11347980941310368,6462.260595703125
2019-03-26,6440.916015625,6478.0478515625,6439.58203125,6469.9990234375,85932800,0.009163273609123168,0.009121545534310918,0.11782408209961258,6464.431279296875
2019-03-27,6480.55712890625,6485.42578125,6443.97412109375,6444.73779296875,90444600,-0.003904363876600536,-0.003912005802967221,0.11795108751357944,6466.6037109375
2019-03-28,6460.48681640625,6480.7880859375,6445.35888671875,6480.7880859375,92075400,0.0055937563523655864,0.00557816939670738,0.11986136015961696,6468.0437890625
2019-03-29,6480.98291015625,6485.958984375,6440.9169921875,6468.7548828125,102927100,-0.0018567499763046946,-0.0018584758732455714,0.110885407303387,6469.151689453125
2019-04-01,6485.72119140625,6492.9111328125,6444.84423828125,6452.61083984375,93229400,-0.002495695579939894,-0.0024988150193487072,0.10649466180998154,6469.728310546875
2019-04-02,6476.623046875,6490.0732421875,6454.98388671875,6476.06591796875,97657900,0.0036349748508262003,0.003628384295915541,0.10727218032348931,6470.286513671875
2019-04-04,6489.78515625,6505.798828125,6480.0751953125,6494.6298828125,115935300,0.002866549704542365,0.0028624489856785445,0.10425007609225295,6471.162431640625
2019-04-05,6501.09912109375,6506.80078125,6473.955078125,6474.01806640625,104044400,-0.003173670675337137,-0.003178717448808323,0.10466350469707097,6471.271552734375
2019-04-08,6480.18408203125,6484.14794921875,6390.7099609375,6425.73388671875,104784600,-0.007458147195795961,-0.007486098237636023,0.09933756377571798,6470.76283203125
2019-04-09,6434.6181640625,6484.39013671875,6429.53515625,6484.34814453125,103220100,0.00912179975794647,0.009080447424108531,0.10333123774719942,6471.11669921875
2019-04-10,6476.77978515625,6487.755859375,6456.666015625,6478.326171875,85785100,-0.0009286936052822492,-0.0009291251083652836,0.10300319796061187,6471.0263671875
2019-04-11,6468.255859375,6472.72998046875,6410.166015625,6410.166015625,98465700,-0.010521260344363403,-0.01057700011714775,0.11018494613003244,6470.05544921875
2019-04-12,6395.0732421875,6422.27197265625,6394.9140625,6405.8662109375,115690900,-0.000670778990281895,-0.0006710040631638653,0.10839726644916571,6469.443173828125
2019-04-15,6426.90478515625,6442.0341796875,6415.115234375,6435.15087890625,89372600,0.004571539118120915,0.004561121371192237,0.10621233264945538,6468.862412109375
2019-04-16,6440.72119140625,6485.12109375,6438.39697265625,6481.541015625,113905400,0.007208865431704403,0.007183005766157244,0.10596879058662596,6467.83384765625
2019-04-18,6568.84521484375,6636.33203125,6487.22705078125,6507.22119140625,112896400,0.003962047870921914,0.003954219629687889,0.1056883874825658,6467.2055078125
2019-04-22,6511.0859375,6516.2421875,6410.0390625,6414.7431640625,94956300,-0.014211600408770675,-0.01431355228747272,0.1175722864041214,6465.87134765625
2019-04-23,6420.1630859375,6482.81884765625,6415.455078125,6462.82177734375,105904400,0.00749501765723104,0.007467069573104494,0.1204080173691051,6464.170244140625
2019-04-24,6460.26513671875,6472.52783203125,6433.97216796875,6447.884765625,95981100,-0.0023112213570725126,-0.0023138963516177095,0.11969143343699841,6462.398798828125
2019-04-25,6423.837890625,6431.591796875,6353.283203125,6372.787109375,95830800,-0.011646866992778948,-0.011715223022235752,0.10997736973709979,6459.421279296875
2019-04-26,6349.923828125,6401.080078125,6321.66015625,6401.080078125,84764000,0.004439653838173685,0.0044298276475941995,0.10582871984131786,6457.542841796875
2019-04-29,6388.3818359375,6428.34423828125,6376.705078125,6425.89501953125,87784100,0.003876680357593365,0.003869185396430213,0.10613985630968978,6457.53423828125
2019-04-30,6437.97509765625,6457.82177734375,6428.251953125,6455.35205078125,94646800,0.004584113366381981,0.004573638319041132,0.10547911506236675,6458.258955078125
2019-05-02,6458.12109375,6465.77294921875,6363.0400390625,6374.421875,105193000,-0.01253691125512757,-0.012616161391658276,0.11427266434891677,6457.34703125
2019-05-03,6366.75,6367.6201171875,6261.25,6319.458984375,93047100,-0.008622411836367472,-0.00865979990130715,0.11757910595648487,6455.95451171875
2019-05-06,6254.81103515625,6263.0869140625,6207.623046875,6256.35205078125,76667800,-0.00998612915279351,-0.010036324994879747,0.12035145968497951,6451.12525390625
2019-05-07,6271.9619140625,6310.93994140625,6268.31982421875,6297.31787109375,99893700,0.006547876458995683,0.006526532238151769,0.12288038121474051,6447.178271484375
2019-05-08,6260.69677734375,6270.8837890625,6231.36279296875,6270.2021484375,92019200,-0.004305916139427879,-0.004315213294439578,0.12314701321321962,6442.326630859375
2019-05-09,6242.18017578125,6259.626953125,6195.38623046875,6198.80419921875,92161300,-0.011386865611109798,-0.011452192349981924,0.12642269165697595,6435.547392578125
2019-05-10,6203.10302734375,6232.6640625,6149.22021484375,6209.1181640625,83315100,0.0016638636279315833,0.0016624809403686309,0.12056332608190445,6429.702197265625
2019-05-13,6225.39501953125,6238.26220703125,6135.39599609375,6135.39599609375,73081800,-0.011873210659034239,-0.011944260175293032,0.12530819827924908,6421.902958984375
2019-05-14,6081.40185546875,6101.08984375,6033.6181640625,6071.2021484375,102612300,-0.010462869502982475,-0.010517990139230424,0.1252592861168727,6412.507998046875
2019-05-15,6091.64306640625,6107.43994140625,5980.884765625,5980.884765625,90189500,-0.014876359014951324,-0.014988121844817502,0.13227177912960159,6401.61203125
2019-05-16,5969.85595703125,6009.6279296875,5889.55517578125,5895.73779296875,90700800,-0.014236517838569718,-0.014338829258402054,0.1341237651970317,6390.65982421875
2019-05-17,5930.26904296875,5936.97021484375,5826.8681640625,5826.8681640625,88536300,-0.011681257091925579,-0.011750018983638475,0.1292281976837633,6377.19951171875
2019-05-20,5822.47412109375,5930.15478515625,5767.40087890625,5907.12109375,88516800,0.013772909808130507,0.013678925263036025,0.14242508685129207,6365.57353515625
2019-05-21,5925.416015625,5996.5400390625,5925.416015625,5951.3720703125,88868800,0.007491123994278537,0.0074632048686561385,0.14417479530298974,6355.775380859375
2019-05-22,5948.3828125,5966.7978515625,5918.89990234375,5939.63623046875,73752300,-0.0019719553247716792,-0.001973902188513039,0.13820485599104762,6345.408984375
2019-05-23,5944.0322265625,6044.57177734375,5942.171875,6032.69580078125,80007700,0.01566755382006879,0.015546084804134445,0.15499413244169494,6338.40154296875
2019-05-24,6042.5751953125,6080.19189453125,6037.080078125,6057.35302734375,94909100,0.004087265026575082,0.0040789348495893244,0.15379324759363935,6332.219921875
2019-05-27,6056.4140625,6114.53076171875,6054.76806640625,6098.97412109375,79120000,0.006871168571835895,0.006847669674907929,0.15547645030040722,6327.12392578125
2019-05-28,6101.8427734375,6118.90576171875,6033.14208984375,6033.14208984375,107550600,-0.010793951563479398,-0.01085262888074209,0.15636103873104837,6320.235263671875
2019-05-29,6059.53076171875,6112.43115234375,6054.57080078125,6104.10595703125,79068400,0.011762339777636077,0.011693701168585448,0.16293229626097097,6314.052060546875
2019-05-31,6110.52001953125,6209.1171875,6110.47802734375,6209.1171875,94994300,0.01720337608946454,0.017057073562939125,0.1729528300349271,6309.0107421875
2019-06-10,6277.29296875,6334.64501953125,6276.27978515625,6289.60986328125,94734500,0.012963626446493182,0.012880317856328382,0.17765526296912645,6304.61400390625
2019-06-11,6286.7998046875,6310.0,6255.26416015625,6305.9921875,86434200,0.002604664609547669,0.002601278349456906,0.17403625018351854,6301.128330078125
2019-06-12,6270.35205078125,6296.81787109375,6257.43896484375,6276.1767578125,90308800,-0.004728110787482587,-0.004739323661058626,0.17336519401262404,6296.997666015625
2019-06-13,6282.60791015625,6284.4580078125,6250.1171875,6273.08203125,95630400,-0.0004930910460174687,-0.00049321265538527,0.17268208424668988,6292.4237890625
2019-06-14,6278.02587890625,6294.64892578125,6234.98583984375,6250.26513671875,86134100,-0.0036372702313767213,-0.00364390118266904,0.16795988715943252,6286.92361328125
2019-06-17,6259.53515625,6263.4990234375,6190.52490234375,6190.52490234375,94608600,-0.009558032030359986,-0.009604003182183369,0.17157092383676228,6282.509091796875
2019-06-18,6195.1337890625,6257.330078125,6195.1337890625,6257.330078125,94426600,0.010791520401760568,0.01073370749964321,0.16976931081323252,6278.255712890625
2019-06-19,6289.4521484375,6339.26220703125,6289.4521484375,6339.26220703125,104524400,0.013093784071368741,0.013008801505783651,0.16916774074715138,6276.146201171875
2019-06-20,6346.01318359375,6357.4599609375,6311.251953125,6335.6982421875,93519900,-0.0005622049896906178,-0.0005623630861736991,0.15709158940718326,6273.244404296875
2019-06-21,6343.48193359375,6352.52880859375,6269.69091796875,6315.43603515625,111701800,-0.0031981016545784557,-0.003203226511133443,0.1454424724508069,6270.17802734375
2019-06-24,6307.9267578125,6320.53515625,6280.22216796875,6288.46484375,113990600,-0.0042706776311419725,-0.0042798230221555884,0.13728423651303015,6266.895107421875
2019-06-25,6312.10107421875,6327.98193359375,6308.0029296875,6320.44482421875,104114600,0.0050854988082718044,0.005072611333565584,0.1323919859008343,6263.782685546875
2019-06-26,6323.81103515625,6334.17919921875,6303.34912109375,6310.48876953125,117335500,-0.0015752142395658586,-0.001576456193916924,0.13258400109148263,6260.09986328125
2019-06-27,6324.69287109375,6357.92822265625,6320.08984375,6352.7099609375,99586800,0.006690637278384148,0.006668354301115118,0.13189195186529545,6257.673701171875
2019-06-28,6367.01806640625,6377.35009765625,6351.505859375,6358.62890625,106200900,0.0009317197462019866,0.0009312859647801562,0.12394813334129673,6256.3316015625
2019-07-01,6381.18115234375,6395.6259765625,6369.19287109375,6379.68798828125,128295500,0.0033118903999178606,0.003306418169862728,0.12385873755387862,6254.2383984375
2019-07-02,6388.22216796875,6394.4541015625,6365.3720703125,6384.89794921875,128839600,0.0008166482353164639,0.0008163149595800264,0.12295742092352083,6252.369833984375
2019-07-03,6362.9580078125,6385.373046875,6334.748046875,6362.6220703125,115118100,-0.003488838675796746,-0.0034949388659686565,0.11504525958495468,6251.418955078125
2019-07-04,6364.06787109375,6385.12890625,6359.4150390625,6375.966796875,138923400,0.0020973627562708153,0.0020951663615599294,0.10998099852805246,6250.820966796875
2019-07-05,6373.31787109375,6386.64404296875,6362.9248046875,6373.47705078125,132400300,-0.0003904891874547678,-0.0003905654482108406,0.09510774353066795,6249.587490234375
2019-07-08,6360.2138671875,6367.36181640625,6324.72119140625,6351.8271484375,106782100,-0.003396874605690492,-0.0034026570828473005,0.08594802024083782,6246.993212890625
2019-07-09,6351.48486328125,6388.3232421875,6351.4228515625,6388.3232421875,120669200,0.0057457630532307125,0.0057293191152784605,0.08766614202648915,6244.61525390625
2019-07-10,6393.18994140625,6412.82421875,6393.18994140625,6410.68310546875,116571800,0.003500114573662838,0.0034940034283029125,0.0858065317809863,6244.534052734375
2019-07-11,6424.62890625,6434.908203125,6397.22216796875,6417.06591796875,123096800,0.0009956524749374918,0.0009951571417712638,0.08561157103802329,6243.618935546875
2019-07-12,6414.1982421875,6425.31787109375,6369.49609375,6373.34521484375,132748400,-0.006813192147921643,-0.00683650790504714,0.08867049594765833,6242.12814453125
2019-07-15,6408.30810546875,6439.19287109375,6405.4501953125,6418.23388671875,138330000,0.007043188523736754,0.007018501122345731,0.08172686206225131,6243.037080078125
2019-07-16,6414.72900390625,6428.26806640625,6389.39794921875,6401.8798828125,120399800,-0.0025480535915169966,-0.002551305405107672,0.07587478128593675,6243.053076171875
2019-07-17,6395.4638671875,6403.5009765625,6377.5029296875,6394.60888671875,142137300,-0.0011357595310825808,-0.0011364049947127342,0.061849634728412504,6242.427353515625
2019-07-18,6385.05810546875,6407.2568359375,6375.6171875,6403.2939453125,150696400,0.0013581844875278914,0.001357262989258879,0.061814558566215566,6241.38619140625
2019-07-19,6417.44287109375,6456.5390625,6417.44287109375,6456.5390625,129678900,0.008315269866141062,0.00828088847189477,0.06591920293373713,6243.02853515625
2019-07-22,6461.4111328125,6468.2470703125,6420.34912109375,6433.546875,125797900,-0.003561069990815957,-0.003567425693777287,0.06519187557297562,6245.31029296875
2019-07-23,6443.7109375,6454.0888671875,6396.6748046875,6403.81005859375,129238000,-0.00462214964529184,-0.004632864809775368,0.06651704208181569,6248.259453125
2019-07-24,6413.31982421875,6419.22119140625,6380.01123046875,6384.98681640625,149335200,-0.002939381714209266,-0.0029437101807313288,0.0672979083832655,6250.01283203125
2019-07-25,6392.38818359375,6412.71484375,6386.291015625,6401.365234375,124582800,0.0025651451506001344,0.0025618607811688826,0.06386722882518314,6252.63609375
2019-07-26,6379.2041015625,6385.587890625,6314.41015625,6325.23681640625,122282900,-0.011892528418772974,-0.011963810245971734,0.07737009881197766,6255.16474609375
2019-07-29,6336.84521484375,6349.3671875,6283.60205078125,6299.03515625,126988300,-0.004142399868458435,-0.00415100337445487,0.0773350530363444,6256.9630859375
2019-07-30,6317.5732421875,6376.99609375,6317.0361328125,6376.99609375,127506100,0.012376647465230706,0.012300682912751163,0.08991665611895813,6261.795087890625
2019-07-31,6362.10888671875,6390.5048828125,6348.9970703125,6390.5048828125,114214500,0.002118362449012645,0.0021161218829426863,0.0892789446243464,6268.181142578125
2019-08-01,6385.26416015625,6404.5810546875,6372.705078125,6381.5419921875,107634100,-0.001402532474250373,-0.0014035169435287916,0.0891673051302782,6276.194287109375
2019-08-02,6341.123046875,6353.11083984375,6317.27099609375,6340.18017578125,93321300,-0.006481476805588193,-0.006502572781169199,0.09215155525344053,6285.083134765625
2019-08-05,6311.1640625,6315.06298828125,6175.703125,6175.703125,122385300,-0.025942015245802197,-0.026284444509751172,0.13036607526057697,6292.059833984375
2019-08-06,6105.0908203125,6157.76220703125,6022.59912109375,6119.47119140625,113648900,-0.009105349213778813,-0.009147056270515097,0.13026155829271666,6296.3068359375
2019-08-07,6155.828125,6221.6611328125,6153.64404296875,6204.19482421875,115751900,0.013844927145253871,0.013749961664315528,0.1408148250144927,6301.363291015625
2019-08-08,6224.89794921875,6281.10009765625,6224.89794921875,6274.6708984375,108941500,0.011359423134753799,0.011295389356023826,0.1479350827883882,6308.063984375
2019-08-09,6300.0927734375,6319.43994140625,6280.66796875,6282.1318359375,102271800,0.0011890563857075431,0.0011883500180485493,0.1465597508112364,6313.052705078125
2019-08-12,6300.6728515625,6309.10205078125,6245.27685546875,6250.59521484375,98246100,-0.005020050823088762,-0.005032693607583849,0.14434554908393982,6316.917548828125
2019-08-13,6251.30810546875,6251.30810546875,6198.06591796875,6210.9619140625,106057400,-0.006340724270087139,-0.0063609120442058254,0.1454049416003364,6319.1573046875
2019-08-14,6255.509765625,6274.5751953125,6240.2041015625,6267.3349609375,116897700,0.00907637941674766,0.009035436640058521,0.15016025140409564,6323.841162109375
2019-08-15,6192.4560546875,6257.5859375,6161.6650390625,6257.5859375,118749900,-0.0015555293435348672,-0.0015567404353930526,0.14990823724751737,6326.91076171875
2019-08-16,6264.3798828125,6292.375,6235.701171875,6286.6572265625,122425200,0.004645767449757754,0.004635009179572113,0.14740352531087392,6328.4615625
2019-08-19,6310.6328125,6329.73876953125,6284.77587890625,6296.71484375,107478400,0.0015998354650232915,0.0015985570915422525,0.14750557222308203,6328.603662109375
2019-08-20,6311.9072265625,6317.69091796875,6279.56494140625,6295.73779296875,115615800,-0.00015516833864881452,-0.00015518037850095938,0.1469282707918348,6328.39857421875
2019-08-21,6290.81103515625,6308.35205078125,6247.990234375,6252.966796875,97455300,-0.006793643175787567,-0.006816825022038536,0.14829677045659873,6327.934375
2019-08-22,6257.55615234375,6265.95703125,6210.537109375,6239.2451171875,102340600,-0.0021944270828940793,-0.0021968383662413125,0.14772273639790368,6327.25763671875
2019-08-23,6228.1298828125,6255.59716796875,6204.18798828125,6255.59716796875,104137900,0.0026208380139136622,0.0026174096068593117,0.1427220246151251,6327.36427734375
2019-08-26,6193.23095703125,6230.31494140625,6149.02001953125,6214.509765625,120581400,-0.006568102331482306,-0.006589767232565097,0.14379582916434688,6327.843974609375
2019-08-27,6244.5732421875,6289.884765625,6223.744140625,6278.1708984375,117748900,0.010243950884852637,0.010191837217715292,0.1414474819806055,6328.260791015625
2019-08-28,6289.65087890625,6306.3291015625,6267.19482421875,6281.64599609375,107048900,0.0005535207168563261,0.0005533675807710562,0.1411313835800579,6327.108466796875
2019-08-29,6288.18603515625,6306.89599609375,6276.4208984375,6289.119140625,111978400,0.0011896793509054149,0.0011889722431918288,0.141298656302101,6326.176884765625
2019-08-30,6316.119140625,6329.8837890625,6305.037109375,6328.47021484375,132856400,0.00625700886544811,0.006237515058500607,0.14163120027694068,6326.437568359375
2019-09-02,6331.14794921875,6338.11279296875,6281.60498046875,6290.5458984375,126521700,-0.0059926514811267095,-0.00601067947676012,0.10560568839607719,6326.479189453125
2019-09-03,6293.36181640625,6310.630859375,6248.796875,6261.58984375,122848800,-0.004603106813781066,-0.004613733733722551,0.10099884191795648,6325.30208984375
2019-09-04,6266.76416015625,6273.60400390625,6239.0009765625,6269.6640625,111903900,0.001289483813453396,0.001288653143214687,0.0893963645776174,6324.485595703125
2019-09-05,6294.283203125,6307.34814453125,6281.9541015625,6306.80322265625,110321300,0.005923628409117754,0.005906152701458578,0.08257084276517322,6323.5674609375
2019-09-06,6329.412109375,6336.912109375,6305.01708984375,6308.9501953125,114218400,0.0003404216970870344,0.0003403637667678961,0.08249859778182055,6322.57388671875
2019-09-09,6328.2822265625,6333.89697265625,6306.73583984375,6326.212890625,109132800,0.002736223108137148,0.002732486464330528,0.08053110104883401,6321.504384765625
2019-09-10,6331.72607421875,6342.005859375,6311.3408203125,6336.6728515625,113186400,0.0016534317005045818,0.0016520662871817172,0.07625244245747881,6320.5398828125
2019-09-11,6334.591796875,6381.9541015625,6328.68798828125,6381.9541015625,136654000,0.007145903072593551,0.007120492091688563,0.07384148269266098,6320.9265234375
2019-09-12,6398.9951171875,6414.48388671875,6337.52392578125,6342.173828125,111986600,-0.006233243424261015,-0.006252751192748912,0.07769957539162603,6320.2506640625
2019-09-13,6369.4228515625,6375.80419921875,6318.919921875,6334.8427734375,106712000,-0.0011559214373768611,-0.0011565900298381214,0.07649134423081008,6319.477978515625
2019-09-16,6262.2880859375,6266.14013671875,6193.51318359375,6219.43505859375,102809600,-0.01821792883758122,-0.01838591871618471,0.10118335309476627,6316.83013671875
2019-09-17,6215.23681640625,6240.34814453125,6205.3017578125,6236.68994140625,112446500,0.0027743488998503985,0.00277050749722857,0.1018911090092593,6313.797470703125
2019-09-18,6238.705078125,6276.6328125,6236.47607421875,6276.6328125,108718500,0.006404498454951835,0.0063840768019744,0.10176175008800606,6311.11646484375
2019-09-19,6274.17822265625,6282.06298828125,6242.89306640625,6244.47021484375,106914500,-0.005124180212071283,-0.005137353845478118,0.10320121093649029,6307.66455078125
2019-09-20,6248.97412109375,6256.82177734375,6213.2431640625,6231.47314453125,134219300,-0.002081372777085977,-0.002083541843684637,0.10299401824393953,6304.827109375
2019-09-23,6240.14404296875,6247.5771484375,6197.38818359375,6206.19921875,118747800,-0.004055850871062527,-0.004064098141559565,0.10128965327629107,6300.586416015625
2019-09-24,6188.76904296875,6194.58984375,6115.9501953125,6137.60791015625,90097100,-0.01105206361834532,-0.01111359143301222,0.10090205817200414,6295.3009765625
2019-09-25,6121.490234375,6146.40380859375,6086.001953125,6146.40380859375,91732400,0.00143311507777244,0.0014320891484256109,0.10114466521695492,6290.336875
2019-09-26,6168.66796875,6230.333984375,6165.92578125,6230.333984375,105163800,0.013655167866436058,0.013562776194052167,0.11360852171418558,6286.87767578125
2019-09-27,6213.93212890625,6219.77001953125,6191.6640625,6196.88916015625,112420600,-0.005368062820167552,-0.005382522640084454,0.1119859333272836,6281.684677734375
2019-09-30,6190.3720703125,6195.72802734375,6152.49609375,6169.10205078125,93299700,-0.004484041695252627,-0.004494125164637048,0.1112218038277585,6276.39578125
2019-10-01,6163.97900390625,6176.60595703125,6134.77001953125,6138.25,99171900,-0.005001060207351027,-0.005013607359138123,0.11140423662895162,6271.084580078125
2019-10-02,6124.44287109375,6153.99609375,6051.68798828125,6055.4248046875,116223100,-0.0134932912984157,-0.013585153034142015,0.11957217046546062,6264.49333984375
2019-10-03,6033.02685546875,6050.60400390625,5997.69189453125,6038.52880859375,121133700,-0.0027902247387616708,-0.002794124671957437,0.11613353474612936,6257.236611328125
2019-10-04,6052.7470703125,6076.56005859375,6046.1298828125,6061.251953125,111920200,0.0037630265999413215,0.003755964127315457,0.11773593856556298,6251.9569140625
2019-10-07,6077.740234375,6084.1650390625,5988.8720703125,6000.58203125,127549800,-0.010009470377439156,-0.010059901937073602,0.1196531859479396,6245.9878515625
2019-10-08,6021.69287109375,6046.4580078125,6009.3818359375,6039.60107421875,124640500,0.006502543047582021,0.0064814927190398365,0.12312957694250089,6239.239951171875
2019-10-09,6030.458984375,6047.79296875,6017.35986328125,6029.16015625,111759600,-0.0017287429816050803,-0.0017302389821355277,0.11795142021443857,6232.013056640625
2019-10-10,6023.97607421875,6044.11376953125,6018.44580078125,6023.64111328125,89240100,-0.0009153916674495832,-0.0009158108942593458,0.11742552094961088,6224.8550390625
2019-10-11,6033.32177734375,6109.1181640625,6033.32177734375,6105.7998046875,105411100,0.01363937357175904,0.013547194546339415,0.13063958233388767,6220.167431640625
2019-10-14,6129.23388671875,6153.578125,6099.23876953125,6126.876953125,118521000,0.0034519881279631015,0.0034460436930963006,0.1161505405468387,6219.190908203125
2019-10-15,6130.2998046875,6158.166015625,6118.26220703125,6158.166015625,118739300,0.005106853416411594,0.005093857666651032,0.11737083194749254,6219.9648046875
2019-10-16,6170.56201171875,6183.583984375,6143.84619140625,6169.591796875,114463100,0.0018553870131154948,0.0018536679087054902,0.11485286702800147,6219.272744140625
2019-10-17,6169.90380859375,6197.93505859375,6161.39208984375,6181.01416015625,119164000,0.0018513969250015805,0.0018496852021079935,0.11407690167921469,6217.399609375
2019-10-18,6185.21484375,6201.1748046875,6178.498046875,6191.94677734375,125611600,0.0017687416505163256,0.0017671792690313708,0.11419156735653714,6215.595908203125
2019-10-21,6207.88916015625,6228.22705078125,6187.36083984375,6198.98681640625,146413800,0.0011369669856109432,0.0011363211281471461,0.11341837868531797,6214.563740234375
2019-10-22,6207.4921875,6229.39892578125,6178.55517578125,6225.4970703125,114083500,0.004276546263348724,0.004267427827076799,0.10646097600458947,6214.854443359375
2019-10-23,6224.41796875,6257.80615234375,6197.9541015625,6257.80615234375,135886700,0.00518979957204091,0.005176378975685777,0.10762070780340081,6214.6638671875
2019-10-24,6271.51416015625,6339.64697265625,6270.18603515625,6339.64697265625,130619300,0.013078196786560303,0.012993415561297196,0.10674748980653496,6216.305087890625
2019-10-25,6342.60888671875,6348.31494140625,6243.24609375,6252.34521484375,151346100,-0.013770760136809557,-0.013866456611973036,0.11708533641727731,6215.61884765625
2019-10-28,6256.7900390625,6278.1630859375,6243.34912109375,6265.3837890625,145042900,0.0020853893652248434,0.002083217959116649,0.11572487817160294,6214.9922265625
2019-10-29,6267.68017578125,6281.13818359375,6245.93798828125,6281.13818359375,148492100,0.002514513884808167,0.0025113577843681612,0.11379980795342068,6214.700234375
2019-10-30,6302.087890625,6304.0498046875,6264.93896484375,6295.7470703125,139603200,0.002325834314059305,0.0023231337479999586,0.09960330916811412,6215.55583984375
2019-10-31,6290.56689453125,6301.5927734375,6216.2900390625,6228.31689453125,163955700,-0.010710432777583434,-0.010768202324236675,0.10828039796162046,6215.337275390625
2019-11-01,6225.81494140625,6228.4111328125,6193.88720703125,6207.19091796875,142104600,-0.0033919238407810193,-0.0033976894558285235,0.10931755439339116,6214.369150390625
2019-11-04,6219.126953125,6242.083984375,6180.34423828125,6180.34423828125,103975100,-0.004325093273639058,-0.004334473546359158,0.10322232847329384,6213.68583984375
2019-11-05,6204.43896484375,6264.15185546875,6195.30419921875,6264.15185546875,95988100,0.013560347766454983,0.013469229060736526,0.11044420971457211,6213.405458984375
2019-11-06,6273.91796875,6274.2919921875,6198.49609375,6217.544921875,70278100,-0.007440262412071186,-0.007468079226607246,0.11469050304574722,6212.1234375
2019-11-07,6234.60400390625,6235.63818359375,6119.4208984375,6165.6240234375,67284200,-0.008350707407811075,-0.008385769899098523,0.11976348460655704,6209.65353515625
2019-11-08,6165.76611328125,6180.19921875,6139.8232421875,6177.98583984375,60698400,0.0020049578695131576,0.0020029506239979005,0.11059247924675011,6206.64384765625
2019-11-11,6171.43701171875,6182.81591796875,6127.876953125,6148.740234375,47286600,-0.0047338414536556295,-0.00474508156775075,0.11160204679998612,6203.807734375
2019-11-12,6135.4931640625,6180.9921875,6133.5341796875,6180.9921875,57719100,0.005245294466123873,0.005231585825448423,0.11168354927028529,6202.19578125
2019-11-13,6177.66015625,6183.8271484375,6132.2529296875,6142.5009765625,51900400,-0.00622735149469078,-0.006246822324566285,0.11376045940292168,6199.65251953125
2019-11-14,6137.53515625,6146.39794921875,6062.97998046875,6098.9501953125,72169800,-0.007090073150362253,-0.007115327158305642,0.1160255354408469,6195.495458984375
2019-11-15,6115.7587890625,6137.35595703125,6092.6162109375,6128.34521484375,46157800,0.004819685124473061,0.004808107627148575,0.11736650287287857,6191.883359375
2019-11-18,6126.4130859375,6134.31494140625,6098.0810546875,6122.625,47079600,-0.0009334028425642682,-0.0009338387342603292,0.11720983692653303,6187.8116015625
2019-11-19,6136.93701171875,6152.08984375,6113.3330078125,6152.08984375,51414200,0.004812452787815724,0.0048009099549767105,0.1175197507734237,6184.11994140625
2019-11-20,6136.2529296875,6167.4111328125,6123.5849609375,6155.10888671875,51663000,0.00049073453825077,0.0004906141674357214,0.11563054160065567,6179.583037109375
2019-11-21,6135.76416015625,6137.27099609375,6099.56787109375,6117.36376953125,50800300,-0.006132323226473724,-0.006151203145300409,0.10473699670093088,6175.0868359375
2019-11-22,6115.791015625,6122.48095703125,6086.8271484375,6100.2421875,51362000,-0.0027988497457888117,-0.0028027738494332028,0.09469092861534843,6170.39482421875
2019-11-25,6094.748046875,6105.09716796875,6052.26513671875,6070.76220703125,48496000,-0.004832591815642551,-0.004844306544377466,0.09466758795577349,6167.4213671875
2019-11-26,6091.23779296875,6096.6611328125,6026.18798828125,6026.18798828125,81161800,-0.0073424418927781065,-0.007369530297394946,0.09550045117539523,6163.211328125
2019-11-27,6025.94091796875,6052.4921875,6002.98779296875,6023.0390625,57364300,-0.0005225402505486532,-0.0005226768222835995,0.09429002221277427,6158.139453125
2019-11-28,6013.27099609375,6036.828125,5945.75,5953.06005859375,51713900,-0.01161855388618438,-0.011686576681047047,0.09544434008624013,6152.31125
2019-11-29,5949.8837890625,6015.69921875,5939.40380859375,6011.830078125,51024700,0.009872236959277858,0.009823824791492748,0.10446632630378067,6147.918388671875
2019-12-02,6023.61181640625,6130.05517578125,6023.009765625,6130.05517578125,52565500,0.019665409055128036,0.019474543144349907,0.12778149877875766,6146.3955078125
2019-12-03,6119.90185546875,6148.3662109375,6107.64208984375,6133.89599609375,52634500,0.0006265555859390481,0.0006263593819387763,0.11695538107485506,6146.32126953125
2019-12-04,6121.3330078125,6127.97705078125,6095.30615234375,6112.87890625,50339400,-0.0034263850996388845,-0.0034322686003348925,0.11487718846931425,6145.650771484375
2019-12-05,6132.0390625,6157.93115234375,6131.5888671875,6152.1171875,52261600,0.006418952812868861,0.006398439072950695,0.1139957599001399,6144.086435546875
2019-12-06,6160.783203125,6186.8681640625,6145.119140625,6186.8681640625,49098600,0.00564862071111194,0.005632727076463579,0.11560472744465411,6143.886015625
2019-12-09,6194.08203125,6210.77880859375,6180.8369140625,6193.791015625,54834500,0.0011189589593507687,0.0011183333913875096,0.1142297606903264,6144.379794921875
2019-12-10,6186.7529296875,6205.1337890625,6179.51806640625,6183.5048828125,51058500,-0.0016607168027709118,-0.0016620973215659665,0.11294823604938979,6145.284892578125
2019-12-11,6190.5771484375,6204.60400390625,6171.9267578125,6180.09912109375,49556800,-0.0005507817626564382,-0.0005509334986496455,0.11054039519310525,6147.77837890625
2019-12-12,6185.41796875,6201.02392578125,6139.39697265625,6139.39697265625,51845400,-0.006586002528434665,-0.006607785939498159,0.11010232423102731,6149.7957421875
2019-12-13,6181.05517578125,6197.31787109375,6167.64013671875,6197.31787109375,48546800,0.00943429765096937,0.009390072602146013,0.11371575256986516,6152.517060546875
2019-12-16,6197.31396484375,6237.916015625,6197.31396484375,6211.591796875,55299700,0.0023032424797553297,0.0023005940826160112,0.11373194478709667,6156.737255859375
2019-12-17,6223.44287109375,6244.35205078125,6205.6279296875,6244.35205078125,53264500,0.005274051318493234,0.005260192217554637,0.11396190200600333,6160.832275390625
2019-12-18,6287.25,6287.25,6287.25,6287.25,0,0.006869879992333683,0.0068463898882112914,0.11598938242004386,6165.994072265625
2019-12-19,6274.38818359375,6281.416015625,6235.84423828125,6249.93017578125,47624800,-0.005935794539544292,-0.005953481393035101,0.11582830849422242,6170.519853515625
2019-12-20,6257.16015625,6284.3720703125,6231.4658203125,6284.3720703125,52766200,0.005510764690574321,0.005495635981889798,0.11589197382831497,6174.091298828125
2019-12-23,6309.6708984375,6315.72119140625,6270.5390625,6305.91015625,39077900,0.0034272455062369644,0.003421385884781064,0.11359418393875885,6177.671962890625
2019-12-26,6303.05908203125,6326.26806640625,6303.05908203125,6319.44287109375,33608900,0.0021460367351313625,0.0021437372875088116,0.10818846260394538,6180.8975
2019-12-27,6321.56884765625,6337.3359375,6312.380859375,6329.31396484375,42100200,0.001562019619664845,0.0015608009359256213,0.10769980172272318,6184.091943359375
2019-12-30,6329.134765625,6336.919921875,6289.546875,6299.5390625,47557400,-0.004704285884557957,-0.004715385862728206,0.09793821172757176,6186.46244140625
2020-01-02,6313.1279296875,6317.01318359375,6263.67578125,6283.5810546875,33043700,-0.002533202454048644,-0.00253641644031787,0.09603808829676153,6188.295126953125
2020-01-03,6306.18701171875,6323.4658203125,6287.7060546875,6323.4658203125,44625300,0.006347457807557966,0.006327397540298203,0.07335156623698325,6190.78470703125
2020-01-06,6293.4990234375,6300.43603515625,6252.634765625,6257.40283203125,41421300,-0.010447275300997094,-0.01050223117614468,0.08493824378792918,6191.422822265625
2020-01-07,6272.22021484375,6284.89208984375,6246.12890625,6279.34619140625,39441600,0.003506783878876041,0.003500649449518255,0.08369952250010528,6191.853623046875
2020-01-08,6248.44287109375,6250.1220703125,6218.1298828125,6225.68603515625,44622600,-0.00854550053689318,-0.008582222682345639,0.08845634543948454,6189.574404296875
2020-01-09,6248.6611328125,6274.4931640625,6238.98291015625,6274.4931640625,41868400,0.007839638656790271,0.007809068359101187,0.09041609656632797,6190.01736328125
2020-01-10,6287.1669921875,6295.3701171875,6271.97998046875,6274.94091796875,52213500,7.136096805626657e-05,7.13584219835117e-05,0.09042871465080002,6190.208505859375
2020-01-13,6287.912109375,6297.77587890625,6269.48095703125,6296.56689453125,44003800,0.0034464032164147618,0.0034404779787856592,0.09051159083666617,6190.517080078125
2020-01-14,6308.89013671875,6325.40576171875,6298.60791015625,6325.40576171875,44467400,0.004580093830583776,0.004569637117164438,0.0912405215899866,6191.11025390625
2020-01-15,6326.166015625,6348.52587890625,6255.498046875,6283.365234375,51089200,-0.006646297317111083,-0.006668482304443332,0.09130930368855529,6192.211220703125
2020-01-16,6275.9560546875,6299.541015625,6255.4931640625,6286.0478515625,42118300,0.00042693955984351994,0.0004268484470818127,0.08598037453468688,6193.788359375
2020-01-17,6293.7822265625,6301.48486328125,6266.93212890625,6291.6572265625,37597900,0.0008923532134115231,0.0008919553029829519,0.08578008040370634,6196.014619140625
2020-01-20,6310.5009765625,6312.98876953125,6240.18994140625,6245.04296875,38818200,-0.007408899775356637,-0.007436481993671822,0.08850690888445534,6195.63244140625
2020-01-21,6251.9970703125,6257.884765625,6226.06396484375,6238.15283203125,41929600,-0.001103296927375541,-0.001103906007469197,0.0847773619537134,6196.044599609375
2020-01-22,6241.5751953125,6265.51416015625,6223.18994140625,6233.453125,51077800,-0.0007533811943686297,-0.0007536651285967392,0.08222391726375378,6197.401181640625
2020-01-23,6243.998046875,6255.04296875,6229.130859375,6249.2099609375,41256500,0.0025277860636034877,0.0025245965861588823,0.08017777906384704,6198.8256640625
2020-01-24,6242.8349609375,6258.85107421875,6234.8251953125,6244.10888671875,38828900,-0.0008162750572690003,-0.0008166083911606654,0.07898490253372294,6200.733037109375
2020-01-27,6240.81787109375,6242.1767578125,6130.92822265625,6133.2080078125,43723000,-0.017760881643517856,-0.017920498887974385,0.0995388697193592,6199.777353515625
2020-01-28,6111.18408203125,6111.18408203125,6111.18408203125,6111.18408203125,0,-0.0035909308396512296,-0.0035973937082469814,0.0991212687823285,6199.151015625
2020-01-29,6123.09521484375,6152.5888671875,6102.7958984375,6113.044921875,34605300,0.0003044974294297287,0.0003044510794961824,0.09873267376979342,6199.43291015625
2020-01-30,6057.59619140625,6057.59619140625,6057.59619140625,6057.59619140625,0,-0.009070558318708177,-0.00911194629763058,0.10233895736020528,6198.0179296875
2020-01-31,6076.458984375,6078.93017578125,5937.02197265625,5940.0478515625,41508700,-0.019405113204890245,-0.019595864142141994,0.1154569445309246,6194.36638671875
2020-02-03,5920.9677734375,5942.7822265625,5877.201171875,5884.169921875,34951000,-0.00940698308900012,-0.009451508205764077,0.11462403733593397,6189.00798828125
2020-02-04,5947.5068359375,5952.94677734375,5911.375,5922.3388671875,36217700,0.006486717042382351,0.0064657688346518105,0.11733134950247036,6184.352587890625
2020-02-05,5955.51904296875,5978.509765625,5924.3740234375,5978.509765625,39786600,0.009484580281063026,0.009439884043956452,0.12310730917821634,6181.5755078125
2020-02-06,6002.919921875,6013.69921875,5969.48486328125,5987.14501953125,39909700,0.001444382336866168,0.0014433402200546954,0.1183440536654617,6179.313564453125
2020-02-07,5988.05810546875,6004.81201171875,5981.64404296875,5999.60693359375,35281700,0.002081445166577156,0.0020792819607958167,0.11909978477646295,6177.890458984375
2020-02-10,5993.376953125,5996.4658203125,5937.380859375,5952.0830078125,34305400,-0.007921173221390188,-0.007952712375802449,0.11875390145833813,6176.408359375
2020-02-11,5974.0,5975.16015625,5946.22021484375,5954.39697265625,33700000,0.0003887655532883727,0.0003886900035407863,0.1162064995023372,6175.035517578125
2020-02-12,5957.06005859375,5962.34716796875,5895.72412109375,5913.0810546875,29256800,-0.00693872413251595,-0.0069629090185740735,0.11633365959554835,6174.2359375
2020-02-13,5921.912109375,5929.4990234375,5860.2548828125,5871.9541015625,33248200,-0.006955249343723602,-0.006979549833301328,0.11637946510462897,6171.43841796875
2020-02-14,5857.72119140625,5890.02880859375,5843.43212890625,5866.94482421875,27655200,-0.0008530852348482831,-0.0008534493191352544,0.11568714389642057,6166.1762109375
2020-02-17,5863.9140625,5878.4638671875,5853.59814453125,5867.52294921875,28723300,9.853936202253166e-05,9.853450733851345e-05,0.11537328609980853,6160.84875
2020-02-18,5856.880859375,5907.13916015625,5855.9248046875,5886.9619140625,34641400,0.0033129763636183807,0.0033075005482569235,0.11743873716595564,6156.33041015625
2020-02-19,5898.89990234375,5928.791015625,5898.701171875,5928.791015625,34517800,0.0071053800199694095,0.007080255748815402,0.12251759449537271,6151.86388671875
2020-02-20,5941.4501953125,5960.712890625,5929.14501953125,5942.48681640625,37350100,0.00231004951012026,0.002307385447705883,0.12240168679806028,6146.976259765625
2020-02-21,5940.78515625,5944.205078125,5873.73193359375,5882.2548828125,36665400,-0.01013581274214348,-0.01018752985219143,0.1251643404920704,6140.745537109375
2020-02-24,5846.14599609375,5863.1240234375,5787.919921875,5807.0498046875,40039600,-0.012785076407474838,-0.012867508853982036,0.11826199755259835,6133.216435546875
2020-02-25,5784.73681640625,5814.67919921875,5752.3349609375,5787.13818359375,39502600,-0.0034288703840076318,-0.003434762432632408,0.11824762638007773,6125.357216796875
2020-02-26,5757.1669921875,5757.740234375,5688.9208984375,5688.9208984375,39521300,-0.01697165024237557,-0.0171173192125613,0.12809064515825888,6116.3476953125
2020-02-27,5680.43701171875,5684.2861328125,5526.81689453125,5535.69384765625,41308700,-0.02693429096954658,-0.027303666670943024,0.15244404914716672,6103.11521484375
2020-02-28,5436.171875,5456.27587890625,5288.3701171875,5452.7041015625,49636800,-0.014991751418638732,-0.015105263650836141,0.14729440035734007,6087.9374609375
2020-03-02,5455.0458984375,5491.134765625,5354.6201171875,5361.24609375,40235000,-0.01677296367251846,-0.016915222809480164,0.15304043414195012,6070.275341796875
2020-03-03,5431.2958984375,5545.77392578125,5431.2958984375,5518.6279296875,42974300,0.029355458262020795,0.02893283768895653,0.19080927281258336,6054.902900390625
2020-03-04,5524.09423828125,5651.85498046875,5516.80517578125,5650.13623046875,45255400,0.023829890772994577,0.02355039052548228,0.20921659681448662,6042.907021484375
2020-03-05,5688.77880859375,5715.94091796875,5613.71923828125,5638.1298828125,40684000,-0.0021249660479875088,-0.002127226991860527,0.20863362389917062,6029.982177734375
2020-03-06,5575.56591796875,5577.8017578125,5498.5400390625,5498.5400390625,32430900,-0.02475818164025123,-0.02506981990536392,0.22170916159048876,6013.834775390625
2020-03-09,5364.60400390625,5364.60400390625,5133.15087890625,5136.80908203125,42737600,-0.06578672783347139,-0.06805052402882567,0.31684296845313786,5990.182099609375
2020-03-10,5149.4931640625,5278.4228515625,5149.4521484375,5220.826171875,44495700,0.01635589107986224,0.016223574316225963,0.3268117144020555,5968.01234375
2020-03-11,5231.60888671875,5264.47998046875,5112.31884765625,5154.10498046875,46650100,-0.012779814766805009,-0.012862179085840938,0.32757487347521314,5945.103662109375
2020-03-12,5040.96484375,5040.98779296875,4895.748046875,4895.748046875,36992900,-0.050126439910087583,-0.051426397887625847,0.36376860614054823,5917.347001953125
2020-03-13,4895.748046875,4937.9931640625,4639.9140625,4907.57080078125,46288600,0.002414902440454725,0.002411991249442481,0.3649321760610598,5889.0291015625
2020-03-16,4907.57080078125,4907.57080078125,4677.75,4690.6572265625,30471900,-0.04419978499020716,-0.04520636788540223,0.3849543991283767,5857.694189453125
2020-03-17,4690.6572265625,4698.0439453125,4447.9560546875,4456.7490234375,30662200,-0.04986682927936248,-0.051153124505873185,0.405725267440943,5821.24224609375
2020-03-18,4456.7490234375,4473.82421875,4284.6748046875,4330.673828125,38642900,-0.028288601096782884,-0.028696433318221554,0.4010170384976612,5783.342001953125
2020-03-19,4330.673828125,4330.673828125,4093.714111328125,4105.421875,26383700,-0.05201314208013785,-0.05341463977693879,0.4163088546581428,5739.960576171875
2020-03-20,4105.421875,4238.26318359375,3918.340087890625,4194.94384765625,63008300,0.021805791312555334,0.021571445653984625,0.4393370519406454,5698.360634765625
2020-03-23,4194.94384765625,4194.94384765625,3975.19091796875,3989.51708984375,32514300,-0.0489700852437569,-0.05020976082607156,0.45452135348957495,5652.219638671875
2020-03-24,3989.51708984375,4123.56201171875,3911.716064453125,3937.632080078125,45744100,-0.013005335883310432,-0.01309064572670391,0.451482571719924,5604.464165039062
2020-03-26,3937.632080078125,4370.66015625,3935.9140625,4338.90380859375,81100100,0.10190686187919917,0.09704218980793125,0.6119736566485361,5565.574936523438
2020-03-27,4338.90380859375,4697.666015625,4338.90380859375,4545.57080078125,77851100,0.047631153236946666,0.04653157093067017,0.6451782161516667,5530.765395507812
2020-03-30,4545.57080078125,4545.57080078125,4317.7138671875,4414.5,27552200,-0.028834838687084696,-0.029258731115085646,0.6486530732359199,5493.2222509765625
2020-03-31,4414.5,4569.47314453125,4414.5,4538.93017578125,43426600,0.02818669742468005,0.027796762824276698,0.662120595782655,5459.099995117187
2020-04-01,4538.93017578125,4627.41796875,4445.13818359375,4466.037109375,41848000,-0.016059525831701893,-0.016189877491107556,0.6476591341257609,5423.657680664062
2020-04-02,4466.037109375,4531.68505859375,4393.6689453125,4531.68505859375,46011500,0.014699373876885913,0.0145923852502666,0.6421549345114616,5389.622319335937
2020-04-03,4531.68505859375,4623.42919921875,4531.68505859375,4623.42919921875,58684300,0.020245038973089935,0.020042832731887054,0.6509924884022328,5357.106704101562
2020-04-06,4623.42919921875,4811.8271484375,4623.42919921875,4811.8271484375,70452900,0.04074853125264366,0.03994019585259925,0.6715046395803008,5328.461069335937
2020-04-07,4811.8271484375,4975.5361328125,4721.72119140625,4778.63916015625,86224800,-0.006897169673276138,-0.00692106508521904,0.6312462493541939,5301.369692382813
2020-04-08,4778.63916015625,4780.21484375,4583.90087890625,4626.69482421875,45557700,-0.0317965702881261,-0.03231305912393072,0.634519005950812,5271.679907226562
2020-04-09,4626.69482421875,4669.7099609375,4562.90185546875,4649.0791015625,53523100,0.004838070846293618,0.0048264049932214255,0.635103125897803,5242.400590820313
2020-04-13,4649.0791015625,4659.02978515625,4591.72802734375,4623.89404296875,45586600,-0.005417214472708265,-0.005431940786843217,0.6111944011765446,5213.726547851563
2020-04-14,4623.89404296875,4706.4912109375,4623.89404296875,4706.4912109375,55226400,0.017863118661715527,0.01770544804806282,0.6153396799028573,5189.055415039063
2020-04-15,4706.4912109375,4747.72509765625,4605.05419921875,4625.90478515625,63059600,-0.017122400142588923,-0.017270683518252884,0.5970986398811782,5163.890112304687
2020-04-16,4480.60693359375,4480.60693359375,4480.60693359375,4480.60693359375,0,-0.031409607052167665,-0.0319134675550398,0.5791711385613778,5135.055473632812
2020-04-17,4480.60693359375,4637.2421875,4480.60693359375,4634.82080078125,54547300,0.03441807537975894,0.03383902258787899,0.5802312823739236,5108.181694335937
2020-04-20,4634.82080078125,4669.5419921875,4573.77392578125,4575.90478515625,52113500,-0.01271160594063725,-0.012793089665911115,0.544285263589938,5079.956889648438
2020-04-21,4575.90478515625,4575.90478515625,4482.63916015625,4501.9189453125,42328500,-0.016168570658146586,-0.016300708249857385,0.5459831175316497,5050.003129882813
2020-04-22,4501.9189453125,4580.68017578125,4441.08984375,4567.56201171875,48368900,0.01458113022550056,0.014475847737310522,0.5085334853021442,5022.312709960937
2020-04-23,4567.56201171875,4629.02587890625,4567.56201171875,4593.55419921875,49463700,0.005690604185189629,0.005674473862449867,0.5031494526359779,4995.095854492188
2020-04-24,4593.55419921875,4593.830078125,4496.06396484375,4496.06396484375,46122600,-0.021223268551306185,-0.02145172022511077,0.3863473323995692,4966.755512695312
2020-04-27,4496.06396484375,4541.31201171875,4474.89306640625,4513.14111328125,36774700,0.0037982441021817692,0.003791048986500595,0.34863047695618093,4939.579252929688
2020-04-28,4513.14111328125,4532.37890625,4494.47021484375,4529.55419921875,45440500,0.0036367322726071905,0.0036301353511162433,0.3316002923261296,4912.831440429687
2020-04-29,4529.55419921875,4568.6650390625,4523.955078125,4567.3232421875,41461800,0.008338357663379758,0.008303785608938566,0.3178656674668736,4886.827446289062
2020-04-30,4567.3232421875,4726.77392578125,4567.3232421875,4716.40283203125,60229700,0.03264047275365356,0.032119087692067075,0.3306020125049221,4863.416264648437
2020-05-04,4716.40283203125,4716.40283203125,4576.22802734375,4605.48681640625,39084200,-0.023517078497137356,-0.0237980183187432,0.3402718426865935,4836.950180664063
2020-05-05,4605.48681640625,4667.7861328125,4605.48681640625,4630.1328125,47829500,0.005351442111603211,0.005337174025853674,0.3331762201866563,4810.703100585937
2020-05-06,4630.1328125,4647.52490234375,4597.7509765625,4608.7900390625,45079300,-0.004609538063331753,-0.004620194744773439,0.29816222404880155,4785.2338037109375
2020-05-08,4608.7900390625,4630.5888671875,4586.73876953125,4597.43017578125,47798700,-0.002464825514932878,-0.0024678681981595636,0.29763677441195324,4761.041411132813
2020-05-11,4597.43017578125,4659.86181640625,4597.43017578125,4639.10498046875,45461000,0.009064804269793614,0.009023965542746065,0.2771380366871454,4738.080747070312
2020-05-12,4639.10498046875,4644.134765625,4552.38720703125,4588.73388671875,46906900,-0.010857933580306733,-0.01091731114405983,0.2792291227395572,4716.077006835938
2020-05-13,4588.73388671875,4588.73388671875,4519.97802734375,4554.35888671875,45092300,-0.00749117313154557,-0.0075193728901079716,0.27980066289238786,4696.450307617188
2020-05-14,4554.35888671875,4564.14990234375,4494.15380859375,4513.833984375,47342600,-0.008898047640015228,-0.008937871679390728,0.27236734408759017,4677.672905273437
2020-05-15,4513.833984375,4540.4208984375,4460.27294921875,4507.60693359375,46257200,-0.0013795480300794472,-0.0013805004825331437,0.2663955233699798,4660.600122070313
2020-05-18,4507.60693359375,4527.9677734375,4487.17919921875,4511.05810546875,45156900,0.0007656328348595309,0.0007653398875578025,0.2405843809927625,4640.448725585938
2020-05-19,4511.05810546875,4609.0419921875,4511.05810546875,4548.65576171875,51665300,0.008334553750132478,0.00830001314467254,0.20833642496260107,4618.419116210937
2020-05-20,4548.65576171875,4561.55419921875,4521.47021484375,4545.9521484375,42464800,-0.0005943763219022902,-0.0005945530335339184,0.20357553208264204,4596.5755615234375
2020-05-26,4545.9521484375,4634.65283203125,4541.833984375,4626.798828125,53757500,0.01778432263421159,0.017628031864941125,0.20389316565576537,4579.140737304688
2020-05-27,4626.798828125,4641.55517578125,4597.3720703125,4641.55517578125,60985400,0.0031893212141729244,0.0031842461171493444,0.19812325962062044,4569.235659179688
2020-05-28,4641.55517578125,4741.60302734375,4638.80810546875,4716.18505859375,68549600,0.016078637436414578,0.015950745212727255,0.20472224163622557,4559.142836914062
2020-05-29,4716.18505859375,4755.95703125,4704.7880859375,4753.61181640625,104791300,0.007935811964015604,0.007904489014480919,0.1871875939408173,4551.1329736328125
2020-06-02,4753.61181640625,4884.01123046875,4753.61181640625,4847.5068359375,73135500,0.019752353191143657,0.019559806828601173,0.19645101145366586,4550.168149414062
2020-06-03,4847.5068359375,4960.07080078125,4847.5068359375,4941.005859375,101631500,0.019288064277565464,0.01910440739892377,0.2040424787526146,4550.836850585937
2020-06-04,4941.005859375,5014.76416015625,4899.39013671875,4916.7041015625,110933800,-0.004918382714804936,-0.004930517765302728,0.2060369358638833,4555.3577880859375
2020-06-05,4916.7041015625,4948.51220703125,4851.14892578125,4947.7822265625,86864800,0.006320926449513875,0.006301033179181237,0.17713581445928742,4565.178452148438
2020-06-08,4947.7822265625,5103.0859375,4947.7822265625,5070.56103515625,138169200,0.024814917668486647,0.02451202815767858,0.16497926861380058,4579.9761962890625
2020-06-09,5070.56103515625,5139.40576171875,5023.76708984375,5035.05517578125,115140600,-0.0070023532166999525,-0.007026984745109766,0.1702101702703382,4598.568862304687
2020-06-10,5035.05517578125,5036.85595703125,4892.81787109375,4920.68212890625,84234700,-0.02271535124880808,-0.022977319576952673,0.1936712309157502,4613.083627929687
2020-06-11,4920.68212890625,4931.2421875,4812.19287109375,4854.75390625,71655200,-0.013398187675842443,-0.013488753245044288,0.20178593766629815,4630.388364257812
2020-06-12,4854.75390625,4880.35888671875,4712.0732421875,4880.35888671875,80885000,0.005274207707168577,0.005260347785743205,0.2006663639183186,4649.242900390625
2020-06-15,4880.35888671875,4918.05615234375,4809.619140625,4816.3359375,64138400,-0.01311849204225124,-0.013205299483272485,0.20285311776768888,4658.79154296875
2020-06-16,4816.3359375,4989.52685546875,4816.3359375,4986.4580078125,75836700,0.03532188628868882,0.03471237961157966,0.22909958278753154,4667.609287109375
2020-06-17,4986.4580078125,5018.98486328125,4968.92578125,4987.77587890625,68366200,0.000264290021431135,0.000264255102975685,0.22419988218533896,4679.0748046875
2020-06-18,4987.77587890625,4993.61376953125,4925.248046875,4925.248046875,70877500,-0.012536215248902027,-0.012615456549129793,0.2318516885168132,4686.801162109375
2020-06-19,4925.248046875,4970.06689453125,4925.248046875,4942.27490234375,57556700,0.0034570554227322248,0.0034510935430488113,0.23148430060629832,4696.32591796875
2020-06-22,4942.27490234375,4957.666015625,4904.76611328125,4918.8310546875,47869800,-0.004743533720702686,-0.004754819982101084,0.23332135816378363,4704.068837890625
2020-06-23,4918.8310546875,4938.39404296875,4879.1328125,4879.1328125,54884300,-0.008070665925732246,-0.00810341004688532,0.2367422615885089,4709.18291015625
2020-06-24,4879.1328125,4977.65087890625,4879.1328125,4964.73486328125,62466500,0.01754452155144115,0.017392393201867022,0.23655764043716462,4712.241064453125
2020-06-25,4964.73486328125,4964.73486328125,4883.7099609375,4896.72998046875,50705900,-0.013697586011180207,-0.013792263505342763,0.24442624758960235,4714.602880859375
2020-06-26,4896.72998046875,4941.13818359375,4882.14111328125,4904.087890625,44280300,0.0015026170905070302,0.001501489291072471,0.23934656462890105,4720.1507421875
2020-06-29,4904.087890625,4909.90576171875,4862.041015625,4901.81787109375,44174500,-0.0004628831256449084,-0.0004629902891096274,0.238428352186712,4725.205517578125
2020-06-30,4901.81787109375,4939.83984375,4894.1201171875,4905.39208984375,51279100,0.0007291618832019342,0.0007288961738315615,0.22871917097845118,4730.835478515625
2020-07-01,4905.39208984375,4928.61181640625,4885.60205078125,4914.38818359375,43243400,0.0018339194064884712,0.0018322398294528185,0.21815204416010361,4734.99341796875
2020-07-02,4914.38818359375,4966.77978515625,4914.38818359375,4966.77978515625,55396200,0.010660859420386082,0.010604433139425091,0.22070486231417422,4741.81091796875
2020-07-03,4966.77978515625,4997.48193359375,4964.10791015625,4973.7939453125,55723400,0.0014122148473769691,0.001411218609813415,0.21968232851523894,4751.674658203125
2020-07-06,4973.7939453125,5009.34521484375,4973.490234375,4988.8662109375,64282100,0.0030303357538976616,0.0030257535412682567,0.20063896829835012,4758.75556640625
2020-07-07,4988.8662109375,5011.712890625,4982.333984375,4987.08203125,72834600,-0.0003576322980135549,-0.00035769626369509653,0.19929113797926973,4766.979111328125
2020-07-08,4987.08203125,5080.251953125,4985.01708984375,5076.173828125,73499000,0.01786451402177347,0.01770681891913176,0.19050439115148063,4778.464208984375
2020-07-09,5076.173828125,5111.56396484375,5041.93017578125,5052.7939453125,79794300,-0.004605808154748647,-0.004616447570435899,0.18369295388776163,4788.16884765625
2020-07-10,5052.7939453125,5076.52099609375,5022.169921875,5031.255859375,67684500,-0.004262609196142075,-0.004271720014511452,0.18456257618020097,4796.922880859375
2020-07-13,5031.255859375,5075.09814453125,5024.93408203125,5064.44677734375,65331900,0.006596944956974049,0.006575280343569809,0.17682074892417846,4808.290537109375
2020-07-14,5064.44677734375,5079.1220703125,5053.72216796875,5079.1220703125,71530500,0.002897708992500636,0.002893518726627084,0.1297830591600004,4819.61015625
2020-07-15,5079.1220703125,5116.4638671875,5069.380859375,5075.7978515625,82580500,-0.0006544868786340086,-0.0006547011486675451,0.1298856536412923,4830.535029296875
2020-07-16,5075.7978515625,5107.259765625,5075.7978515625,5098.3740234375,68710400,0.004447807524101899,0.0044379452610345555,0.12013386091500379,4841.156044921875
2020-07-17,5098.3740234375,5110.43017578125,5073.55712890625,5079.5849609375,61709100,-0.0036853048469228655,-0.0036921123130353463,0.1214431750553008,4848.4196875
2020-07-20,5079.5849609375,5100.19189453125,5031.88818359375,5051.10595703125,68632100,-0.005606561190580783,-0.005622336947569229,0.12206095315110271,4857.3320703125
2020-07-21,5051.10595703125,5135.55908203125,5047.0859375,5114.708984375,83156800,0.012591901236047809,0.012513282532400485,0.12287079938104632,4867.02359375
2020-07-22,5114.708984375,5142.0439453125,5099.56689453125,5110.18701171875,79454100,-0.0008841114264885874,-0.0008845024835047853,0.10962241816509914,4877.051533203125
2020-07-23,5110.22021484375,5162.97998046875,5110.22021484375,5145.009765625,98800000,0.006814379557224415,0.006791266613685884,0.09506045993049066,4888.003125
2020-07-24,5145.01123046875,5149.58984375,5074.4921875,5082.9912109375,97013800,-0.012054117973081424,-0.012127358010887676,0.10829635757752366,4896.880849609375
2020-07-27,5082.9912109375,5116.666015625,5080.12109375,5116.666015625,103523300,0.006624997622470596,0.00660314877168998,0.10924576484180488,4907.4394921875
2020-07-28,5116.666015625,5143.2861328125,5097.4189453125,5112.98876953125,91890400,-0.0007186801097669449,-0.0007189384841167863,0.10961491759696292,4918.61208984375
2020-07-29,5111.10986328125,5149.6298828125,5091.39990234375,5149.6298828125,80750000,0.007166280806169212,0.007140725036451987,0.11107057489634592,4931.3280078125
2020-07-30,5111.11279296875,5149.626953125,5091.39990234375,5149.626953125,80749900,-5.689122454244355e-07,-5.689124072550684e-07,0.10690307385343129,4944.168408203125
2020-08-03,5149.626953125,5157.27294921875,4928.4677734375,5006.22314453125,83815200,-0.027847416890407373,-0.028242508333723305,0.15106228341654984,4954.071708984375
2020-08-04,5006.22314453125,5075.001953125,5006.22314453125,5075.001953125,73766600,0.013738662182664285,0.013645142348114507,0.1581187326842027,4964.5986328125
2020-08-05,5075.001953125,5127.05078125,5059.0888671875,5127.05078125,84611300,0.010255922777123283,0.010203687643866607,0.16145270319151822,4976.22060546875
2020-08-06,5127.05078125,5187.9638671875,5127.05078125,5178.27197265625,90452400,0.00999038113559747,0.009940807179696733,0.15318070549105595,4987.250068359375
2020-08-07,5178.27197265625,5187.3740234375,5119.68310546875,5143.89306640625,91282400,-0.006639069255445995,-0.006661205907981049,0.15434186370774097,4997.296826171875
2020-08-10,5157.833984375,5157.833984375,5157.833984375,5157.833984375,0,0.0027101881374236303,0.002706522199647125,0.15322816561113245,5006.1298046875
2020-08-11,5157.93017578125,5201.4501953125,5157.93017578125,5190.169921875,88400000,0.006269286215484504,0.006249715992288706,0.15308217064781576,5014.860966796875
2020-08-12,5190.166015625,5235.52001953125,5178.458984375,5233.4521484375,96807400,0.008339269660532445,0.008304690064008954,0.15505621817739604,5022.579873046875
2020-08-13,5233.4521484375,5279.34912109375,5218.4130859375,5239.25,84601700,0.0011078445733436748,0.0011072313663945388,0.1548579932363256,5028.544755859375
2020-08-14,5239.25,5255.3740234375,5221.919921875,5247.68994140625,70397600,0.0016109064095528591,0.001609610291585819,0.15449183886944326,5035.16447265625
2020-08-18,5247.68994140625,5316.1328125,5243.9951171875,5295.173828125,95642400,0.009048531305953178,0.009007838634951616,0.15546680966519974,5042.1123046875
2020-08-19,5295.173828125,5327.31591796875,5268.5068359375,5272.81005859375,92676400,-0.004223425001171122,-0.004232368851879542,0.15462969851787328,5046.15728515625
2020-08-24,5272.81005859375,5294.15380859375,5261.408203125,5277.041015625,138410800,0.0008024102867794092,0.0008020885277555738,0.14972767227775832,5050.997001953125
2020-08-25,5277.041015625,5341.376953125,5276.95703125,5338.88818359375,146510200,0.011720046856870114,0.01165189905451569,0.15357393801788582,5059.361123046875
2020-08-26,5338.88818359375,5351.47119140625,5324.61279296875,5340.328125,137729200,0.00026970810339776996,0.0002696717387056719,0.15272424791325515,5069.072607421875
2020-08-27,5340.328125,5371.47216796875,5325.48779296875,5371.47216796875,134549700,0.0058318594363055976,0.0058149199712085485,0.1439526060898096,5078.894873046875
2020-08-28,5371.47216796875,5381.9482421875,5325.60498046875,5346.6591796875,107955900,-0.004619401814872082,-0.004630104223304643,0.14548937498706388,5089.501337890625
2020-08-31,5346.6591796875,5369.44677734375,5233.14306640625,5238.48681640625,124088000,-0.020231767099015308,-0.020439232327165848,0.16611223284249232,5094.5419140625
2020-09-01,5238.48681640625,5310.67919921875,5219.2080078125,5310.67919921875,90465800,0.013781151951438142,0.013687055397233805,0.17077086631783284,5100.99998046875
2020-09-02,5310.67919921875,5337.09912109375,5295.27685546875,5311.97021484375,121613800,0.0002430980250491821,0.00024306848151217736,0.17074390755372304,5108.734423828125
2020-09-03,5311.97021484375,5331.16796875,5242.171875,5280.81298828125,136923000,-0.005865474636027601,-0.0058827440945389345,0.13334626483869425,5115.505185546875
2020-09-04,5280.81298828125,5280.81298828125,5188.60888671875,5239.85107421875,95095800,-0.007756743924353993,-0.007786983940047674,0.1316407042434171,5121.9255859375
2020-09-07,5235.009765625,5245.34912109375,5195.865234375,5230.19580078125,80111600,-0.0018426618048376087,-0.00184436159451374,0.12809386379093657,5128.946845703125
2020-09-08,5232.91796875,5256.30517578125,5232.91796875,5244.07177734375,103353200,0.002653051069412493,0.0026495379417236604,0.12388643537034677,5134.533583984375
2020-09-09,5214.0322265625,5216.02001953125,5135.81201171875,5149.3759765625,101220300,-0.018057685859749206,-0.018222715591156558,0.1388113173189697,5139.58650390625
2020-09-10,5084.326171875,5084.48388671875,4878.27978515625,4891.4609375,82384700,-0.05008665908964627,-0.05138451864272087,0.22875136808373997,5139.33396484375
2020-09-11,4804.64404296875,5016.7119140625,4754.798828125,5016.7119140625,125812400,0.025606046570314733,0.025283702808771853,0.24776239634181835,5141.631845703125
2020-09-14,5060.02392578125,5161.828125,5059.26708984375,5161.828125,109865600,0.02892655855535975,0.02851608263851693,0.2681360478941271,5146.76056640625
2020-09-15,5169.2451171875,5187.27880859375,5091.2939453125,5100.865234375,113645500,-0.011810329431493849,-0.011880625399347798,0.27093084126480127,5150.490107421875
2020-09-16,5108.1279296875,5117.287109375,5051.75390625,5058.48193359375,88769100,-0.008309041473126277,-0.008343753977052452,0.2717966923460101,5152.324150390625
2020-09-17,5058.9501953125,5099.5771484375,5013.18603515625,5038.40087890625,85305000,-0.003969778868664231,-0.003977679356522067,0.2688174609056526,5153.6162890625
2020-09-18,5037.369140625,5072.68017578125,5023.44384765625,5059.22314453125,105751600,0.00413271316146635,0.004124196957717572,0.26973218909896257,5155.023427734375
2020-09-21,5058.990234375,5075.81884765625,4987.748046875,4999.35986328125,106452100,-0.01183250462370078,-0.011903065869714154,0.2717024806952183,5155.268984375
2020-09-22,4947.73095703125,4978.44091796875,4919.10986328125,4934.0927734375,74792200,-0.013055089377165374,-0.013141056078167727,0.26856425183960403,5152.42736328125
2020-09-23,4946.5029296875,4984.23876953125,4873.02099609375,4917.955078125,70609200,-0.003270650969389277,-0.0032760112391765493,0.26812123797531473,5149.7305859375
2020-09-24,4876.35107421875,4897.3369140625,4820.3310546875,4842.755859375,65673400,-0.015290749418286675,-0.015408858457778288,0.26827516914575583,5145.9605859375
2020-09-25,4867.962890625,4949.30322265625,4848.02490234375,4945.791015625,88843900,0.021276140949896494,0.02105296387784017,0.28400356525168696,5143.587470703125
2020-09-28,4962.953125,4991.76220703125,4905.51123046875,4906.5478515625,83772300,-0.0079346587711695,-0.007966305692252899,0.2777498827941047,5140.135986328125
2020-09-29,4929.3330078125,4950.9677734375,4859.7861328125,4879.09814453125,86481700,-0.0055945051106570665,-0.005610212966889651,0.2704725209232688,5136.2019921875
2020-09-30,4896.43212890625,4903.86376953125,4841.36181640625,4870.0390625,85378000,-0.0018567124011235059,-0.0018584382281675923,0.27011337245945266,5131.63529296875
2020-10-01,4899.64404296875,4970.09423828125,4898.9970703125,4970.09423828125,96362100,0.02054504583991723,0.020336843244012696,0.2838176151218292,5129.445478515625
2020-10-02,4969.2451171875,4972.8232421875,4881.9130859375,4926.73388671875,88815300,-0.008724251389143678,-0.008762530470466002,0.2840554103801665,5126.958037109375
2020-10-05,4947.0400390625,4962.79296875,4915.68505859375,4958.76904296875,70868100,0.006502311061768351,0.006481262231951644,0.28606630686896156,5123.83923828125
2020-10-06,5004.39599609375,5023.89404296875,4992.48193359375,4999.22119140625,108547800,0.008157699640167548,0.008124605468177835,0.2880684264928916,5121.619921875
2020-10-07,4976.56787109375,5014.60986328125,4962.08984375,5004.3271484375,92870700,0.0010213504935583373,0.001020829270014084,0.28207767151498797,5118.80626953125
2020-10-08,5018.73681640625,5039.14208984375,5001.51904296875,5039.14208984375,80288700,0.006956967515027612,0.006932879471817758,0.21246256333895536,5117.929287109375
2020-10-09,5036.47607421875,5057.8359375,5029.15185546875,5053.6630859375,69016600,0.002881640532228058,0.002877496565189706,0.19319031070636833,5116.669228515625
2020-10-12,5078.12890625,5103.5029296875,5078.12890625,5093.09912109375,91642100,0.0078034555303034825,0.007773166044256834,0.16509174383005565,5116.271435546875
2020-10-13,5093.421875,5132.958984375,5064.1708984375,5132.57177734375,110621000,0.0077502234516737545,0.007720344748354666,0.1620722711046279,5115.9302734375
2020-10-14,5134.662109375,5177.9248046875,5125.044921875,5176.09912109375,119876700,0.008480610820123191,0.00844485246640302,0.1611366979354768,5116.459716796875
2020-10-15,5172.5908203125,5182.53076171875,5105.14990234375,5105.14990234375,110523700,-0.01370708270652432,-0.013801892135395347,0.16887039034508564,5118.438251953125
2020-10-16,5111.43408203125,5115.55810546875,5067.5888671875,5103.4140625,92480400,-0.0003400174092739183,-0.0003400752282999114,0.16839792209858043,5119.006494140625
2020-10-19,5116.7578125,5128.65185546875,5090.77685546875,5126.330078125,111112200,0.004490330461991654,0.004480279006501436,0.1624128957361539,5118.992080078125
2020-10-20,5120.9130859375,5135.078125,5080.9560546875,5099.83984375,88592600,-0.005167485115334047,-0.005180882741160939,0.15536010887858862,5117.4234375
2020-10-21,5116.7900390625,5131.5068359375,5083.66015625,5096.44580078125,104786700,-0.0006655195207569964,-0.0006657410771787868,0.15453605689092026,5116.4744921875
2020-10-22,5084.7900390625,5093.8251953125,5063.69677734375,5091.81591796875,122922500,-0.0009084532620341479,-0.0009088661557808522,0.1411318283416144,5115.154130859375
2020-10-23,5112.787109375,5121.02001953125,5095.5068359375,5112.18798828125,95498300,0.004000943993400785,0.003992961501566336,0.12325911955499656,5113.5944921875
2020-10-26,5113.14892578125,5158.26513671875,5113.02294921875,5144.048828125,103314100,0.006232329467692699,0.0062129888189955676,0.11877474349759506,5111.80642578125
2020-10-27,5133.537109375,5155.56591796875,5110.6181640625,5128.22509765625,107122400,-0.0030761236911738266,-0.0030808646847403677,0.1168463063330775,5109.585927734375
2020-11-02,5108.02880859375,5130.68603515625,5073.5,5115.1279296875,97646200,-0.002553937808762674,-0.0025572046713562007,0.11721694494334212,5106.9346875
2020-11-03,5133.98193359375,5162.34716796875,5131.94921875,5159.4521484375,101351100,0.008665319686874007,0.00862799129089119,0.09956542592577139,5104.22025390625
2020-11-04,5170.8232421875,5188.0087890625,5105.19921875,5105.19921875,103974300,-0.010515250093739104,-0.010570925977168898,0.1022961525861203,5100.868037109375
2020-11-05,5161.39013671875,5260.326171875,5161.39013671875,5260.326171875,108832000,0.030386072409331444,0.02993355959311048,0.142547620085698,5100.533740234375
2020-11-06,5276.1640625,5335.52880859375,5246.701171875,5335.52880859375,104732100,0.014296192719156942,0.014194965788466612,0.14702746755423116,5100.466552734375
2020-11-09,5371.97119140625,5395.7119140625,5319.419921875,5356.0048828125,121516500,0.003837684127161012,0.0038303390036095245,0.14679920585406325,5100.780087890625
2020-11-10,5424.73193359375,5469.18310546875,5412.59423828125,5462.73876953125,149596500,0.019927891974344636,0.01973193065443165,0.15752769673255584,5102.605419921875
2020-11-11,5475.56494140625,5520.908203125,5471.591796875,5509.51318359375,165238700,0.008562447526026196,0.008525997690952672,0.15825120543858898,5105.8625
2020-11-12,5494.48486328125,5500.416015625,5449.796875,5458.60205078125,119777900,-0.009240586439488552,-0.009283545507817239,0.16476028075265428,5110.2648046875
2020-11-13,5449.10107421875,5466.56396484375,5427.6318359375,5461.05810546875,113428800,0.00044994206660442515,0.00044984087302580244,0.16429048798060905,5113.2723828125
2020-11-16,5500.0341796875,5519.67919921875,5462.4599609375,5494.8720703125,119907500,0.006191833924984014,0.00617274328482758,0.16350651784104608,5116.930419921875
2020-11-17,5516.580078125,5562.537109375,5515.51904296875,5529.93994140625,146811400,0.006381926757351275,0.006361648493318528,0.151250554483594,5121.912958984375
2020-11-18,5530.8759765625,5574.72802734375,5530.8759765625,5557.51806640625,140753000,0.00498705687443457,0.004974662696201593,0.15040373447533995,5128.266298828125
2020-11-19,5541.421875,5598.52392578125,5541.31396484375,5594.05908203125,166665200,0.006575060159656587,0.006553538736531064,0.1506235126214697,5135.543564453125
2020-11-20,5602.783203125,5628.44189453125,5563.65478515625,5571.65576171875,215797300,-0.004004841562088912,-0.004012882415466912,0.1496958606001285,5142.095244140625
2020-11-23,5583.330078125,5652.76416015625,5583.330078125,5652.76416015625,189943100,0.01455732405343002,0.01445238342217576,0.152471260287261,5152.1630078125
2020-11-24,5677.2998046875,5710.380859375,5667.3681640625,5701.02880859375,240469400,0.00853823847414259,0.008501993879885835,0.15114027475874792,5168.354365234375
2020-11-25,5735.13623046875,5770.6611328125,5666.76416015625,5679.2470703125,325423300,-0.0038206679903838303,-0.0038279853865039503,0.15478367471939458,5181.605068359375
2020-11-26,5669.6640625,5759.916015625,5669.6640625,5759.916015625,248292500,0.014204161980235996,0.014104228077949693,0.15793095346546973,5193.566826171875
2020-11-27,5773.55517578125,5795.8359375,5745.884765625,5783.3349609375,251434900,0.004065848399346539,0.00405760517399221,0.15469395731820437,5207.216220703125
2020-11-30,5779.6708984375,5798.2919921875,5563.86181640625,5612.4150390625,319900500,-0.02955386866391929,-0.029999384007275268,0.19913842727111505,5218.2948828125
2020-12-01,5637.89404296875,5736.31884765625,5594.27783203125,5724.7421875,209477700,0.020014048792846184,0.019816400527648114,0.20595457898502587,5232.021708984375
2020-12-02,5755.17578125,5813.98681640625,5734.26123046875,5813.98681640625,219110200,0.015589283496663997,0.01546901889892186,0.200171294165462,5247.116982421875
2020-12-03,5833.3232421875,5853.15576171875,5797.01318359375,5822.94189453125,238397400,0.0015402646080535654,0.0015390796171657832,0.18049193751838172,5263.588623046875
2020-12-04,5820.81982421875,5823.32421875,5775.56982421875,5810.48291015625,173857900,-0.0021396374205109314,-0.002141929715026319,0.1788587103925923,5281.11642578125
2020-12-07,5854.30322265625,5941.35205078125,5854.30322265625,5930.7587890625,226790300,0.02069980770376545,0.020488478030869433,0.1878705065642895,5301.3725
2020-12-08,5947.658203125,5961.77880859375,5911.09814453125,5944.4091796875,294205100,0.002301626336612017,0.002298981651988456,0.17987985610407306,5323.40556640625
2020-12-10,5976.9990234375,6004.4228515625,5911.9140625,5933.6982421875,264587600,-0.001801850642550007,-0.0018034759280602984,0.18034046682261182,5343.1637109375
2020-12-11,5946.35888671875,5976.56884765625,5924.37109375,5938.3291015625,217654500,0.0007804339192840626,0.0007801295390883356,0.17415655904937208,5363.7993359375
2020-12-14,5959.27490234375,6013.951171875,5959.27490234375,6012.51611328125,226876100,0.012492910118307554,0.012415517621751734,0.1758990943258432,5386.4676953125
2020-12-15,6013.51123046875,6023.21484375,5965.80517578125,6010.1279296875,194411200,-0.00039720202802862037,-0.0003972809336491621,0.17676787825499646,5409.26947265625
2020-12-16,6046.8662109375,6123.953125,6046.8662109375,6118.40185546875,291042900,0.0180152447748112,0.017854893237039652,0.18298762779307304,5432.235625
2020-12-17,6133.09619140625,6160.97705078125,6075.83203125,6113.3818359375,321737000,-0.0008204788848190647,-0.0008208156618441744,0.18417440115032296,5455.968583984375
2020-12-18,6106.2509765625,6142.85791015625,6091.39794921875,6104.32421875,257981400,-0.0014816050151251758,-0.0014827036771584746,0.18534554367983125,5478.8796875
2020-12-21,6131.623046875,6195.15380859375,6119.91796875,6165.6240234375,238612700,0.010042029631914362,0.00999194348429545,0.1836084527093473,5502.207744140625
2020-12-22,6146.64599609375,6174.458984375,6010.2109375,6023.2890625,250085200,-0.023085248207876385,-0.023355885820891785,0.20569015554549297,5522.586982421875
2020-12-23,6061.84814453125,6104.35498046875,5853.26123046875,6008.708984375,203528500,-0.00242061736929966,-0.0024235517999028513,0.20559296946366445,5541.9783203125
2020-12-28,6067.0,6095.0078125,5979.90478515625,6093.55419921875,180855700,0.014120373455326352,0.014021609617744249,0.20790874783857155,5562.776142578125
2020-12-29,6112.72021484375,6143.8701171875,6026.705078125,6036.173828125,175135000,-0.00941656859326967,-0.009461184783817246,0.20882373384561073,5581.63763671875
2020-12-30,6052.12109375,6055.97021484375,5962.009765625,5979.0732421875,170039300,-0.009459731870451571,-0.009504759324063103,0.21285651453092627,5598.567666015625
2021-01-04,5997.830078125,6104.89794921875,5929.0478515625,6104.89794921875,183917000,0.021044182256114263,0.02082581175861189,0.1875290408468854,5617.143642578125
2021-01-05,6105.7939453125,6145.61279296875,6073.416015625,6137.3427734375,174687000,0.005314556359275802,0.005300483941712799,0.17835660689184957,5637.7875
2021-01-06,6139.13720703125,6166.62890625,5987.78515625,6065.68212890625,199163800,-0.011676167875354526,-0.01174486962923789,0.1802434423129909,5657.032861328125
2021-01-07,6091.716796875,6158.037109375,6090.36083984375,6153.6328125,227517900,0.014499718535301742,0.014395602841901625,0.18539841695006987,5677.578916015625
2021-01-08,6190.9482421875,6275.7421875,6190.10107421875,6257.8349609375,221751300,0.016933436168929727,0.016791663763074473,0.19085745046903446,5700.738818359375
2021-01-11,6278.4130859375,6382.93701171875,6278.3740234375,6382.93701171875,297901100,0.019991267197386753,0.019794065688339794,0.1900619693642027,5726.468642578125
2021-01-12,6393.90283203125,6435.9599609375,6353.30712890625,6395.6689453125,279603400,0.0019946826312675636,0.001992695893370188,0.19009446120884527,5752.545703125
2021-01-13,6439.93408203125,6464.35009765625,6393.89892578125,6435.205078125,343008100,0.006181704079833095,0.006162675725341534,0.1891594864764877,5779.006044921875
2021-01-14,6445.90087890625,6465.5322265625,6407.56982421875,6428.31494140625,344812000,-0.0010706941946840853,-0.0010712677971851483,0.18969823362239333,5804.6913671875
2021-01-15,6447.98486328125,6472.31201171875,6341.2509765625,6373.412109375,262275900,-0.008540781298316369,-0.008577462779245884,0.191916827225125,5829.595107421875
2021-01-18,6365.02587890625,6428.31494140625,6316.875,6389.833984375,337569400,0.002576622179482735,0.002573308379607778,0.19152619961000142,5855.089228515625
2021-01-19,6421.86083984375,6434.8427734375,6288.97802734375,6321.85595703125,223716900,-0.010638465335715441,-0.010695458380818751,0.1890779917256937,5878.3373046875
2021-01-20,6334.51220703125,6440.796875,6299.39208984375,6429.7578125,190944100,0.017068066118896663,0.01692404316398653,0.1963714045782139,5904.8284765625
2021-01-21,6476.09423828125,6504.9921875,6399.666015625,6413.89208984375,171080400,-0.0024675459199109406,-0.002470595328748135,0.19666975104807635,5927.899794921875
2021-01-22,6419.5732421875,6428.4970703125,6283.31298828125,6307.126953125,157918500,-0.01664592032781631,-0.016786020567228083,0.20584798382832728,5947.3317578125
2021-01-25,6322.51904296875,6322.72705078125,6148.30712890625,6258.57177734375,154806200,-0.0076984617785744724,-0.007728247905503371,0.18787828561467976,5965.383095703125
2021-01-26,6252.7138671875,6269.6650390625,6123.0087890625,6140.1708984375,172159800,-0.018918194616679984,-0.01909943310419213,0.20179615604679485,5978.93173828125
2021-01-27,6153.078125,6154.60498046875,5998.89892578125,6109.16796875,181402600,-0.005049196545227952,-0.00506198680997567,0.19687613637863272,5990.924833984375
2021-01-28,6065.7880859375,6123.4609375,5957.5517578125,5979.38720703125,157336200,-0.021243606720688146,-0.021472499612315798,0.2088858262853877,6001.340537109375
2021-01-29,6010.3427734375,6068.1279296875,5825.2919921875,5862.35205078125,147664800,-0.019573102091862582,-0.019767192057715027,0.2177591816245506,6009.366416015625
2021-02-01,5856.77685546875,6070.73486328125,5735.46923828125,6067.544921875,208886800,0.03500179950236948,0.03440316536545329,0.2399945559850614,6020.819873046875
2021-02-02,6119.01123046875,6157.2490234375,6018.09423828125,6043.8408203125,227307800,-0.003906703925180777,-0.003914355026519688,0.23936720151944862,6031.097890625
2021-02-03,6096.583984375,6137.68115234375,6047.412109375,6077.7451171875,153874400,0.00560972697379003,0.005594051053195332,0.23671890924087938,6041.502431640625
2021-02-04,6111.7578125,6179.3681640625,6069.5498046875,6107.2158203125,148241900,0.004848953445194537,0.004837235136193426,0.23143511982325796,6051.76556640625
2021-02-05,6136.39306640625,6151.72900390625,6090.98095703125,6151.72900390625,134669100,0.007288621346195123,0.0072621877110897815,0.22442394106073918,6063.36703125
2021-02-08,6193.55078125,6224.4140625,6180.73193359375,6208.8662109375,161586900,0.009287991554076669,0.009245123395480765,0.21445303529017576,6074.489072265625
2021-02-09,6232.10205078125,6286.291015625,6157.134765625,6181.671875,175273400,-0.0043799197814239355,-0.004389539730081989,0.21431735299017196,6084.10193359375
2021-02-10,6198.0322265625,6216.93896484375,6168.01318359375,6201.828125,122608700,0.003260647023585417,0.003255342641430168,0.2131476713915922,6094.5535546875
2021-02-11,6221.6337890625,6232.85009765625,6194.009765625,6222.52099609375,104014000,0.003336576034788097,0.0033310220158122295,0.2139315422570816,6103.805654296875
2021-02-15,6244.384765625,6283.4150390625,6244.384765625,6270.32421875,123956100,0.007682291901667915,0.007652933361950934,0.21469375998298618,6113.545439453125
2021-02-16,6291.0078125,6308.81103515625,6274.35302734375,6292.39599609375,144173700,0.003520037652558594,0.0035138568202823716,0.21491649873844143,6127.14505859375
2021-02-17,6292.97021484375,6314.55517578125,6209.31494140625,6227.72802734375,169907100,-0.010277161321402106,-0.010330335980587808,0.2146966076699482,6137.204775390625
2021-02-18,6230.35693359375,6281.35791015625,6200.30810546875,6200.30810546875,167455200,-0.0044028772217747925,-0.004412598430375782,0.20451791547564294,6144.931201171875
2021-02-19,6196.89892578125,6231.93212890625,6173.59423828125,6231.93212890625,133625600,0.005100395480283737,0.005087432522048232,0.20595212825651701,6153.111005859375
2021-02-22,6267.02490234375,6312.873046875,6255.31201171875,6255.31201171875,145005700,0.003751626675145392,0.0037446068754244644,0.19841684048858305,6162.007587890625
2021-02-23,6267.4541015625,6279.14306640625,6241.951171875,6272.80712890625,126272800,0.0027968416530981255,0.002792937768818649,0.1967797084404783,6168.8485546875
2021-02-24,6283.794921875,6294.14013671875,6223.64892578125,6251.05419921875,152221800,-0.0034678142082925634,-0.003473841013244694,0.18394309241974546,6174.981455078125
2021-02-25,6280.72705078125,6309.7578125,6274.4970703125,6289.64599609375,237490100,0.006173646179523207,0.006154667298490985,0.18343370641019144,6182.10041015625
2021-02-26,6246.31689453125,6302.39404296875,6184.51708984375,6241.7958984375,219493200,-0.007607756889015382,-0.007636843487879462,0.16626793297169978,6188.16974609375
2021-03-01,6281.85693359375,6339.0087890625,6261.55908203125,6338.51318359375,173079500,0.015495105371910789,0.015376282107347025,0.15092173639341908,6194.6896875
2021-03-02,6367.43896484375,6388.12109375,6329.498046875,6359.205078125,180676700,0.00326447132504315,0.0032591545064527055,0.09900923859143926,6201.67123046875
2021-03-03,6378.7978515625,6394.4521484375,6334.244140625,6376.7568359375,242358700,0.0027600553208884104,0.0027562533623384897,0.09620542287427616,6206.838330078125
2021-03-04,6355.3759765625,6369.4111328125,6270.10791015625,6290.798828125,238207200,-0.013479894250956304,-0.01357157283608137,0.11136764344253786,6210.386669921875
2021-03-05,6263.0439453125,6307.68310546875,6245.30810546875,6258.7490234375,153557700,-0.005094711429049603,-0.0051077337200280985,0.11325767707552269,6213.475166015625
2021-03-08,6304.0,6325.51513671875,6239.0498046875,6248.46484375,155718400,-0.0016431685707460897,-0.001644520052900267,0.1113579982457492,6215.131982421875
2021-03-09,6258.669921875,6267.423828125,6167.7177734375,6199.64697265625,188106700,-0.007812778388691766,-0.007843458041793965,0.11064761420221429,6218.659140625
2021-03-10,6233.6162109375,6276.158203125,6225.455078125,6264.67919921875,121957600,0.010489666080879534,0.010435031268801442,0.11539080967791567,6223.778544921875
2021-03-12,6316.880859375,6364.35693359375,6298.52294921875,6358.208984375,186241800,0.014929700656964862,0.014819349658648048,0.12567412792244279,6229.071640625
2021-03-15,6374.76220703125,6387.73583984375,6324.2587890625,6324.2587890625,137895500,-0.00533958468429252,-0.005353891216612432,0.1275297249788931,6234.83333984375
2021-03-16,6347.18896484375,6355.4111328125,6296.89697265625,6309.69921875,155061500,-0.002302178136302735,-0.002304832222623816,0.12532331088094145,6241.445859375
2021-03-17,6318.06884765625,6321.3369140625,6268.8388671875,6277.22802734375,138044900,-0.0051462344369376245,-0.005159521907942098,0.12616405218815352,6244.8924609375
2021-03-18,6309.5751953125,6358.42578125,6307.0,6347.8291015625,149718200,0.01124717373834594,0.011184394566729027,0.1261862894865832,6249.1021875
2021-03-19,6346.0087890625,6356.16015625,6307.10107421875,6356.16015625,162089200,0.0013124258000973832,0.0013115653221503578,0.12458250545321843,6254.911748046875
2021-03-22,6346.794921875,6354.93896484375,6290.02197265625,6301.130859375,128638500,-0.008657632205961607,-0.008695327227788138,0.12848414135997419,6257.861708984375
2021-03-23,6331.6982421875,6342.1298828125,6245.9912109375,6252.7119140625,173805000,-0.007684167555489063,-0.007713842888902251,0.13111884611205898,6257.759248046875
2021-03-24,6231.712890625,6239.546875,6143.380859375,6156.14013671875,138290000,-0.015444782787218725,-0.015565295921374732,0.1416631429865035,6253.223310546875
2021-03-25,6159.619140625,6176.4267578125,6058.8427734375,6122.8759765625,147353000,-0.005403411783601819,-0.005418063014643428,0.14229131759154312,6247.767451171875
2021-03-26,6141.60595703125,6195.56201171875,6106.078125,6195.56201171875,124284100,0.011871224475962228,0.011801314226951963,0.1473960788984547,6242.97458984375
2021-03-29,6205.56884765625,6230.990234375,6165.55322265625,6166.81787109375,114609800,-0.004639472669409339,-0.004650268426757001,0.14592011381813985,6237.7446484375
2021-03-30,6163.72119140625,6170.6689453125,6046.4677734375,6071.44189453125,118686600,-0.01546599535711346,-0.015586841486359911,0.14229222686628,6231.705244140625
2021-03-31,6062.9501953125,6066.8369140625,5892.64501953125,5985.52197265625,123071400,-0.014151485490191518,-0.014252572582570821,0.14695990871522058,6223.61900390625
2021-04-01,5988.02294921875,6020.1640625,5960.81689453125,6011.4560546875,106367400,0.004332802076364439,0.004323442515126444,0.14788043350603072,6217.411005859375
2021-04-05,6040.05517578125,6051.62109375,5964.48388671875,5970.2861328125,122053600,-0.006848577366359909,-0.006872136498303745,0.14334051029390538,6208.221572265625
2021-04-06,5973.98681640625,6008.5048828125,5944.4208984375,6002.77001953125,126386100,0.005440926279934866,0.005426177912875889,0.14576697232862004,6199.999130859375
2021-04-07,6011.9580078125,6040.4560546875,5982.06689453125,6036.6162109375,141523800,0.00563842880805443,0.005622592368879165,0.1483202972302838,6194.588916015625
2021-04-08,6035.037109375,6073.9140625,6030.2861328125,6071.72412109375,169546400,0.005815826106791322,0.005798979476628071,0.1487604193306709,6190.851962890625
2021-04-09,6101.72314453125,6113.15576171875,6070.208984375,6070.208984375,161275600,-0.00024953978285779943,-0.00024957092309000603,0.14253102547290972,6189.452724609375
2021-04-12,6080.7919921875,6088.828125,5942.7138671875,5948.56884765625,130244200,-0.02003887131923421,-0.02024237271564443,0.14337113295677292,6186.2407421875
2021-04-13,5944.52587890625,5957.61181640625,5883.52392578125,5927.43505859375,107375400,-0.0035527518641440547,-0.003559077874656284,0.1431764801110305,6185.20169921875
2021-04-14,5964.02978515625,6050.27587890625,5962.31689453125,6050.27587890625,141883200,0.02072411069850566,0.020512287877048153,0.16620884719619997,6188.96017578125
2021-04-15,6057.61083984375,6079.5009765625,6029.15380859375,6079.5009765625,132167700,0.004830374389726666,0.004818745564040224,0.16754069842534838,6189.199296875
2021-04-16,6102.3779296875,6115.6201171875,6062.921875,6086.2578125,158024500,0.0011114129208218415,0.0011107957587205184,0.16103488578877093,6190.04763671875
2021-04-19,6084.78515625,6096.9951171875,6031.83203125,6052.5400390625,159845500,-0.005539984416737975,-0.00555538704362268,0.16094791269138764,6189.54353515625
2021-04-20,6029.9921875,6045.69384765625,5997.9482421875,6038.32177734375,106712400,-0.002349139638397557,-0.0023519031957543062,0.15924793537614212,6188.165654296875
2021-04-21,6010.26806640625,6025.5,5989.98388671875,5993.2421875,117327800,-0.007465582575094332,-0.0074935895158402075,0.15914739514573648,6184.99591796875
2021-04-22,6004.7939453125,6024.93798828125,5980.455078125,5994.18408203125,139778300,0.00015715943086935802,0.00015714708261974807,0.1511116092185426,6180.702275390625
2021-04-23,6000.912109375,6027.05908203125,5973.2470703125,6016.86376953125,151530300,0.0037836154495132224,0.0037764755805901906,0.15133930334703627,6177.40611328125
2021-04-26,6018.33984375,6027.7529296875,5955.6181640625,5964.82080078125,122797700,-0.008649517546589602,-0.008687141734638215,0.14596005846683538,6172.665966796875
2021-04-27,5986.99609375,6003.91796875,5950.8681640625,5959.62109375,122928600,-0.0008717289596644751,-0.000872109136310753,0.1456308144463518,6167.40796875
2021-04-28,5959.951171875,5981.89599609375,5953.94287109375,5974.47900390625,127681000,0.0024930964439722203,0.002489993834698913,0.13664178412598765,6161.491064453125
2021-04-29,6005.798828125,6019.02490234375,5987.7431640625,6012.9609375,130962400,0.006441052612050191,0.006420397678241332,0.12915684208369668,6155.90236328125
2021-04-30,6026.52783203125,6033.89990234375,5985.02197265625,5995.6162109375,136841700,-0.002884556667303362,-0.002888725018713868,0.12866043153784365,6151.260126953125
2021-05-03,5999.6611328125,6004.0078125,5938.8759765625,5952.59716796875,152015700,-0.0071750828364017805,-0.007200947538436207,0.12889397989773785,6146.305908203125
2021-05-04,5955.39501953125,5974.68212890625,5932.31787109375,5963.81982421875,141538100,0.0018853377665786208,0.0018835627479878029,0.1274673919950431,6140.943662109375
2021-05-05,5974.56005859375,5992.93212890625,5971.30908203125,5975.9111328125,131241100,0.002027443643526583,0.0020253911533999126,0.125870604295557,6135.35564453125
2021-05-06,5987.06591796875,6005.087890625,5950.89990234375,5970.240234375,120448300,-0.0009489596333456252,-0.0009494101805951386,0.12364742102243341,6129.304306640625
2021-05-07,5987.330078125,5994.330078125,5922.4931640625,5928.30908203125,121835200,-0.007023360986769367,-0.007048140880131699,0.12555510836787653,6122.849404296875
2021-05-10,5942.10595703125,5985.3720703125,5941.9267578125,5975.787109375,120144700,0.008008696356210043,0.007976796949471576,0.1073806654964399,6116.5722265625
2021-05-11,5965.85205078125,5966.6640625,5911.3759765625,5938.35107421875,120811100,-0.006264619952327188,-0.0062843250235293776,0.10907784647140556,6110.503330078125
2021-05-17,5950.13720703125,5958.79296875,5817.70703125,5833.85986328125,150604900,-0.01759599754739105,-0.017752647439772413,0.09808057768146719,6100.410263671875
2021-05-18,5836.083984375,5855.6669921875,5782.77685546875,5834.39404296875,160329900,9.156539581312018e-05,9.156120395814893e-05,0.09522994172290386,6089.91404296875
2021-05-19,5817.13623046875,5828.2109375,5752.2568359375,5760.583984375,138298600,-0.012650852522157141,-0.012731555923924236,0.10158563098511464,6077.5905859375
2021-05-20,5759.6298828125,5814.77978515625,5751.3408203125,5797.59716796875,114025600,0.006425248498094005,0.006404694584650074,0.10598053798266693,6067.726552734375
2021-05-21,5824.10986328125,5838.22900390625,5742.0380859375,5773.1201171875,133703000,-0.004221930236285476,-0.004230867748317481,0.10623716946138595,6058.013974609375
2021-05-24,5793.06689453125,5805.15283203125,5759.33984375,5763.6318359375,141371900,-0.001643527426659963,-0.0016448794995100073,0.10441821096656491,6048.317314453125
2021-05-25,5772.93701171875,5848.55419921875,5769.287109375,5815.83984375,144613700,0.009058178818253326,0.009017399588544231,0.11130281784865324,6040.641171875
2021-05-27,5850.501953125,5904.837890625,5841.828125,5841.828125,211859200,0.004468534545002623,0.004458580287458912,0.11175793353420956,6032.184150390625
2021-05-28,5875.27099609375,5891.47216796875,5833.3427734375,5848.6162109375,181542500,0.0011619797420006073,0.0011613051660520192,0.1087570886061951,6021.992294921875
2021-05-31,5869.2177734375,5947.462890625,5860.5361328125,5947.462890625,169049900,0.016900866140378,0.01675963556046472,0.12568755828772737,6014.456376953125
2021-06-02,6002.48095703125,6031.578125,5991.5068359375,6031.578125,178537100,0.014143044844817876,0.01404396508625777,0.13518072600840894,6008.893955078125
2021-06-03,6038.85693359375,6091.51318359375,6005.63623046875,6091.51318359375,181262300,0.009936878434074758,0.00988783230024823,0.13773929331614507,6005.179658203125
2021-06-04,6091.1298828125,6103.85888671875,6043.85693359375,6065.166015625,158659400,-0.004325225469381078,-0.004334606316352558,0.13832620221589087,5999.526396484375
2021-06-07,6075.5068359375,6088.0,6050.80078125,6069.93505859375,200000700,0.0007863004831960563,0.0007859915109238755,0.13524093384453698,5993.80189453125
2021-06-08,6071.25,6075.88623046875,5992.1181640625,5999.369140625,265159600,-0.0116254815393525,-0.011693585794253027,0.14242866958591885,5987.76666015625
2021-06-09,5973.0361328125,6047.47509765625,5972.44921875,6047.47509765625,239289300,0.008018502596464305,0.007986525231172768,0.14493774118847227,5983.661923828125
2021-06-10,6065.92578125,6111.44580078125,6064.93310546875,6107.5380859375,215823100,0.009931911634415425,0.009882914357376132,0.14846409908477226,5982.6898828125
2021-06-11,6118.3798828125,6134.8818359375,6084.23876953125,6095.4970703125,196526600,-0.00197150070217722,-0.0019734466677555416,0.14582272637659027,5982.1423046875
2021-06-14,6110.796875,6124.8720703125,6071.72509765625,6080.3837890625,196186700,-0.002479417359349978,-0.002482496204785687,0.14427522348471242,5979.838740234375
2021-06-15,6085.36083984375,6091.3671875,6051.2451171875,6089.0380859375,163564500,0.0014233142471313798,0.0014223022955113039,0.14178019567293873,5978.28314453125
2021-06-16,6071.43896484375,6114.09619140625,6049.5751953125,6078.56787109375,152950200,-0.001719518698352518,-0.0017209987675439542,0.12352195754391941,5978.4256640625
2021-06-17,6063.537109375,6082.2919921875,6034.8271484375,6068.44677734375,205095900,-0.0016650457747013903,-0.0016664335040531741,0.12404899622107536,5980.08416015625
2021-06-18,6065.51904296875,6070.416015625,5944.05322265625,6007.1201171875,238006900,-0.010105824835641597,-0.01015723534042335,0.12028282422734053,5979.99744140625
2021-06-21,5959.96484375,6021.494140625,5884.91796875,5996.2529296875,159997500,-0.001809051140646778,-0.001810689449816387,0.11991351169891823,5980.51677734375
2021-06-22,6006.6650390625,6118.86181640625,6006.6650390625,6087.841796875,151167900,0.015274350208618337,0.015158871742467486,0.1267826477935807,5982.218212890625
2021-06-23,6095.89501953125,6130.09619140625,6034.54296875,6034.54296875,199578400,-0.00875496274432741,-0.008793512597266519,0.13241196784147471,5982.176748046875
2021-06-24,6052.080078125,6060.48876953125,6003.19677734375,6012.05615234375,168548200,-0.0037263495384320944,-0.0037333096748540747,0.13156093034846608,5980.983388671875
2021-06-25,6027.22021484375,6067.791015625,6019.40478515625,6022.39892578125,172441600,0.0017203387951505444,0.0017188607073305691,0.13114649090136582,5980.0271875
2021-06-28,6015.27880859375,6030.89013671875,5939.47119140625,5939.47119140625,145849200,-0.01376988396102341,-0.013865568202502367,0.14208582852496926,5979.845234375
2021-06-29,5944.2421875,5992.86376953125,5913.5908203125,5949.0498046875,188801800,0.001612704729523573,0.0016114057176787571,0.12905397764855348,5980.277529296875
2021-06-30,5950.43310546875,6011.2568359375,5950.423828125,5985.48876953125,203167100,0.006125173942070239,0.006106491314906784,0.1203935118833671,5978.981787109375
2021-07-01,6001.12109375,6039.0341796875,5969.09912109375,6005.9580078125,140966500,0.003419810656975386,0.0034139764020915094,0.11514685111141479,5977.510927734375
2021-07-02,6020.07421875,6043.43212890625,6014.87109375,6023.0078125,146766100,0.002838815167425679,0.0028347933413309773,0.11496344703127172,5976.245927734375
2021-07-05,6024.1650390625,6036.97900390625,5985.35400390625,6005.60888671875,131732000,-0.0028887436846986025,-0.002892924157553987,0.11522321774275088,5975.3073046875
2021-07-06,6015.5810546875,6054.60791015625,6013.06201171875,6047.11083984375,161021000,0.006910532122193391,0.006886763833275684,0.11011555646631684,5975.4830859375
2021-07-07,6062.76904296875,6066.994140625,6022.30517578125,6044.037109375,165513600,-0.0005082973588804718,-0.0005084265857753092,0.10641582779715453,5976.498984375
2021-07-08,6052.80419921875,6080.22216796875,6028.60791015625,6039.89599609375,159513500,-0.0006851568258617879,-0.0006853916530682359,0.09976513139479211,5977.41322265625
2021-07-09,6037.00390625,6060.541015625,6026.5478515625,6039.84423828125,136425200,-8.569321811702224e-06,-8.56935852855014e-06,0.09963880942988365,5977.87283203125
2021-07-12,6060.05419921875,6097.1201171875,6055.98583984375,6078.56787109375,135385400,0.00641136282407162,0.006390897464760165,0.10219393093774022,5980.1477734375
2021-07-13,6097.22900390625,6114.2861328125,6004.82177734375,6012.0322265625,172635900,-0.010945940876576521,-0.011006288465561447,0.10916082053176483,5981.19599609375
2021-07-14,6008.2412109375,6013.0419921875,5947.6181640625,5979.21484375,138499900,-0.005458617248840669,-0.005473569938807337,0.1104603180088035,5981.290712890625
2021-07-15,5986.64990234375,6046.75390625,5982.80419921875,6046.75390625,141035200,0.011295640692790654,0.01123232131923896,0.11836214182700429,5981.966572265625
2021-07-16,6063.421875,6079.13916015625,6051.7578125,6072.509765625,129367700,0.004259452224172344,0.0042504064351877174,0.11318846667414821,5983.504443359375
2021-07-19,6062.9658203125,6063.64697265625,6015.14892578125,6017.39404296875,123010800,-0.009076267438588026,-0.009117707693029657,0.11806888648015965,5984.800380859375
2021-07-21,6034.57177734375,6053.19287109375,6020.86376953125,6029.97607421875,153050600,0.002090943548013424,0.00208876056801526,0.10439393633303895,5986.123505859375
2021-07-22,6057.541015625,6137.546875,6057.541015625,6137.546875,178417800,0.017839341227433803,0.01768208762604506,0.11785517081431737,5989.356220703125
2021-07-23,6145.76123046875,6166.30517578125,6090.60302734375,6101.68994140625,143269200,-0.00584222561945813,-0.005859358180331534,0.11918500018288548,5991.98521484375
2021-07-26,6109.03076171875,6137.0458984375,6091.01513671875,6106.39404296875,156210200,0.0007709506067454797,0.0007706535769801736,0.11912921910071383,5995.5469140625
2021-07-27,6120.92919921875,6144.5849609375,6068.51220703125,6097.048828125,179173700,-0.0015303982641786673,-0.0015315705197667686,0.1065153580810584,5997.9721484375
2021-07-28,6094.541015625,6116.5048828125,6074.8671875,6088.52294921875,161217600,-0.001398361592074071,-0.0013993402120612915,0.10693737885730915,6000.9755859375
2021-07-29,6106.61181640625,6135.34912109375,6096.5029296875,6120.72705078125,178890400,0.00528931266763677,0.005275373384601839,0.10646701402831124,6006.7129296875
2021-07-30,6136.3681640625,6160.462890625,6069.83984375,6070.0390625,193641700,-0.00828136720698569,-0.008315848227011213,0.11114938915792039,6011.425830078125
2021-08-02,6098.0078125,6112.8291015625,6048.10107421875,6096.54296875,216299000,0.004366348548518806,0.0043568437062874495,0.11169782716221385,6018.145009765625
2021-08-03,6107.99609375,6142.51513671875,6105.10986328125,6130.57080078125,226801300,0.005581496301374722,0.0055659774696489705,0.11221720997756672,6024.804482421875
2021-08-04,6142.47509765625,6163.81494140625,6112.72021484375,6159.03515625,271201100,0.004643018797714893,0.004632273234334499,0.11093454246066191,6032.522783203125
2021-08-05,6174.60791015625,6218.64599609375,6173.57421875,6205.4169921875,268332500,0.007530698357912868,0.007502484208661721,0.11319088217528697,6041.358486328125
2021-08-06,6223.833984375,6263.5390625,6190.85693359375,6203.43115234375,245459900,-0.00032001714731666464,-0.0003200683637309983,0.11311254494059973,6049.1103125
2021-08-09,6203.7470703125,6239.01513671875,6110.546875,6127.4560546875,293622300,-0.012247270226823703,-0.012322886066841175,0.1230621020240214,6054.82287109375
2021-08-10,6139.33984375,6147.76513671875,6042.47509765625,6088.408203125,205029900,-0.006372604097687251,-0.006392995817581775,0.12361408319195889,6059.6187109375
2021-08-12,6092.2451171875,6139.80810546875,6051.85205078125,6139.65185546875,206955800,0.008416592750375651,0.008381370728557672,0.11964365214293185,6063.462490234375
2021-08-13,6154.0517578125,6179.89599609375,6113.26318359375,6139.4921875,163739300,-2.6006029740566206e-05,-2.6006367903220497e-05,0.1172424933193629,6065.620771484375
2021-08-16,6144.94287109375,6147.30419921875,6056.73681640625,6087.9130859375,171745600,-0.008401199966915018,-0.008436688953857843,0.11597423293823664,6065.54876953125
2021-08-18,6109.56103515625,6136.2822265625,6040.60302734375,6118.14990234375,208983000,0.004966696465508624,0.004954403116703499,0.11631555018629514,6066.608447265625
2021-08-19,6110.5498046875,6111.01220703125,5958.0439453125,5992.32177734375,214361500,-0.020566368429743354,-0.020780801350806496,0.134832900451876,6065.056181640625
2021-08-20,5988.7578125,6030.77197265625,5938.4072265625,6030.77197265625,200995800,0.006416577203493201,0.006396078612455801,0.13666085002498612,6065.68423828125
2021-08-23,6037.7001953125,6109.828125,6037.7001953125,6109.828125,193786700,0.01310879481137639,0.013023618128923277,0.12948138374143128,6066.931298828125
2021-08-24,6114.6669921875,6138.4970703125,6053.5732421875,6089.4970703125,238973300,-0.0033275984645639856,-0.0033331472331366526,0.12832912009382932,6066.570478515625
2021-08-25,6094.14501953125,6131.91015625,6093.09521484375,6113.240234375,214295900,0.003899035304286924,0.003891453766866314,0.12908584808620294,6066.925341796875
2021-08-26,6107.0400390625,6119.6572265625,6034.0498046875,6058.080078125,172987800,-0.009023063733015424,-0.009064018114715085,0.13302355689108475,6066.479267578125
2021-08-27,6052.8271484375,6066.4912109375,6021.9541015625,6041.3662109375,156989800,-0.002758937975721354,-0.0027627508597200144,0.13325803098320796,6065.525830078125
2021-08-30,6062.11279296875,6144.90185546875,6062.11279296875,6144.90185546875,159300800,0.017137786539707767,0.016992591212599488,0.14576726184696984,6066.852509765625
2021-08-31,6148.76806640625,6158.06982421875,6117.5029296875,6150.298828125,189133300,0.0008782845980601639,0.0008778991318254292,0.14225682789132307,6068.48955078125
2021-09-01,6157.82080078125,6169.05615234375,6089.23291015625,6090.93310546875,194563800,-0.009652494019440794,-0.009699381303275698,0.1461057028712832,6070.165810546875
2021-09-02,6092.65087890625,6110.0498046875,6054.28076171875,6078.22900390625,179403300,-0.0020857397943007117,-0.0020879179788232537,0.1447259728606751,6071.80533203125
2021-09-03,6085.6279296875,6126.9208984375,6056.18603515625,6126.9208984375,171489500,0.008010868708625107,0.007978952040079533,0.14675156168545145,6072.5869140625
2021-09-06,6137.1259765625,6150.35791015625,6100.93115234375,6126.93798828125,173887900,2.789303800820875e-06,2.7892999107202618e-06,0.14387554890276574,6074.434814453125
2021-09-07,6135.8701171875,6145.48876953125,6100.94384765625,6112.39990234375,180693200,-0.0023728142777528216,-0.0023756338626684656,0.14400057583110928,6076.441689453125
2021-09-08,6114.47705078125,6123.755859375,6001.5791015625,6026.02001953125,196394300,-0.014131909592397296,-0.014232715877255216,0.14618127194619776,6076.514111328125
2021-09-09,6024.31689453125,6072.64306640625,5982.76611328125,6068.21923828125,214651900,0.007002834144796299,0.006978428176155169,0.14714028658147574,6079.089072265625
2021-09-10,6059.15478515625,6102.8310546875,6047.60888671875,6094.873046875,192886100,0.004392360847084165,0.00438274258448038,0.14472424765691827,6082.005537109375
2021-09-13,6080.06201171875,6094.98779296875,6052.97021484375,6088.1572265625,158870000,-0.0011018802624516155,-0.0011024877788225404,0.1447411489365759,6084.05890625
2021-09-14,6100.62890625,6130.86279296875,6099.158203125,6129.09521484375,201683300,0.006724200239546674,0.006701693641364551,0.14359058372493072,6086.521650390625
2021-09-15,6123.91015625,6125.333984375,6100.00390625,6110.22900390625,188698800,-0.0030781396398947836,-0.0030828868559483824,0.1429957381543991,6088.26607421875
2021-09-16,6126.55517578125,6137.6689453125,6098.876953125,6109.94189453125,218872800,-4.698831661076319e-05,-4.698942059629523e-05,0.12029449562639925,6090.352734375
2021-09-17,6098.8779296875,6133.24609375,6086.083984375,6133.24609375,224719500,0.0038141441638928075,0.0038068887589629507,0.11909111774745877,6092.075439453125
2021-09-20,6132.0341796875,6133.1708984375,6053.93212890625,6076.31494140625,176619400,-0.009282385130732762,-0.00932573493585571,0.1151293206693209,6092.72099609375
2021-09-21,6049.79296875,6068.79296875,5996.4072265625,6060.7568359375,179600700,-0.0025604508026290107,-0.0025637343629126264,0.11489040006219618,6093.138212890625
2021-09-22,6060.30517578125,6123.7412109375,6059.6279296875,6108.26513671875,184349300,0.007838674618910302,0.007808111819683543,0.11756686023413061,6094.506630859375
2021-09-23,6117.64306640625,6148.14697265625,6117.576171875,6142.7119140625,213294700,0.005639371666543935,0.005623529940495859,0.11412514693500223,6095.78951171875
2021-09-24,6142.287109375,6163.8837890625,6119.13720703125,6144.81494140625,196295300,0.00034236138258991744,0.00034230279030454875,0.11340784809199854,6098.445166015625
2021-09-27,6141.47021484375,6163.27978515625,6109.666015625,6122.4951171875,206632900,-0.0036323021004831535,-0.003638914927805263,0.09689980208919646,6101.310771484375
2021-09-28,6128.05810546875,6137.9541015625,6097.72216796875,6113.11181640625,272570100,-0.0015325942449359031,-0.0015337698688188408,0.09692785321115374,6102.6379296875
2021-09-29,6100.826171875,6162.55419921875,6086.26318359375,6162.55419921875,230726900,0.008087923842617695,0.008055391879550493,0.09456025181146696,6104.438818359375
2021-09-30,6175.416015625,6286.94287109375,6174.18212890625,6286.94287109375,202745700,0.020184596817139466,0.019983588193474202,0.11625451152548827,6109.829794921875
2021-10-01,6269.23779296875,6272.06494140625,6202.90576171875,6228.84521484375,190252600,-0.009241002732364945,-0.009283965683450347,0.11995536268342828,6113.807177734375
2021-10-04,6234.798828125,6342.68603515625,6234.798828125,6342.68603515625,257881700,0.018276392555270027,0.01811138673443765,0.1346334941367673,6117.9099609375
2021-10-05,6337.326171875,6361.453125,6277.7001953125,6288.048828125,268318400,-0.00861420646212141,-0.008651523195854714,0.13894603939432215,6121.637138671875
2021-10-06,6313.65283203125,6441.50390625,6307.10888671875,6417.3232421875,231440600,0.020558748444236885,0.020350269904977444,0.14148983267757234,6127.85572265625
2021-10-07,6414.912109375,6458.63818359375,6392.72705078125,6416.39599609375,183232100,-0.0001444910999113258,-0.0001445015397559578,0.1411895035414207,6134.242666015625
2021-10-08,6440.0,6497.65576171875,6436.51708984375,6481.76904296875,231302300,0.010188437078197499,0.010136884815447503,0.1435090228975175,6142.107587890625
2021-10-11,6482.95703125,6506.091796875,6451.67822265625,6459.69677734375,204779900,-0.003405284186875357,-0.0034110953632939824,0.14463041687746211,6148.886982421875
2021-10-12,6462.31494140625,6504.01318359375,6460.0869140625,6486.26708984375,204607300,0.004113244540082883,0.004104808275460386,0.14403231296672253,6157.21154296875
2021-10-13,6502.1572265625,6600.51806640625,6492.65576171875,6536.90380859375,193450700,0.007806758193674712,0.00777644312962656,0.14327362467798205,6166.018759765625
2021-10-14,6552.2109375,6637.39990234375,6552.2109375,6626.11376953125,178191500,0.013647127684550009,0.013554844291736725,0.14705030129319846,6175.929619140625
2021-10-15,6645.259765625,6680.0087890625,6573.3427734375,6633.337890625,160148800,0.0010902500839886642,0.0010896561929864602,0.14742696199477487,6185.415673828125
2021-10-18,6649.28076171875,6684.81884765625,6620.84521484375,6658.76806640625,188565300,0.0038336922075370428,0.003826362337237698,0.13890060854473085,6194.4826953125
2021-10-19,6665.71923828125,6677.59716796875,6613.88916015625,6655.998046875,188504800,-0.0004159957973645101,-0.00041608234762008324,0.1376397616333177,6203.534033203125
2021-10-21,6670.27294921875,6687.1337890625,6602.06591796875,6632.97216796875,215065000,-0.0034594179181077767,-0.0034654155404569703,0.140042399717292,6213.64435546875
2021-10-22,6620.6591796875,6655.44287109375,6585.55712890625,6643.73779296875,165782200,0.0016230469128135638,0.001621731195627724,0.14019309908623745,6224.750947265625
2021-10-25,6626.3671875,6673.51513671875,6625.69677734375,6625.69677734375,175632400,-0.0027154918190921418,-0.0027191854552096936,0.14164314349425508,6234.471845703125
2021-10-26,6640.0517578125,6680.1171875,6638.02783203125,6656.93701171875,180194900,0.004715011179175166,0.004703930331195336,0.13892709106413642,6244.8207421875
2021-10-27,6664.373046875,6670.80908203125,6590.5048828125,6602.208984375,182503600,-0.008221202521130677,-0.008255182974860907,0.14453201969987323,6255.10666015625
2021-10-28,6578.5830078125,6600.2470703125,6509.8779296875,6524.076171875,189347200,-0.011834344033173072,-0.011904927306356092,0.1538897101287409,6263.225185546875
2021-10-29,6561.712890625,6596.76904296875,6551.5390625,6591.34619140625,171512200,0.010311041404030163,0.01025824522883919,0.14301679191299446,6275.205673828125
2021-11-01,6618.1220703125,6627.85107421875,6552.88916015625,6552.88916015625,182528900,-0.005834472979152627,-0.005851560011593001,0.13979162987305466,6285.648017578125
2021-11-02,6557.94482421875,6573.69384765625,6480.009765625,6493.27490234375,165299300,-0.00909740060536568,-0.009139034654365968,0.1328133265441139,6293.316953125
2021-11-03,6497.865234375,6561.81005859375,6485.2509765625,6552.1298828125,171604200,0.00906399025975424,0.009023158844936112,0.13026614624715224,6302.569609375
2021-11-04,6588.18896484375,6617.86181640625,6583.169921875,6586.44287109375,155291000,0.005236921259949234,0.005223256275344282,0.11185723337602341,6312.033662109375
2021-11-05,6600.72216796875,6608.4248046875,6550.1171875,6581.78515625,154117700,-0.0007071669693199389,-0.000707417129824971,0.11197147801179216,6322.507763671875
2021-11-08,6599.40478515625,6637.01123046875,6592.05517578125,6632.296875,167444200,0.007674470914936338,0.007645171970145857,0.10968107724820833,6334.326376953125
2021-11-09,6640.22119140625,6669.9248046875,6633.2080078125,6669.9248046875,192392200,0.0056734386889911725,0.005657405349905172,0.10940499593399365,6344.8268359375
2021-11-10,6665.548828125,6683.14501953125,6651.7978515625,6683.14501953125,153422900,0.0019820635510701123,0.001980101854819933,0.10901942746169081,6355.483759765625
2021-11-11,6694.5830078125,6704.4638671875,6671.22705078125,6691.341796875,209193300,0.0012264850335874655,0.0012257335152398988,0.10646330256692879,6367.49193359375
2021-11-12,6710.85302734375,6714.158203125,6646.31591796875,6651.05419921875,198646700,-0.006020854841859213,-0.0060390532718780435,0.09865843625897937,6378.9484375
2021-11-15,6661.84912109375,6675.59521484375,6610.8232421875,6616.02880859375,203267300,-0.005266141212488362,-0.005280056207842609,0.10046061537571584,6388.730595703125
2021-11-16,6598.408203125,6654.51513671875,6592.22802734375,6651.20703125,207039500,0.0053171205377091635,0.005303034561463623,0.10136473149598378,6399.2159765625
2021-11-17,6667.86181640625,6679.30419921875,6650.494140625,6675.80419921875,217158400,0.003698151005250949,0.003691329657232851,0.10221661633291641,6410.4840625
2021-11-18,6653.7001953125,6669.7861328125,6621.69287109375,6636.46923828125,248016700,-0.0058921681588719466,-0.005909595471836291,0.10371992040959353,6422.693046875
2021-11-19,6651.77880859375,6720.98779296875,6651.77880859375,6720.26318359375,258781800,0.012626283992872356,0.012547237152281567,0.11280161211052736,6435.73392578125
2021-11-22,6731.51513671875,6754.4638671875,6690.81787109375,6723.38623046875,218097200,0.000464720917868755,0.0004646129685459134,0.11213347448892398,6448.304189453125
2021-11-23,6716.1572265625,6732.89794921875,6662.5380859375,6677.8759765625,186336800,-0.006768948316550505,-0.006791961556285656,0.11413941380695851,6460.098564453125
2021-11-24,6697.423828125,6698.4140625,6668.05419921875,6683.27685546875,224587000,0.00080877196959106,0.0008084450897772755,0.10972869000862284,6471.182197265625
2021-11-25,6694.95703125,6751.001953125,6694.796875,6699.34619140625,215655400,0.002404409735675017,0.0024015237676938,0.09934698523640156,6482.964541015625
2021-11-26,6688.56884765625,6691.7119140625,6544.89599609375,6561.55322265625,242523500,-0.0205681218454955,-0.020782591586780783,0.12105848238781441,6491.996767578125
2021-11-29,6552.80322265625,6617.287109375,6487.748046875,6608.2900390625,0,0.007122828211599819,0.007097580689017847,0.12180214684877241,6501.497646484375
2021-11-30,6605.796875,6647.47705078125,6533.93212890625,6533.93212890625,216798600,-0.011252216491211886,-0.011316001613240558,0.1242881167720998,6510.649990234375
2021-12-01,6544.51708984375,6593.07421875,6494.4970703125,6507.6767578125,195068500,-0.004018310961265703,-0.00402640606579855,0.12073860181027708,6519.588388671875
2021-12-02,6517.3388671875,6586.89599609375,6484.578125,6583.81982421875,210837500,0.011700499155069322,0.01163257761208008,0.12665431791711176,6529.099482421875
2021-12-03,6588.01416015625,6600.1650390625,6536.9072265625,6538.505859375,172625500,-0.006882625292548461,-0.006906419799977179,0.12899052206965034,6537.015361328125
2021-12-06,6552.81591796875,6585.26318359375,6525.98486328125,6547.1162109375,180052400,0.0013168683714115392,0.0013160020607190914,0.12571541198580344,6545.06138671875
2021-12-07,6575.97607421875,6608.6337890625,6573.10986328125,6602.56884765625,212352000,0.008469780424259499,0.00843411308886472,0.127928959260206,6554.662861328125
2021-12-08,6618.7548828125,6632.94091796875,6584.96923828125,6603.7978515625,216901600,0.00018614026367735903,0.00018612294172798625,0.12762441506070796,6564.47658203125
2021-12-09,6617.1328125,6643.93212890625,6602.876953125,6643.93212890625,240218200,0.006077453950873668,0.006059060712696025,0.12967674457037293,6574.104140625
2021-12-10,6618.68603515625,6652.921875,6605.416015625,6652.921875,229170800,0.0013530761481799214,0.0013521615655555342,0.12802372457002487,6581.423720703125
2021-12-13,6663.73876953125,6688.37890625,6659.1669921875,6662.87109375,232086300,0.0014954660428805333,0.0014943489471183314,0.12655817438652311,6590.10423828125
2021-12-14,6665.3828125,6671.31298828125,6598.69482421875,6615.63720703125,187591100,-0.007089119098080299,-0.007114366293883002,0.12778586697235292,6595.56326171875
2021-12-15,6615.72412109375,6662.83984375,6610.4521484375,6626.2568359375,196016500,0.0016052314499597209,0.0016039444430676283,0.12714122640111608,6602.327421875
2021-12-16,6648.2880859375,6661.94482421875,6579.36376953125,6594.7978515625,185929900,-0.004747625266256272,-0.004758931036992465,0.12654076605060002,6605.8769140625
2021-12-17,6584.88720703125,6609.044921875,6559.30322265625,6601.93212890625,210214300,0.001081803795101921,0.001081219067045731,0.1172903789787954,6609.58763671875
2021-12-20,6571.34521484375,6579.12890625,6533.52294921875,6547.11181640625,181341400,-0.008303677079619098,-0.00833834465174582,0.12007300414471947,6610.8944921875
2021-12-21,6545.537109375,6579.89208984375,6531.56494140625,6554.30908203125,186470700,0.0010993039109190583,0.0010987001188349306,0.11856835357000346,6612.78673828125
2021-12-22,6572.53515625,6592.1669921875,6529.5927734375,6529.5927734375,187213900,-0.003771001380070693,-0.003778129531597209,0.11879199753139026,6613.653251953125
2021-12-23,6537.59912109375,6570.287109375,6531.77783203125,6555.55078125,209975800,0.003975440538665387,0.00396755935547216,0.1195429720514934,6614.02619140625
2021-12-24,6559.0888671875,6583.85986328125,6554.97998046875,6562.89990234375,176357600,0.0011210531866781004,0.0011204252757916055,0.09429095227829594,6612.7619140625
2021-12-27,6570.55810546875,6588.42578125,6562.55419921875,6575.44384765625,179010000,0.0019113418609386645,0.0019095175712749012,0.09085464704200216,6611.604033203125
2021-12-28,6588.1337890625,6615.94580078125,6586.52001953125,6598.3427734375,191799500,0.003482491267781329,0.003476441436653689,0.08166479744051143,6610.39552734375
2021-12-29,6603.755859375,6621.5791015625,6585.39599609375,6600.6767578125,200549500,0.00035372281421874874,0.00035366026905276607,0.07991286740640653,6609.2891015625
2021-12-30,6609.44287109375,6613.72802734375,6581.48193359375,6581.48193359375,192017600,-0.002908008515343674,-0.002912244987230625,0.06955045275536247,6608.259296875
2022-01-03,6586.259765625,6677.19921875,6586.1328125,6665.30810546875,182552700,0.012736671272639555,0.012656242088497586,0.07800356258346425,6608.690703125
2022-01-04,6675.1298828125,6720.6572265625,6675.1298828125,6695.373046875,185900100,0.004510660412169409,0.0045005178717591405,0.07900870327978295,6610.084228515625
2022-01-05,6703.171875,6738.10986328125,6634.8388671875,6662.298828125,179080500,-0.004939861979077809,-0.004952103427948555,0.07683027364327576,6610.19146484375
2022-01-06,6674.85205078125,6679.85107421875,6593.22900390625,6653.35107421875,179990500,-0.0013430430151942785,-0.0013439457057899985,0.07709157352831585,6611.214306640625
2022-01-07,6669.51123046875,6712.14697265625,6647.712890625,6701.31591796875,157064700,0.0072091256293178585,0.0071832641014328525,0.0782852183914028,6614.7591015625
2022-01-10,6697.3759765625,6725.02392578125,6689.2822265625,6691.1240234375,159382400,-0.0015208795788781426,-0.001522037290200097,0.07850067936501418,6616.754658203125
2022-01-11,6705.7958984375,6727.76708984375,6636.5009765625,6647.97021484375,181053500,-0.006449410957350632,-0.006470298263848314,0.0818927023299057,6618.656279296875
2022-01-12,6662.39501953125,6690.3232421875,6625.7568359375,6647.06494140625,192900600,-0.00013617290815759464,-0.00013618218052982616,0.07761305080434988,6621.732080078125
2022-01-13,6659.97314453125,6667.94091796875,6626.3388671875,6658.35595703125,180765500,0.001698646804947801,0.0016972057361443061,0.07763553947778012,6623.8566015625
2022-01-14,6653.64599609375,6699.4130859375,6631.0458984375,6693.40087890625,140467300,0.005263299544385536,0.005249496794161298,0.07721282287623377,6625.99576171875
2022-01-17,6711.40576171875,6711.82177734375,6625.86279296875,6645.0478515625,148626000,-0.0072239849694542,-0.007250204297203206,0.08222810672916576,6627.261015625
2022-01-18,6654.958984375,6667.40478515625,6534.27001953125,6614.05908203125,172778900,-0.0046634381306920325,-0.004674345883255903,0.07802920986337424,6626.896259765625
2022-01-19,6609.83203125,6615.451171875,6575.380859375,6591.98095703125,171354300,-0.0033380598398312644,-0.003343643590971411,0.07916870282563272,6625.3373828125
2022-01-20,6607.798828125,6637.20703125,6587.76513671875,6626.87109375,158271000,0.00529281515619906,0.005278857438810641,0.0795280678629207,6624.211904296875
2022-01-21,6626.34814453125,6726.373046875,6607.41796875,6726.373046875,154628300,0.015014922082737137,0.014903313945030723,0.09363757590540314,6624.912529296875
2022-01-24,6700.82177734375,6712.26220703125,6645.4091796875,6655.166015625,176239200,-0.010586244734535177,-0.010642677651790909,0.10277738593617305,6624.994765625
2022-01-25,6630.8779296875,6632.953125,6523.92919921875,6568.1728515625,213235100,-0.013071524265248602,-0.013157708501972818,0.11375174376367155,6624.037646484375
2022-01-26,6569.81787109375,6601.3369140625,6549.52099609375,6600.81884765625,226349800,0.004970331450090182,0.004958020130103497,0.11448108262834589,6623.0298828125
2022-01-27,6586.85400390625,6627.40576171875,6570.75,6611.1611328125,177817500,0.001566818510694734,0.001565592331205395,0.11460886233463717,6621.737021484375
2022-01-28,6618.7177734375,6645.51123046875,6603.4912109375,6645.51123046875,192680600,0.0051957737780379265,0.005182322319167971,0.11540543779610063,6621.917861328125
2022-01-31,6656.70703125,6669.9111328125,6626.65576171875,6631.15087890625,182548300,-0.002160909983367376,-0.0021632481182854648,0.1063044630273538,6620.135615234375
2022-02-02,6657.7919921875,6716.59716796875,6650.30322265625,6707.65185546875,214830000,0.011536606233142788,0.011470567018414571,0.11310332755035113,6619.820927734375
2022-02-03,6724.39892578125,6730.59814453125,6648.078125,6683.85107421875,202406000,-0.003548303007198439,-0.003554613165638802,0.11238326542243657,6619.9404296875
2022-02-04,6697.94287109375,6731.39111328125,6685.40380859375,6731.39111328125,177332600,0.007112671801721149,0.007087496059014366,0.11484347942966683,6620.90271484375
2022-02-07,6751.34912109375,6806.72998046875,6748.9091796875,6804.93701171875,225856300,0.010925809717458268,0.010866554276880144,0.11834201070163575,6623.01453125
2022-02-08,6813.18408203125,6860.75,6780.4169921875,6789.52197265625,255862800,-0.0022652728505720976,-0.002267842462430621,0.11856276582821551,6627.57390625
2022-02-09,6811.75390625,6840.39404296875,6796.6328125,6834.60595703125,253458500,0.006640229541426956,0.006618280328874929,0.11711441237677926,6632.100224609375
2022-02-10,6859.333984375,6874.35107421875,6814.2109375,6823.64208984375,279507200,-0.0016041696121809057,-0.001605457669946283,0.11748297107285507,6637.894423828125
2022-02-11,6813.60791015625,6825.06201171875,6773.537109375,6815.60693359375,223574800,-0.001177546557132536,-0.00117824040982903,0.11780051821795079,6644.05302734375
2022-02-14,6791.31591796875,6796.7119140625,6698.5087890625,6734.48583984375,202907800,-0.011902255300281217,-0.011973654245398703,0.12549696393518328,6647.06634765625
2022-02-15,6746.35888671875,6807.4970703125,6727.35888671875,6807.4970703125,210390400,0.010841396389430047,0.010783049778615165,0.12740662057083893,6652.446171875
2022-02-16,6821.92578125,6857.64990234375,6821.158203125,6850.1982421875,216253600,0.006272668417474536,0.006253077116743527,0.12661761333972102,6658.5078125
2022-02-17,6836.18310546875,6859.7060546875,6790.5908203125,6835.1171875,229539500,-0.0022015501091080525,-0.002203977083273944,0.12607250958864413,6663.158779296875
2022-02-18,6837.51904296875,6899.41015625,6812.35595703125,6892.81787109375,233754300,0.008441798730133288,0.008406366018128246,0.1276918997767181,6668.9391796875
2022-02-21,6896.751953125,6927.9091796875,6886.1328125,6902.96484375,231576400,0.0014721080472477333,0.0014710255584264606,0.11819219725304574,6674.119833984375
2022-02-22,6879.81884765625,6903.99609375,6823.94482421875,6861.994140625,196218500,-0.005935232766264953,-0.005952916265433165,0.11296615956556691,6678.301279296875
2022-02-23,6878.625,6920.05615234375,6873.81396484375,6920.05615234375,204842700,0.008461390454271411,0.008425793548655044,0.10110258531735086,6683.44498046875
2022-02-24,6912.47705078125,6929.9111328125,6758.86083984375,6817.81982421875,282680700,-0.014773915973264717,-0.01488413721662841,0.118094572121525,6687.4886328125
2022-02-25,6825.37109375,6904.91015625,6822.244140625,6888.1708984375,211896500,0.010318705397412309,0.010265830976197718,0.12201696800805308,6692.7269140625
2022-03-01,6964.69677734375,6996.93505859375,6915.97607421875,6921.44091796875,196006400,0.004830022370495568,0.004818395236958429,0.12189993138917575,6699.259775390625
2022-03-02,6956.6181640625,6973.35791015625,6861.958984375,6868.40185546875,325795100,-0.007663008776439217,-0.007692520490547922,0.12593825460093425,6704.589169921875
2022-03-04,6921.31591796875,6936.98876953125,6895.73095703125,6928.328125,247492300,0.008724921865708168,0.008687079688984791,0.12345406789982986,6712.21349609375
2022-03-07,6905.32421875,6917.93310546875,6843.81201171875,6869.06591796875,261271800,-0.008553608599657703,-0.008590400663203813,0.1274812086526922,6718.5086328125
2022-03-08,6895.630859375,6929.86279296875,6814.18310546875,6814.18310546875,246218500,-0.007989850899003947,-0.008021940801015327,0.12975010891560623,6724.200439453125
2022-03-09,6836.671875,6888.93017578125,6824.0908203125,6864.44091796875,209971800,0.0073754713840410435,0.007348405595463769,0.1266253589994168,6730.3782421875
2022-03-10,6897.1748046875,6924.0078125,6837.72509765625,6924.0078125,194071700,0.00867760320805222,0.008640169211698762,0.12942578304434244,6737.600400390625
2022-03-11,6872.6318359375,6922.60205078125,6853.85791015625,6922.60205078125,174120300,-0.000203027171086112,-0.00020304778389223198,0.1277389118341833,6744.543564453125
2022-03-14,6949.2060546875,6969.9931640625,6918.31298828125,6952.2041015625,193318000,0.004276145091701267,0.004267028363672942,0.1280703812308071,6751.620791015625
2022-03-15,6968.34912109375,6996.32080078125,6894.9208984375,6918.18505859375,189709300,-0.004893274488460997,-0.004905285755039832,0.12956003017999637,6757.97095703125
2022-03-16,6951.35205078125,6992.39501953125,6946.8427734375,6992.39501953125,171297500,0.01072679616242933,0.010669672225935317,0.12492214048483029,6766.18921875
2022-03-17,7016.5322265625,7032.7021484375,6949.166015625,6964.384765625,197411300,-0.0040058168664687255,-0.004013861641971251,0.12194022875132335,6772.170751953125
2022-03-18,6981.26220703125,7000.587890625,6926.4140625,6954.96484375,198102900,-0.0013525849291806669,-0.0013535004978587112,0.12069222596282157,6777.362587890625
2022-03-21,6945.89306640625,6974.15380859375,6929.93408203125,6955.18115234375,216686100,3.110132094263918e-05,3.1100837306584775e-05,0.12022434409359349,6783.220234375
2022-03-22,6974.97705078125,7003.259765625,6968.201171875,7000.82177734375,188258200,0.0065621044226318315,0.006540667544986972,0.11884783811035082,6790.1696484375
2022-03-23,7010.8388671875,7022.0439453125,6976.1591796875,6996.115234375,214242900,-0.0006722843572424253,-0.0006725104417052992,0.11892544532351798,6796.065634765625
2022-03-24,6986.18310546875,7049.68505859375,6977.833984375,7049.68505859375,264967400,0.007657081455082038,0.007627914799895848,0.11866430995570093,6803.23685546875
2022-03-25,7050.55322265625,7055.3408203125,6978.39892578125,7002.5322265625,201857500,-0.006688643767677194,-0.00671111299388189,0.11885614644120131,6810.328095703125
2022-03-28,6996.31787109375,7051.541015625,6987.22314453125,7049.60302734375,174012100,0.006721968462022554,0.006699476768066608,0.10552575601815542,6818.378857421875
2022-03-29,7052.73486328125,7072.77783203125,7007.91015625,7011.68896484375,185204100,-0.0053781840414190984,-0.005392698537689942,0.10322469630007763,6825.445517578125
2022-03-30,7037.2021484375,7055.8662109375,7022.65185546875,7053.18994140625,194572800,0.005918827371063307,0.005901379924106492,0.10384126342940903,6832.641298828125
2022-03-31,7070.76123046875,7099.4970703125,7049.81005859375,7071.44189453125,178707400,0.0025877586278870712,0.0025844161456453603,0.0987911624153208,6841.1691796875
2022-04-01,7093.69921875,7099.3017578125,7040.4912109375,7078.759765625,157645900,0.0010348485079696434,0.001034313421376311,0.09502544470982693,6850.463193359375
2022-04-04,7082.2470703125,7116.2177734375,7060.2138671875,7116.2177734375,173611100,0.005291606023190454,0.005277654671102039,0.0888699794693575,6860.9479296875
2022-04-05,7122.9140625,7148.298828125,7110.11083984375,7148.298828125,184230300,0.004508160895138502,0.004498029575477992,0.08137438056947109,6871.376484375
2022-04-06,7128.412109375,7147.9921875,7090.22412109375,7104.2158203125,216736400,-0.006166922910253225,-0.006186016920679573,0.08456317796449146,6878.93333984375
2022-04-07,7115.0869140625,7145.16796875,7097.90380859375,7127.3671875,204797800,0.003258820927329653,0.003253522478421604,0.08079140282567798,6888.37736328125
2022-04-08,7157.30908203125,7216.494140625,7151.2587890625,7210.8349609375,207396700,0.011710884432036384,0.01164284272875521,0.08818585008858727,6901.23060546875
2022-04-11,7212.0029296875,7355.2998046875,7194.60791015625,7203.7939453125,334575500,-0.0009764494213420072,-0.0009769264586387033,0.08839342733532009,6913.290107421875
2022-04-12,7205.0771484375,7320.23681640625,7146.5859375,7214.78076171875,253923400,0.0015251430690073065,0.0015239812194913081,0.08482050870102532,6925.3625
2022-04-13,7240.18896484375,7266.39892578125,7212.85791015625,7262.77685546875,245926100,0.006652467390924066,0.006630437378384826,0.08050944471147863,6937.7078125
2022-04-14,7265.31982421875,7282.90576171875,7234.3330078125,7235.5322265625,238683900,-0.003751268894587545,-0.003758322549376621,0.08026535325765022,6949.795439453125
2022-04-18,7245.50390625,7277.0751953125,7243.36083984375,7275.2890625,210765700,0.005494666417426464,0.005479625808173528,0.08024559361546406,6961.14818359375
2022-04-19,7283.4169921875,7297.39404296875,7199.23193359375,7199.23193359375,214778100,-0.010454172783083138,-0.010509201503195238,0.09197810623620065,6971.45580078125
2022-04-20,7226.8720703125,7262.55810546875,7184.96484375,7227.36181640625,266258400,0.003907344987905903,0.003899731142315053,0.09061152870933623,6981.37521484375
2022-04-21,7249.4970703125,7294.671875,7245.72607421875,7276.19287109375,177135800,0.00675641484789824,0.006733692567118218,0.09195995898813293,6990.80033203125
2022-04-22,7251.98095703125,7291.47998046875,7174.81005859375,7225.60595703125,249844600,-0.006952387733352605,-0.006976668184467245,0.09460113699447831,6999.52201171875
2022-04-25,7204.1611328125,7234.31494140625,7121.85986328125,7215.97900390625,212314600,-0.0013323385169698998,-0.0013332268690766228,0.09044667515198285,7007.14947265625
2022-04-26,7208.9228515625,7247.47509765625,7161.6591796875,7232.15283203125,197362000,0.0022413906853449017,0.0022388825164011993,0.08840948873508161,7015.3196875
2022-04-27,7211.7109375,7226.01904296875,7175.06689453125,7196.76416015625,201981800,-0.004893241707816687,-0.00490525281320261,0.08793733517175514,7022.94283203125
2022-04-28,7260.27001953125,7267.11181640625,7204.59912109375,7228.9140625,194334400,0.004467271905579828,0.00445732326429397,0.08708095559450486,7032.831396484375
2022-05-09,7154.9169921875,7156.48388671875,6896.9990234375,6909.7509765625,212774700,-0.04415090332767391,-0.04515522705926305,0.18596990283529752,7034.876474609375
2022-05-10,6747.56298828125,6832.09814453125,6662.61181640625,6819.7939453125,193141700,-0.013018852858102892,-0.01310434090444173,0.1904780628519735,7034.268388671875
2022-05-11,6833.19384765625,6902.2158203125,6796.2958984375,6816.203125,0,-0.0005265291504837899,-0.000526667815633243,0.18869787586182998,7033.890107421875
2022-05-12,6802.328125,6802.328125,6576.30908203125,6599.83984375,194742800,-0.031742493186043386,-0.03225720764655076,0.2148104439972041,7028.030546875
2022-05-13,6586.5771484375,6633.01416015625,6509.87890625,6597.9931640625,177689000,-0.00027980674246952386,-0.0002798458956798147,0.2150330915922046,7021.93111328125
2022-05-17,6603.89306640625,6703.05078125,6574.13623046875,6644.466796875,195947200,0.007043601237059383,0.0070189109490967185,0.21705303682659338,7017.58056640625
2022-05-18,6676.39404296875,6804.9072265625,6648.94091796875,6793.4140625,192322000,0.022416737140601217,0.022169174949824143,0.22964886849250493,7015.047724609375
2022-05-19,6719.7568359375,6851.7177734375,6620.68408203125,6823.3349609375,234684500,0.004404397871559995,0.004394726897401766,0.2310580264349572,7015.15802734375
2022-05-20,6839.01611328125,6965.10595703125,6804.9072265625,6918.14404296875,193153300,0.01389483039804107,0.01379918223378124,0.23804622735442482,7015.757490234375
2022-05-23,6930.93896484375,6972.18017578125,6802.712890625,6840.77490234375,181821900,-0.011183511089745801,-0.011246516739902223,0.23780895281919498,7014.144169921875
2022-05-24,6859.22216796875,6941.6669921875,6822.14013671875,6914.14111328125,197751100,0.010724839215563664,0.010667736046180711,0.24265707512290974,7015.058955078125
2022-05-25,6914.64501953125,6944.48291015625,6858.69580078125,6883.50390625,173878500,-0.004431093686011023,-0.004440940079264783,0.24100351542026832,7014.162470703125
2022-05-27,6948.22607421875,7032.82177734375,6938.29296875,7026.255859375,196905500,0.020738268630222656,0.020526158259241412,0.2526772338151709,7017.30626953125
2022-05-30,7052.1728515625,7069.2509765625,6974.6162109375,7037.56494140625,201457000,0.0016095460025356,0.0016082520716099583,0.2521923615881403,7021.77390625
2022-05-31,7064.22607421875,7148.97021484375,7033.755859375,7148.97021484375,279640300,0.015830088157628985,0.0157060991054543,0.2579431680906301,7027.4644921875
2022-06-02,7130.60107421875,7209.0791015625,7117.97900390625,7148.72314453125,227362900,-3.4560266034766585e-05,-3.456086325452087e-05,0.25694275363835134,7031.958798828125
2022-06-03,7176.68212890625,7233.9951171875,7170.69287109375,7182.9609375,240581300,0.004789357802300831,0.004777925316533209,0.2576057478492375,7037.1659765625
2022-06-06,7163.173828125,7194.5361328125,7056.1748046875,7096.58203125,231204100,-0.012025529165701432,-0.012098420804647972,0.26079122494516555,7040.05353515625
2022-06-07,7101.31298828125,7192.54296875,7062.9658203125,7141.044921875,275161800,0.006265395147862174,0.006245849159425286,0.2615487528323402,7044.510732421875
2022-06-08,7133.4970703125,7220.0849609375,7102.86181640625,7193.31396484375,260589300,0.00731952305868222,0.007292865351875999,0.26243771194993665,7048.529111328125
2022-06-09,7186.89208984375,7257.9970703125,7174.81982421875,7182.830078125,270045800,-0.001457448787858917,-0.0014585118994228604,0.202183438845064,7052.898017578125
2022-06-10,7143.2412109375,7160.1162109375,7051.22314453125,7086.64794921875,244570500,-0.01339056163936947,-0.013481023675825213,0.20255921073294517,7055.5316796875
2022-06-13,6992.22998046875,6996.7138671875,6924.9521484375,6995.44189453125,262879000,-0.0128701263758354,-0.012953663986087703,0.20924221171161408,7056.33689453125
2022-06-14,6949.64794921875,7049.8818359375,6932.7138671875,7049.8818359375,234982700,0.007782201929060317,0.007752076787975121,0.1683441706355779,7057.318095703125
2022-06-15,7031.19921875,7086.3818359375,6966.02685546875,7007.0498046875,274136800,-0.006075567257263659,-0.0060940986131375365,0.17122372913959624,7057.536787109375
2022-06-16,7063.0771484375,7138.49609375,7025.93115234375,7050.326171875,268578900,0.006176118108729423,0.006157124057499866,0.17098310899512845,7057.549609375
2022-06-17,6987.751953125,6999.5390625,6882.64404296875,6936.966796875,281566500,-0.01607860008693085,-0.016209263257436768,0.16805562121461354,7056.23830078125
2022-06-20,6937.0078125,6976.376953125,6859.59912109375,6976.376953125,270432200,0.005681179887981225,0.0056651028478188585,0.16845144191951716,7054.773779296875
2022-06-21,6976.3359375,7049.9091796875,6967.623046875,7044.07080078125,235393100,0.009703295580369531,0.00965652094315394,0.16491699186944983,7055.421416015625
2022-06-22,7044.11083984375,7063.2587890625,6968.296875,6984.31103515625,214189700,-0.008483697469135576,-0.00851988886712711,0.16251960815332303,7054.043837890625
2022-06-23,6984.31103515625,7010.27294921875,6920.73486328125,6998.26708984375,212119400,0.0019982006266976438,0.0019962068793217594,0.1585719993451119,7052.580341796875
2022-06-24,6998.34814453125,7067.7470703125,6997.919921875,7042.93701171875,201464700,0.00638299757661831,0.006362712521466166,0.15864978692046744,7051.86388671875
2022-06-27,7043.01806640625,7070.51904296875,6973.658203125,7016.05517578125,181378000,-0.0038168502561887196,-0.0038241530174144105,0.14185179321692096,7049.860634765625
2022-06-28,7016.13623046875,7016.9169921875,6960.07177734375,6996.4560546875,172583900,-0.0027934673549039335,-0.0027973763663297815,0.14202131467547394,7046.823779296875
2022-06-29,6996.4560546875,7016.05615234375,6942.35107421875,6942.35107421875,164738900,-0.007733198071400826,-0.007763254301732865,0.13095796000164334,7043.586484375
2022-06-30,6942.35107421875,6990.86181640625,6897.67578125,6911.58203125,164820700,-0.004432078216703106,-0.00444192899241047,0.13125297652268517,7039.27078125
2022-07-01,6911.58203125,6940.97998046875,6777.31689453125,6794.328125,157368000,-0.016964843319495992,-0.01711039479444631,0.1396799297106123,7030.94064453125
2022-07-04,6794.3681640625,6796.51904296875,6559.63720703125,6639.171875,172853700,-0.022836143198485814,-0.02310092677303725,0.15412680107757068,7019.648203125
2022-07-05,6639.2119140625,6767.8291015625,6639.2119140625,6703.26611328125,181055000,0.009653950746869366,0.009607649121588208,0.15732617643086694,7009.41791015625
2022-07-06,6703.26611328125,6709.921875,6602.89697265625,6646.41015625,140628200,-0.00848182901743988,-0.008518004430199106,0.15334926642910626,6997.090576171875
2022-07-07,6646.41015625,6682.6669921875,6632.38720703125,6652.5869140625,157996000,0.0009293374419108158,0.0009289058752303666,0.15409684216685543,6985.431669921875
2022-07-08,6652.6669921875,6740.21923828125,6652.6669921875,6740.21923828125,157598800,0.01317266882053203,0.013086663673506516,0.16075150251029713,6974.7302734375
2022-07-11,6740.01904296875,6757.0869140625,6690.6162109375,6722.14501953125,163555700,-0.002681547604170942,-0.0026851493933012505,0.15596096826789518,6965.18853515625
2022-07-12,6722.18505859375,6745.42578125,6708.17578125,6718.2939453125,184326800,-0.0005728936533740958,-0.0005730578196460051,0.15180626260537997,6955.007177734375
2022-07-13,6718.2939453125,6727.9228515625,6636.048828125,6640.990234375,169282000,-0.011506449638369332,-0.01157316106484968,0.15478698065021476,6942.303125
2022-07-14,6640.990234375,6700.05322265625,6607.7021484375,6690.0869140625,131271000,0.0073929757392754425,0.0073657816420857345,0.15575889851791855,6931.592744140625
2022-07-15,6690.0869140625,6716.9560546875,6645.90283203125,6651.90478515625,145685800,-0.005707269486438404,-0.005723618182886508,0.14787511536482828,6920.311259765625
2022-07-18,6652.06494140625,6702.07421875,6611.92578125,6659.2529296875,143740000,0.0011046677257990911,0.0011040580293735466,0.14556758160084482,6908.85326171875
2022-07-19,6659.29296875,6740.0751953125,6626.2548828125,6736.091796875,170776400,0.011538661768641711,0.011472599108402953,0.1476777827395694,6899.639814453125
2022-07-20,6736.171875,6880.7568359375,6736.06396484375,6874.7431640625,182468200,0.02058335476541795,0.020374380250987714,0.1658654170153038,6892.556396484375
2022-07-21,6874.783203125,6893.3759765625,6809.7158203125,6864.130859375,156437900,-0.0015436656227356682,-0.0015448583020698221,0.16555229001904248,6891.643994140625
2022-07-22,6864.130859375,6901.72021484375,6850.48876953125,6886.9619140625,199589800,0.003326139194493649,0.0033206198289221925,0.16411166129387775,6892.987353515625
2022-07-25,6887.0419921875,6908.19189453125,6858.4072265625,6858.4072265625,210616100,-0.0041461950648651325,-0.0041548143647389514,0.16418811117880536,6893.831435546875
2022-07-26,6858.44677734375,6899.92919921875,6857.80078125,6871.537109375,320241300,0.0019144215819744126,0.0019125914124161181,0.16440717524123033,6899.265380859375
2022-07-27,6871.4970703125,6911.89990234375,6861.44677734375,6898.2158203125,276772700,0.00388249535916807,0.003874977925379952,0.1631496109574524,6905.269833984375
2022-07-28,6898.2958984375,6984.5322265625,6898.2958984375,6956.81689453125,287336500,0.008495105944089643,0.008459225593304077,0.1652390636535461,6911.5168359375
2022-07-29,6956.89697265625,7032.35302734375,6951.123046875,6951.123046875,292504000,-0.0008184558746581194,-0.000818790992532773,0.15202918375012414,6914.671015625
2022-08-01,6951.123046875,7005.29296875,6949.634765625,6968.783203125,238507600,0.002540619138937439,0.002537397222088139,0.12210085857169474,6917.57998046875
2022-08-02,6968.783203125,6991.39208984375,6902.6298828125,6988.1572265625,216232400,0.002780115677699868,0.0027762583037524912,0.1191412329433291,6918.980244140625
2022-08-03,6988.1572265625,7046.634765625,6971.73583984375,7046.634765625,225842100,0.008368091496313568,0.00833327312602203,0.11416993966888506,6923.09744140625
2022-08-04,7046.634765625,7075.56005859375,7025.05419921875,7057.34814453125,248154300,0.0015203539366779317,0.0015191993687180302,0.11405231695568727,6925.96158203125
2022-08-05,7057.34814453125,7090.76708984375,7045.98193359375,7084.65478515625,173887000,0.0038692494781003006,0.0038617831854405923,0.1077055529211073,6929.984599609375
2022-08-08,7084.65478515625,7100.80810546875,7050.82421875,7086.84912109375,219012400,0.00030973082020846476,0.0003096828635201586,0.10631189284325987,6931.19646484375
2022-08-09,7086.84912109375,7144.2021484375,7086.84912109375,7102.8798828125,263201500,0.002262043602852426,0.0022594890338608104,0.10564926325975466,6932.502763671875
2022-08-10,7102.8798828125,7104.0341796875,7021.6728515625,7086.23583984375,200438400,-0.002343280928771563,-0.002346030708037223,0.09338423969902128,6931.248076171875
2022-08-11,7086.27587890625,7181.10009765625,7086.27587890625,7160.384765625,246280600,0.010463795935824471,0.010409429348180609,0.09576046150440677,6931.48130859375
2022-08-12,7160.384765625,7164.669921875,7113.5791015625,7129.27685546875,240074700,-0.004344446726604723,-0.004353911257331827,0.09413994141299929,6930.407626953125
2022-08-15,7129.27685546875,7156.919921875,7081.30419921875,7093.27587890625,228243500,-0.005049737482825334,-0.005062530492881953,0.09862918218717542,6930.34150390625
2022-08-16,7093.27587890625,7147.97021484375,7080.7529296875,7133.453125,231209400,0.005664131323755095,0.005648150448714135,0.09418275082481557,6930.18966796875
2022-08-18,7133.453125,7186.55810546875,7125.39404296875,7186.55810546875,239294800,0.007444498413067047,0.007416924897523258,0.07048355267098166,6930.05455078125
2022-08-19,7186.59814453125,7230.11083984375,7172.43408203125,7172.43408203125,232876500,-0.001965339071947625,-0.0019672728849290328,0.07079789260039711,6929.846630859375
2022-08-22,7172.43408203125,7174.283203125,7064.5009765625,7107.98291015625,204493100,-0.008985955275136792,-0.009026572477233529,0.08102571201705729,6930.273330078125
2022-08-23,7107.86279296875,7183.2587890625,7106.8349609375,7163.26513671875,260557700,0.0077774844511104835,0.007747395727938328,0.08086835716905176,6933.629794921875
2022-08-24,7163.30517578125,7204.419921875,7154.64404296875,7194.7060546875,221550000,0.004389188082343232,0.0043795836897338345,0.08123566880895035,6936.526279296875
2022-08-25,7194.7060546875,7210.1630859375,7146.31201171875,7174.2080078125,280881500,-0.002849045773266168,-0.002853112029311444,0.0829947838930375,6939.869443359375
2022-08-26,7174.2880859375,7194.0810546875,7135.248046875,7135.248046875,273878800,-0.005430559149535941,-0.0054453582384096835,0.08323204944355926,6941.567880859375
2022-08-29,7135.087890625,7135.087890625,7015.34716796875,7132.044921875,256806700,-0.000448915717990106,-0.00044901651081715355,0.08311946368164264,6945.469443359375
2022-08-30,7132.0849609375,7223.1259765625,7131.6162109375,7159.47314453125,308273200,0.0038457725598619596,0.003838396481668679,0.08350689884493091,6949.1313671875
2022-08-31,7159.51318359375,7178.58984375,7073.22216796875,7178.58984375,256857200,0.0026701265348487713,0.002666568079935189,0.08348295148657563,6951.821748046875
2022-09-01,7178.58984375,7197.05615234375,7135.02490234375,7153.10400390625,252393900,-0.0035502571394212534,-0.003556574258328824,0.0809096281945026,6955.197607421875
2022-09-02,7153.10400390625,7207.615234375,7146.81103515625,7177.17919921875,284827600,0.0033656990446877533,0.003360047756464811,0.08140415086158778,6958.775849609375
2022-09-05,7177.13916015625,7245.40087890625,7147.97607421875,7231.8828125,309176400,0.007621882046250805,0.007592982257580558,0.08426712564786862,6962.554765625
2022-09-06,7231.9228515625,7287.7001953125,7230.79296875,7233.15478515625,346421400,0.0001758840248422544,0.00017586855906058643,0.08428360036722891,6966.8967578125
2022-09-07,7233.15478515625,7243.52294921875,7166.6259765625,7186.7568359375,328200100,-0.006414621364659201,-0.006435283455339123,0.08815211183192051,6970.7027734375
2022-09-08,7186.7568359375,7277.8837890625,7186.56396484375,7232.01708984375,277671500,0.006297729969090504,0.006277982135357888,0.08964895986151489,6976.49609375
2022-09-09,7232.05712890625,7270.296875,7206.3720703125,7242.65576171875,273581100,0.001471051816227087,0.00146997087945023,0.08256450285924183,6983.117568359375
2022-09-12,7242.69580078125,7276.419921875,7218.4638671875,7254.4638671875,300778400,0.0016303557503261068,0.001629028163153509,0.0805374315613752,6992.320283203125
2022-09-13,7254.4638671875,7345.4560546875,7254.416015625,7318.01611328125,285339000,0.008760433197717354,0.008722283247636384,0.08192143402900257,7005.89716796875
2022-09-14,7317.89599609375,7317.89599609375,7219.31982421875,7278.078125,250200100,-0.005457488431703239,-0.005472434926713927,0.08404318384766098,7017.393408203125
2022-09-15,7278.1982421875,7377.4951171875,7278.1982421875,7305.60107421875,274253400,0.0037816232178395914,0.003774490856372756,0.08130660772039787,7030.5772265625
2022-09-16,7305.60107421875,7306.1630859375,7163.0732421875,7168.8701171875,351796400,-0.018715907923547825,-0.018893266971657396,0.1071103236013328,7040.902890625
2022-09-19,7168.9501953125,7231.416015625,7151.615234375,7195.48779296875,252816300,0.0037129527172536925,0.003706076723218053,0.10234746713825672,7050.00826171875
2022-09-20,7195.56787109375,7252.18603515625,7186.24609375,7196.951171875,279749000,0.00020337452419560975,0.00020335384640057417,0.09881373577771525,7059.504384765625
2022-09-21,7196.87109375,7204.90185546875,7134.78515625,7188.31396484375,246224300,-0.001200120276625416,-0.0012008409976569216,0.09768805241786778,7068.90478515625
2022-09-22,7188.19384765625,7225.55078125,7127.45703125,7218.90576171875,282626800,0.004255768045833497,0.004246737876143035,0.09822998449696226,7080.463095703125
2022-09-23,7219.02587890625,7219.02587890625,7172.533203125,7178.5830078125,205509000,-0.005585715513849454,-0.005601373959053124,0.09835271987346958,7090.233017578125
2022-09-26,7178.5029296875,7178.5029296875,7039.2412109375,7127.5029296875,193399700,-0.007115621295931129,-0.007141058066586359,0.10183800151035,7099.74498046875
2022-09-27,7127.5029296875,7133.4111328125,7075.65380859375,7112.44921875,227195500,-0.002112059593100679,-0.0021142931364349794,0.10102638182337396,7108.80890625
2022-09-28,7112.4091796875,7156.97998046875,7073.47314453125,7077.03076171875,193422200,-0.004979783467258914,-0.004992223906596678,0.10166972070383065,7115.627685546875
2022-09-29,7077.11083984375,7135.5009765625,7023.2109375,7036.1982421875,214141900,-0.005769724748424521,-0.005786433912778072,0.10279890076818983,7118.856787109375
2022-09-30,7036.1982421875,7056.169921875,6926.85986328125,7040.7978515625,208540900,0.000653706620632466,0.0006534930475305685,0.10178176122734803,7122.390126953125
2022-10-03,7040.7978515625,7047.6240234375,6995.06201171875,7009.7177734375,179996500,-0.004414283548575759,-0.004424055265555724,0.0972260663076105,7124.845244140625
2022-10-04,7009.8369140625,7101.47216796875,7009.8369140625,7072.255859375,216377800,0.008921626798511273,0.008882064220399912,0.1039657195929235,7129.122216796875
2022-10-05,7072.294921875,7131.8798828125,7070.212890625,7075.384765625,219700600,0.00044241983211801283,0.00044232199332023983,0.10215691716699357,7133.199169921875
2022-10-06,7075.384765625,7135.908203125,7066.47119140625,7076.623046875,177554400,0.00017501256695129364,0.00017499725403860691,0.09880576344624949,7136.767314453125
2022-10-07,7076.623046875,7081.01806640625,7008.14404296875,7026.783203125,226928900,-0.0070428852038415535,-0.0070678033860288505,0.10050950035752133,7138.166640625
2022-10-10,7026.6630859375,7026.6630859375,6947.71923828125,6994.39501953125,220135300,-0.004609247597015087,-0.004619902933383445,0.10036613734596063,7139.032080078125
2022-10-11,6994.39501953125,7001.96923828125,6937.80908203125,6939.14501953125,237406700,-0.007899182108776936,-0.007930545922605302,0.09438347539718445,7138.43931640625
2022-10-12,6939.14501953125,6990.587890625,6870.2822265625,6909.208984375,225826800,-0.004314081212021148,-0.004323413710816618,0.09401645937084745,7136.8603515625
2022-10-13,6909.208984375,6933.7080078125,6880.625,6880.625,175237300,-0.004137084931088664,-0.004145666343150306,0.09105011088147213,7133.54015625
2022-10-14,6880.6650390625,6943.85498046875,6814.52978515625,6814.52978515625,188093100,-0.009605989985466468,-0.009652425116809835,0.07395536611038533,7128.6837890625
2022-10-17,6814.52978515625,6836.97509765625,6747.3798828125,6831.115234375,217793900,0.0024338361914386653,0.002430879209037302,0.07265526925602066,7123.612998046875
2022-10-18,6831.15478515625,6891.98486328125,6809.98486328125,6834.494140625,204836800,0.0004946346436958127,0.0004945123523051511,0.07281136281640395,7118.5658984375
2022-10-19,6834.494140625,6883.9169921875,6806.11376953125,6860.416015625,165404100,0.0037928008228023113,0.0037856262890909494,0.07614271417126732,7113.71662109375
2022-10-20,6860.416015625,6986.205078125,6847.06689453125,6980.65185546875,225664700,0.017526027513478093,0.01737421787327995,0.10129559710079511,7111.60494140625
2022-10-21,6980.69189453125,7058.9111328125,6974.962890625,7017.77099609375,181511700,0.005317431866469713,0.005303344243558937,0.10307391981106852,7108.752666015625
2022-10-24,7017.81103515625,7092.169921875,7017.4609375,7053.0439453125,203913800,0.005026232579886658,0.005013643239924948,0.10270609925929744,7107.2280078125
2022-10-25,7053.083984375,7108.81591796875,7032.5419921875,7048.3798828125,223456200,-0.0006612836296163715,-0.0006615023740758404,0.10253727477220813,7106.330087890625
2022-10-26,7048.419921875,7081.8798828125,7017.93505859375,7043.93896484375,187797900,-0.0006300622331067984,-0.0006302608057287128,0.10113528524848307,7104.5398046875
2022-10-27,7043.97900390625,7104.85302734375,7043.97900390625,7091.76123046875,188078500,0.006789136854206124,0.006766194445492018,0.1018086548645092,7102.6438671875
2022-10-28,7091.76123046875,7100.80810546875,7016.7021484375,7056.0400390625,186703600,-0.0050369986023752755,-0.005049727039906147,0.10361212923609628,7100.315986328125
2022-10-31,7056.0400390625,7113.11279296875,7051.42919921875,7098.89013671875,192397100,0.006072825185093889,0.006054459897510615,0.10420746497732163,7100.134130859375
2022-11-01,7098.93017578125,7128.13623046875,7018.5517578125,7052.30322265625,193069500,-0.006562563043697622,-0.006584191337172113,0.10241340751565844,7097.914892578125
2022-11-02,7052.30322265625,7074.23291015625,6976.87109375,7015.68994140625,165214300,-0.005191677115126914,-0.005205200697783883,0.10393724716013425,7094.3345703125
2022-11-03,7015.68994140625,7050.380859375,6962.85302734375,7034.5732421875,176601600,0.0026915814323267284,0.0026879656137501974,0.10451040805025062,7091.541875
2022-11-04,7034.5732421875,7045.52685546875,6973.31884765625,7045.52685546875,180561000,0.0015571112708812063,0.0015559002301134147,0.10154228793336274,7089.747451171875
2022-11-07,7045.52685546875,7102.39599609375,7011.56396484375,7102.39599609375,194075900,0.008071666149545464,0.008039264492459428,0.10360476671102697,7089.15447265625
2022-11-08,7102.43603515625,7111.43994140625,7039.251953125,7050.1259765625,193397800,-0.0073594910168340855,-0.007386705677091341,0.10301560571507078,7086.967529296875
2022-11-09,7050.0859375,7073.5517578125,7037.30712890625,7070.083984375,187445600,0.0028308725090655518,0.0028268731355174568,0.10141947799644924,7084.797412109375
2022-11-10,7070.083984375,7070.083984375,6956.2880859375,6966.8369140625,188518000,-0.014603372539941262,-0.014711051386697468,0.11479034664515023,7081.0720703125
2022-11-11,6966.99609375,7106.06005859375,6966.99609375,7089.2060546875,226055800,0.017564519183447258,0.01741204584121605,0.12259484255120286,7079.312607421875
2022-11-14,7089.2060546875,7104.76416015625,7014.2978515625,7019.39208984375,174641100,-0.009847924338098224,-0.009896735870884011,0.12959749061149814,7075.06279296875
2022-11-15,7019.39208984375,7048.39013671875,6999.23583984375,7035.5,167825000,0.002294772816517243,0.002292143846535253,0.12959545838694522,7071.109697265625
2022-11-16,7035.5,7046.9990234375,6955.52880859375,7014.3837890625,165129900,-0.003001380276810406,-0.003005893451357754,0.13021236032461775,7067.662236328125
2022-11-17,7014.3837890625,7051.27490234375,6965.76220703125,7044.98583984375,156588900,0.004362756829611625,0.0043532675955042,0.11607674978670897,7063.921611328125
2022-11-18,7045.02587890625,7094.09716796875,7027.74609375,7082.18115234375,167164400,0.005279685913580856,0.005265797235697941,0.11605603994990633,7060.712119140625
2022-11-21,7082.18115234375,7107.3232421875,7050.44091796875,7063.2470703125,162801100,-0.002673481745801398,-0.0026770618804974463,0.1152589916347452,7056.887783203125
2022-11-22,7063.2470703125,7108.8310546875,7030.587890625,7030.587890625,177602200,-0.004623819521303418,-0.004634542441452325,0.11645110588957228,7051.13921875
2022-11-23,7030.626953125,7089.69384765625,7026.39111328125,7054.123046875,157476700,0.0033475374486653386,0.0033419469180464155,0.1170750812767313,7046.6601171875
2022-11-24,7054.162109375,7104.88916015625,7054.162109375,7080.51513671875,159926700,0.0037413707796665197,0.003734389260227834,0.11525643714830908,7042.1583984375
2022-11-25,7080.55419921875,7086.56201171875,7013.22119140625,7053.14990234375,158716200,-0.0038648648928221174,-0.003872352782489883,0.11465723177671525,7039.843994140625
2022-11-28,7053.10986328125,7083.37890625,7011.453125,7017.35791015625,187211500,-0.005074611015371544,-0.0050875305802278465,0.11364421985680419,7036.281396484375
2022-11-29,7017.31787109375,7036.5380859375,6990.90087890625,7012.06884765625,164098100,-0.000753711377945443,-0.0007539955611697907,0.11141972003839093,7032.58375
2022-11-30,7012.10888671875,7081.31298828125,6993.69580078125,7081.31298828125,273493300,0.009874994403134663,0.009826555275598867,0.11532533138281437,7030.44373046875
2022-12-01,7081.19482421875,7090.27685546875,7018.26904296875,7020.80322265625,167994300,-0.008544992394085238,-0.00858171015990714,0.11931393971662309,7026.4816796875
2022-12-02,7020.80322265625,7021.81396484375,6967.9501953125,7019.63916015625,139459800,-0.00016580189802839485,-0.00016581564468259166,0.11915382045127498,7023.302802734375
2022-12-05,7019.63916015625,7053.90283203125,6987.328125,6987.328125,165306000,-0.0046029481600206035,-0.004613574346297389,0.11599483726069068,7020.499306640625
2022-12-06,6987.3681640625,6987.3681640625,6862.56494140625,6892.56982421875,149697900,-0.013561449968581551,-0.013654246355298567,0.12264604132670304,7016.10171875
2022-12-07,6892.56982421875,6892.6630859375,6799.2998046875,6818.751953125,158724300,-0.010709774870088729,-0.010767537294201244,0.12626843930970894,7010.936142578125
2022-12-08,6818.791015625,6821.05078125,6683.62890625,6804.22705078125,162316700,-0.0021301408884794037,-0.002132412865576043,0.11675881525956323,7006.29671875
2022-12-09,6804.22705078125,6804.22705078125,6695.3818359375,6715.1181640625,127123900,-0.013096107177746008,-0.013182617316814728,0.10167257248502659,6999.783125
2022-12-12,6715.1181640625,6734.4521484375,6641.81005859375,6734.4521484375,134471100,0.0028791726225265712,0.002875035743654753,0.09978989179296673,6994.2778125
2022-12-13,6734.4912109375,6826.1162109375,6714.8720703125,6810.31591796875,396136700,0.011265024661115453,0.011202046794274653,0.1094976916112947,6989.039013671875
2022-12-14,6810.35595703125,6854.09814453125,6774.1318359375,6801.7490234375,215430000,-0.0012579290938099508,-0.0012587209507487242,0.10938134449109285,6983.566298828125
2022-12-15,6801.7890625,6801.837890625,6740.955078125,6751.85986328125,145093400,-0.0073347546321308466,-0.007361786205971785,0.10891474333927087,6977.07103515625
2022-12-16,6751.85986328125,6812.19287109375,6693.76513671875,6812.19287109375,156126900,0.008935761261961384,0.008896073598400533,0.11287242571296754,6972.779228515625
2022-12-19,6812.15380859375,6827.81494140625,6754.087890625,6779.6982421875,127896600,-0.0047700688340952535,-0.004781481921040428,0.11330022016220621,6968.48529296875
2022-12-20,6779.6982421875,6792.203125,6715.044921875,6768.31591796875,151817000,-0.0016788836039813848,-0.0016802945084432894,0.11289047923484284,6965.0687109375
2022-12-21,6768.31591796875,6820.6630859375,6763.69677734375,6820.6630859375,139079800,0.0077341496175993285,0.007704394404814876,0.11657937585951332,6963.29779296875
2022-12-22,6820.7021484375,6844.12109375,6800.6171875,6824.43212890625,129012900,0.0005525918699196275,0.0005524392472550509,0.11515678491175027,6962.173935546875
2022-12-23,6824.39306640625,6824.39306640625,6784.5869140625,6800.6728515625,120430300,-0.0034815024744861978,-0.003487577007324952,0.11507487190054909,6961.896796875
2022-12-26,6800.712890625,6858.14697265625,6796.1669921875,6835.80810546875,117543200,0.005166437891241493,0.0051531376412743725,0.11694744699152383,6961.990654296875
2022-12-27,6835.84716796875,6933.88916015625,6835.662109375,6923.02685546875,121669200,0.012759098654367307,0.012678387167309057,0.12707649570551452,6963.76130859375
2022-12-28,6923.06591796875,6953.0390625,6828.14013671875,6850.52001953125,120571100,-0.010473285378089225,-0.010528516201977249,0.1253721001837199,6963.563388671875
2022-12-29,6850.52001953125,6879.5849609375,6786.98193359375,6860.0771484375,141016100,0.0013950953911530117,0.0013941231497191181,0.12304300209225595,6961.15189453125
2022-12-30,6860.1162109375,6888.73583984375,6838.5888671875,6850.619140625,129302000,-0.0013787028349461217,-0.0013796541201599442,0.12298861713512872,6957.808857421875
2023-01-02,6850.740234375,6856.88916015625,6823.47900390625,6850.98388671875,109645000,5.32427925510337e-05,5.324137520386318e-05,0.12239422698565501,6953.76765625
2023-01-03,6850.98388671875,6908.001953125,6838.57421875,6888.7578125,156894900,0.00551364977729385,0.0054985052525945936,0.11474273245864491,6950.57521484375
2023-01-04,6888.798828125,6900.60302734375,6813.23876953125,6813.23876953125,142541400,-0.010962650310004651,-0.011023182966345463,0.11506323849451099,6945.9612109375
2023-01-05,6813.27978515625,6813.421875,6621.98681640625,6653.8408203125,180589300,-0.023395327040581115,-0.023673342439321142,0.14241295703822507,6937.202802734375
2023-01-06,6653.759765625,6708.63720703125,6598.64599609375,6684.55810546875,109855600,0.004616474301951667,0.004605851066510053,0.1362915317808958,6929.7731640625
2023-01-09,6684.55810546875,6726.9658203125,6638.64599609375,6688.26513671875,135949700,0.0005545663889086061,0.0005544126737962835,0.13583893723638535,6921.5606640625
2023-01-10,6688.26513671875,6690.22900390625,6570.2431640625,6622.4990234375,144817300,-0.0098330601339639,-0.009881723941979576,0.13264904766878072,6912.964580078125
2023-01-11,6622.5390625,6622.794921875,6557.919921875,6584.453125,124903900,-0.005744945873582319,-0.005761511551544223,0.1335461210243241,6904.33984375
2023-01-12,6584.494140625,6662.22900390625,6574.0888671875,6629.93408203125,148901900,0.006907324901223255,0.006883578618725169,0.13499294366415715,6896.247060546875
2023-01-13,6629.93408203125,6658.47607421875,6600.59423828125,6641.830078125,165594900,0.0017942857269110934,0.0017926779192331446,0.13042592652289545,6888.173125
2023-01-16,6641.830078125,6688.05712890625,6627.69677734375,6688.05712890625,154893500,0.006959986967070897,0.0069358780582654935,0.13284684289120938,6879.88634765625
2023-01-17,6688.05712890625,6801.87109375,6688.05712890625,6767.33984375,217634400,0.011854371653179374,0.011784658981976578,0.13991286357983904,6874.230625
2023-01-18,6767.17822265625,6790.1640625,6721.4638671875,6765.7861328125,194959200,-0.0002295896132562536,-0.00022961597298620185,0.13691521374416254,6868.14466796875
2023-01-19,6765.74609375,6820.98486328125,6754.5517578125,6819.9072265625,154234600,0.00799923211990472,0.007967407863077905,0.1400951544638594,6865.20607421875
2023-01-20,6819.9072265625,6874.93115234375,6819.5322265625,6874.93115234375,173846000,0.00806813406008522,0.008035760678428396,0.1422809049490775,6860.920576171875
2023-01-24,6874.93115234375,6906.791015625,6841.0068359375,6860.85400390625,196805400,-0.0020476057324153585,-0.0020497049430931113,0.1414804618736205,6857.749814453125
2023-01-25,6860.85400390625,6871.36376953125,6821.27978515625,6829.93017578125,187905300,-0.0045072855518268895,-0.004517473989675744,0.13432336645657023,6853.63841796875
2023-01-26,6829.97021484375,6874.869140625,6815.78515625,6864.81787109375,171067600,0.005108060319007457,0.005095058436367361,0.13052021808321007,6850.647099609375
2023-01-27,6864.81787109375,6932.708984375,6864.81787109375,6898.98095703125,149187500,0.0049765465856499436,0.0049642045080367635,0.13159890981915384,6847.727001953125
2023-01-30,6899.02197265625,6925.46923828125,6834.0810546875,6872.48095703125,134698100,-0.0038411469991074254,-0.0038485431501189744,0.13230248327391858,6843.532998046875
2023-01-31,6872.52099609375,6880.9599609375,6827.2431640625,6839.341796875,151785000,-0.0048220082912482365,-0.004833671682312839,0.13348636154186663,6839.054892578125
2023-02-01,6838.916015625,6893.18408203125,6838.916015625,6862.2578125,145899200,0.0033506171069663804,0.00334501629676095,0.1325069293107623,6835.688291015625
2023-02-02,6862.2578125,6896.73193359375,6855.3671875,6890.57177734375,189189500,0.004126042130357499,0.004117553360530409,0.12687282939655542,6832.417265625
2023-02-03,6890.7138671875,6951.966796875,6890.7138671875,6911.73193359375,202858400,0.0030708853972865047,0.0030661798597080574,0.08896032645587511,6829.0416015625
2023-02-06,6911.73193359375,6924.8828125,6835.7578125,6873.791015625,143480000,-0.005489350329740406,-0.005504472178066275,0.09206824568440386,6825.454423828125
2023-02-07,6873.791015625,6946.23388671875,6873.791015625,6935.30078125,173101600,0.00894844860502464,0.008908648495415322,0.09575752266004753,6823.81328125
2023-02-08,6935.30078125,6961.9189453125,6912.10888671875,6940.1240234375,172668200,0.0006954625818882398,0.0006952208598527644,0.08542710545757062,6822.374384765625
2023-02-09,6940.1240234375,6961.15185546875,6896.0400390625,6897.365234375,176681300,-0.006161098694792644,-0.0061801565820282225,0.08596506768571031,6818.6954296875
2023-02-10,6895.23779296875,6895.23779296875,6803.41796875,6880.3291015625,140803700,-0.002469947905266112,-0.002473003258672875,0.08579485655841072,6815.885947265625
2023-02-13,6880.3291015625,6915.14404296875,6871.8828125,6900.14013671875,213914100,0.0028793731904119824,0.0028752357357084623,0.08587068669454043,6813.495966796875
2023-02-14,6900.14013671875,6941.85498046875,6900.14013671875,6941.85498046875,162808100,0.006045506746742202,0.006027305989194362,0.08522318888006862,6812.58650390625
2023-02-15,6941.85498046875,6946.0341796875,6872.869140625,6914.5380859375,148477900,-0.003935100143709014,-0.0039428630221077475,0.07899440028363806,6813.025869140625
2023-02-16,6914.5380859375,6933.28076171875,6875.30078125,6895.6640625,173648600,-0.0027296145025053065,-0.002733346693346745,0.0800362811234814,6814.564111328125
2023-02-17,6895.6640625,6919.091796875,6868.27978515625,6895.7138671875,180098400,7.2226093164040606e-06,7.222583233486983e-06,0.07564783360369409,6816.39384765625
2023-02-20,6895.85595703125,6910.5048828125,6863.6708984375,6894.716796875,175859700,-0.00014459276177980485,-0.00014460321632096387,0.07029922985413976,6819.9858203125
2023-02-21,6894.716796875,6923.6728515625,6870.9111328125,6873.40478515625,144215700,-0.0030910641215038392,-0.00309585132779185,0.07082823629304559,6822.764873046875
2023-02-22,6873.26318359375,6875.39013671875,6781.22900390625,6809.9677734375,149215500,-0.009229343200584994,-0.009272197470185253,0.07669932006931685,6822.75791015625
2023-02-23,6810.10888671875,6839.4541015625,6806.9970703125,6839.4541015625,124488600,0.004329877777103697,0.004320530827375111,0.07604378766900298,6823.51201171875
2023-02-24,6839.4541015625,6880.31201171875,6839.4541015625,6856.576171875,130300200,0.002503426451621049,0.002500298099600083,0.07431420729574137,6825.606337890625
2023-02-27,6856.576171875,6871.11181640625,6819.8720703125,6854.77685546875,127631500,-0.0002624219962188423,-0.0002624564348960014,0.07312911349199583,6826.458017578125
2023-02-28,6854.77685546875,6890.35400390625,6843.23876953125,6843.23876953125,167931100,-0.0016832183134152245,-0.0016846365170148077,0.071272853499235,6827.728828125
2023-03-01,6843.09814453125,6889.51416015625,6833.18896484375,6844.93603515625,146293200,0.0002480208103445847,0.0002479900582680676,0.07020121902977351,6829.26123046875
2023-03-02,6845.078125,6875.09814453125,6841.86181640625,6857.4150390625,136086000,0.0018231001490967014,0.0018214403190712717,0.06881971833713467,6829.99626953125
2023-03-03,6857.4150390625,6884.1162109375,6804.47607421875,6813.63623046875,118736600,-0.006384156179022105,-0.006404622055481663,0.07096078042167338,6829.7803515625
2023-03-06,6813.9189453125,6856.56884765625,6801.18994140625,6807.0009765625,137055800,-0.0009738198051399971,-0.0009742942757040037,0.06869087354740588,6829.9069140625
2023-03-07,6806.85888671875,6812.958984375,6758.0009765625,6766.7578125,140398600,-0.005912025604383309,-0.0059295708137515404,0.061595288613940216,6828.525908203125
2023-03-08,6766.7578125,6776.3701171875,6728.19091796875,6776.3701171875,144130900,0.0014205185044073865,0.0014195105224551348,0.061948208271599255,6825.5927734375
2023-03-09,6776.3701171875,6824.6640625,6776.3701171875,6799.794921875,113187000,0.0034568366665932437,0.003450875540532766,0.06109377144102959,6824.578271484375
2023-03-10,6799.794921875,6799.794921875,6741.41015625,6765.3017578125,131746200,-0.005072677111413348,-0.005085586814293155,0.06277315054296695,6822.682763671875
2023-03-13,6765.01806640625,6812.8740234375,6727.44287109375,6786.955078125,141798000,0.0032006436797138438,0.0031955325228223697,0.0630345312075675,6821.409482421875
2023-03-14,6786.671875,6786.671875,6635.3759765625,6641.81396484375,166605500,-0.02138530631343849,-0.0216172852321111,0.09260813556555295,6817.226083984375
2023-03-15,6641.81396484375,6709.86083984375,6628.13720703125,6628.13720703125,139210500,-0.0020591901376481037,-0.00206131318466526,0.09238152042628148,6812.013671875
2023-03-16,6628.13720703125,6630.76806640625,6542.7919921875,6565.72802734375,154420700,-0.00941579477583765,-0.00946040361071739,0.09599404159568155,6807.06345703125
2023-03-17,6565.72802734375,6683.09423828125,6565.72802734375,6678.23681640625,455755600,0.017135767517927114,0.016990606207410167,0.11813889594835053,6807.551376953125
2023-03-20,6678.23681640625,6678.23681640625,6587.68896484375,6612.490234375,128905000,-0.00984490125742954,-0.009893682727707274,0.12156228353403228,6806.11001953125
2023-03-21,6612.490234375,6691.61083984375,6609.22314453125,6691.61083984375,145475100,0.011965326626486528,0.011894308051518334,0.13118160222427652,6806.17693359375
2023-03-24,6694.01708984375,6776.90478515625,6692.166015625,6762.25390625,146575100,0.010556959766043317,0.010501624175989273,0.1340699242310472,6808.97203125
2023-03-27,6762.25390625,6772.59521484375,6704.751953125,6708.93310546875,135182600,-0.00788506340052808,-0.007916314901389852,0.1354434244363397,6811.461630859375
2023-03-28,6708.93310546875,6764.65478515625,6708.93310546875,6760.328125,126113300,0.0076606844521009965,0.007631490411722344,0.13837672411025218,6814.06951171875
2023-03-29,6760.328125,6851.505859375,6760.328125,6839.43603515625,143324900,0.011701785578085433,0.011633849156573053,0.1451603522355838,6818.021630859375
2023-03-30,6839.43603515625,6868.6328125,6803.0927734375,6808.951171875,140466800,-0.004457218859062473,-0.004467181874958668,0.14589434424619416,6820.43951171875
2023-03-31,6809.0927734375,6831.55322265625,6789.60986328125,6805.27685546875,139015200,-0.0005396303062690233,-0.000539775959104225,0.14588539545378126,6821.198251953125
2023-04-03,6805.27685546875,6849.35791015625,6805.126953125,6827.1748046875,127453100,0.0032177896188239075,0.0032126236129219493,0.14623567575493637,6822.426025390625
2023-04-04,6827.033203125,6859.69287109375,6781.52392578125,6833.17822265625,131576400,0.0008793414758661022,0.0008789550816488963,0.1444250310181321,6822.6914453125
2023-04-05,6833.17822265625,6867.3369140625,6816.43017578125,6819.6748046875,123965500,-0.0019761548036282273,-0.0019781099737693876,0.14457192671133212,6821.586318359375
2023-04-06,6819.6748046875,6832.72998046875,6786.287109375,6792.76513671875,172852900,-0.003945887265805359,-0.00395369281895048,0.1436473932979937,6820.224541015625
2023-04-10,6792.76513671875,6799.494140625,6735.19287109375,6771.23486328125,129368500,-0.0031695889676969236,-0.0031746227543129326,0.1440517083041275,6819.050634765625
2023-04-11,6771.23486328125,6811.31396484375,6738.76611328125,6811.31396484375,161404500,0.005919023984803484,0.0059015753809521275,0.1450977883143298,6817.980556640625
2023-04-12,6811.455078125,6833.744140625,6775.2841796875,6798.9638671875,151427200,-0.0018131740395457285,-0.0018148198292976237,0.14401245330937326,6815.98021484375
2023-04-13,6798.541015625,6816.884765625,6764.6591796875,6785.59814453125,161495800,-0.00196584699041491,-0.001967781803723554,0.1437769745751427,6814.24255859375
2023-04-14,6785.8798828125,6838.07177734375,6785.7001953125,6818.57421875,137035000,0.004859715166794398,0.004847944869169197,0.11970007154919568,6813.82720703125
2023-04-17,6818.71484375,6829.509765625,6765.14208984375,6787.58203125,94860100,-0.004545259244194577,-0.0045556203428334194,0.12095361522000317,6812.33369140625
2023-04-18,6787.58203125,6839.7587890625,6784.1728515625,6821.80712890625,103660800,0.005042310722533916,0.005029640846276406,0.11481367285098733,6810.9583984375
2023-04-26,6821.80712890625,6910.14697265625,6821.59912109375,6910.14697265625,120164300,0.012949624942586668,0.012866495444241254,0.10838375147624642,6810.92669921875
2023-04-27,6910.84814453125,6971.91015625,6877.64990234375,6945.47705078125,161595900,0.005112782443673414,0.005099756551684359,0.09982879357297673,6812.360419921875
2023-04-28,6945.47705078125,6958.6728515625,6897.708984375,6915.7158203125,130620700,-0.004284980031055263,-0.004294186868143618,0.09599505220862858,6811.968720703125
2023-05-02,6915.7158203125,6920.3359375,6814.34423828125,6863.3017578125,136480100,-0.007578978642536427,-0.007607845045561333,0.09536109509078994,6810.432275390625
2023-05-03,6863.3017578125,6865.61181640625,6776.89599609375,6812.72216796875,121306900,-0.00736957103571545,-0.007396860481343775,0.09475145827571324,6808.7394140625
2023-05-04,6812.72216796875,6846.1240234375,6780.0869140625,6844.02685546875,137517900,0.004595033633865819,0.004584508696130452,0.092412350325079,6808.013369140625
2023-05-05,6844.02685546875,6851.5859375,6733.77587890625,6787.630859375,148189400,-0.008240177498527235,-0.008274315425528617,0.08783532829934079,6805.76318359375
2023-05-08,6787.4912109375,6798.32177734375,6756.6611328125,6769.630859375,179625500,-0.002651882574777664,-0.002655405044201214,0.08694816734483779,6802.318701171875
2023-05-09,6769.630859375,6793.76611328125,6742.17919921875,6779.97998046875,172097200,0.0015287570783002469,0.0015275897187859888,0.0871786407005914,6799.6275390625
2023-05-10,6780.40087890625,6820.123046875,6775.19287109375,6811.90478515625,181480200,0.004708687161240288,0.004697635971334724,0.08810101117449344,6797.952353515625
2023-05-11,6811.90478515625,6814.1240234375,6717.4248046875,6755.93798828125,162906200,-0.008216027475451027,-0.008249965045024833,0.09258445084003443,6795.1568359375
2023-05-12,6755.93798828125,6755.93798828125,6704.56591796875,6707.76318359375,173779500,-0.007130735180083558,-0.007156280382005002,0.09541155115538419,6791.417763671875
2023-05-15,6708.4638671875,6729.2998046875,6656.64794921875,6711.740234375,142578400,0.0005929026819220251,0.0005927269845711001,0.09479854693425736,6788.18447265625
2023-05-16,6711.740234375,6729.07421875,6659.0732421875,6676.56396484375,156372400,-0.0052410058051844954,-0.005254788052425489,0.09582980590854423,6785.516396484375
2023-05-17,6676.423828125,6706.59521484375,6661.4677734375,6663.11376953125,180449300,-0.002014538523606446,-0.002016570435706746,0.09266015526631576,6781.98958984375
2023-05-19,6663.11376953125,6715.03076171875,6662.7490234375,6700.56103515625,161565100,0.005620084981324602,0.005604351226226871,0.09559687669801065,6778.869287109375
2023-05-22,6700.56103515625,6757.6240234375,6675.876953125,6729.64697265625,167491100,0.00434082121592394,0.004331427027360343,0.0971170871594864,6776.366689453125
2023-05-23,6729.64697265625,6772.64697265625,6727.06787109375,6736.68408203125,162216500,0.0010456877461169078,0.0010451413955272916,0.0953055456827169,6774.235595703125
2023-05-24,6736.68408203125,6755.8828125,6713.89306640625,6745.80419921875,137679300,0.0013537991505088165,0.0013528835906684578,0.09435940663567272,6772.252958984375
2023-05-25,6745.80419921875,6749.712890625,6702.52978515625,6704.23095703125,156986800,-0.006162829658221458,-0.006181898277723518,0.09433913416218007,6769.18927734375
2023-05-26,6704.23095703125,6727.2861328125,6669.23583984375,6687.0009765625,181504900,-0.0025700159465239514,-0.002573324106738556,0.07923330247539837,6766.656572265625
2023-05-29,6687.28076171875,6708.3671875,6617.23681640625,6681.10205078125,164801800,-0.0008821481859992986,-0.0008825375076867823,0.07522713191758762,6764.13859375
2023-05-30,6681.10205078125,6700.23779296875,6636.4228515625,6636.4228515625,173775000,-0.006687399605507571,-0.006709860454703076,0.07670382946306423,6761.53189453125
2023-05-31,6636.4228515625,6657.64990234375,6562.955078125,6633.26123046875,615071900,-0.00047640440708285325,-0.0004765179237170455,0.07399329849103942,6758.669716796875
2023-06-05,6633.26123046875,6663.71484375,6598.509765625,6633.43701171875,152714500,2.6499973978522107e-05,2.6499622860414743e-05,0.07105251466818,6755.34255859375
2023-06-06,6633.43701171875,6677.56787109375,6602.00390625,6618.9228515625,231838500,-0.0021880301464548557,-0.002190427381869664,0.06755189803139496,6752.41498046875
2023-06-07,6619.06298828125,6638.5810546875,6578.755859375,6619.7548828125,162881000,0.00012570493245789294,0.00012569703225492686,0.06309691753333228,6749.0709765625
2023-06-08,6619.7548828125,6666.330078125,6598.419921875,6666.330078125,168616600,0.007035788505315832,0.007011152832129355,0.0692732444032751,6749.561298828125
2023-06-09,6666.0498046875,6703.82421875,6648.958984375,6694.02392578125,182769600,0.004154286891242531,0.004145681665606877,0.0710255730955869,6750.879033203125
2023-06-12,6694.583984375,6722.373046875,6670.52197265625,6722.373046875,158712000,0.004234989508263842,0.004226047178421628,0.07057399419780001,6754.01193359375
2023-06-13,6722.373046875,6744.0380859375,6697.07080078125,6719.01416015625,176568000,-0.0004996578879702396,-0.0004997827585695307,0.06463321263461243,6754.82748046875
2023-06-14,6718.8740234375,6744.64404296875,6672.85595703125,6699.716796875,178279800,-0.002872052777576073,-0.002876185035092338,0.06022371326597729,6756.57201171875
2023-06-15,6699.716796875,6717.4560546875,6660.9091796875,6713.794921875,151187300,0.0021013015067392615,0.0020990968606054415,0.060675938000987154,6757.015693359375
2023-06-16,6713.51513671875,6726.4560546875,6669.3359375,6698.546875,172061800,-0.0022711517185785013,-0.0022737346952719562,0.05811025617482356,6755.741552734375
2023-06-19,6698.546875,6705.0380859375,6669.0498046875,6686.05908203125,161424500,-0.0018642540243103412,-0.0018659939085710145,0.058037715388200434,6755.284072265625
2023-06-20,6686.05908203125,6692.44091796875,6626.14892578125,6660.455078125,118276600,-0.003829461210574814,-0.0038368123704789225,0.055955176946307986,6753.286611328125
2023-06-21,6660.455078125,6702.625,6635.673828125,6702.625,120273100,0.006331387477336081,0.006311428444920792,0.058511883088675026,6750.550390625
2023-06-22,6702.76513671875,6717.97607421875,6652.26123046875,6652.26123046875,168533600,-0.007514036594804319,-0.007542409185590246,0.06378820429488763,6747.416591796875
2023-06-23,6652.26123046875,6665.6630859375,6635.48193359375,6639.73291015625,113447100,-0.0018833175484928022,-0.0018850932207737908,0.0634876316260443,6744.105712890625
2023-06-26,6639.73291015625,6674.06005859375,6622.18408203125,6664.66796875,126037100,0.0037554309685572385,0.003748396942709524,0.06207670828836032,6740.855576171875
2023-06-27,6664.66796875,6679.6259765625,6652.90380859375,6661.87890625,142328900,-0.00041848483871631537,-0.00041857242793379184,0.06149673755837612,6737.42958984375
2023-07-03,6661.73583984375,6696.7158203125,6660.82421875,6696.7158203125,125551000,0.005229292599392199,0.00521566732855723,0.06432806672315915,6734.97041015625
2023-07-04,6696.85888671875,6713.9931640625,6672.77392578125,6681.75390625,146273000,-0.0022342166614144343,-0.0022367162472310314,0.05983476877718352,6732.750185546875
2023-07-05,6681.75390625,6719.05615234375,6676.93408203125,6718.97705078125,148911000,0.005570864334951242,0.005555404460232404,0.06251346245213145,6731.705029296875
2023-07-06,6718.26318359375,6766.27294921875,6712.07421875,6757.3310546875,179543000,0.005708310002605188,0.005692079338212158,0.06496061136071925,6730.62537109375
2023-07-07,6757.0478515625,6757.0478515625,6711.22314453125,6716.458984375,158332900,-0.0060485523029314425,-0.00606691889371974,0.06877212588719117,6728.9752734375
2023-07-10,6716.458984375,6763.5458984375,6716.458984375,6731.0380859375,123617000,0.002170652958116248,0.002168300494623442,0.06891556834367761,6727.884072265625
2023-07-11,6731.18017578125,6796.923828125,6730.6298828125,6796.923828125,160428000,0.009788347851596324,0.009740752310541567,0.07273603831957379,6727.451064453125
2023-07-12,6796.923828125,6820.17919921875,6785.85595703125,6808.208984375,161722800,0.001660332899907413,0.0016589560710236757,0.07182596807113414,6727.863603515625
2023-07-13,6808.35107421875,6835.73779296875,6783.7412109375,6810.212890625,171443900,0.000294336771182957,0.00029429346261351634,0.07071913160478617,6727.63171875
2023-07-14,6810.212890625,6874.77587890625,6810.212890625,6869.57177734375,160702800,0.008716157287896875,0.008678390882256394,0.0760453341657684,6726.82021484375
2023-07-17,6869.712890625,6931.27197265625,6867.14404296875,6867.14404296875,176805700,-0.0003534040335683164,-0.0003534664954904179,0.0748095188563873,6725.2535546875
2023-07-18,6867.14404296875,6902.14306640625,6798.43212890625,6830.203125,150363000,-0.00537937135694333,-0.005393892274056722,0.07830690978635303,6723.54330078125
2023-07-20,6830.06103515625,6874.89208984375,6827.9990234375,6864.18896484375,142032500,0.004975816856654713,0.004963478392325265,0.07867920431920049,6723.561044921875
2023-07-21,6864.18896484375,6880.8017578125,6837.64599609375,6880.8017578125,131640100,0.002420212067854699,0.0024172880714719465,0.07791532929183652,6724.92263671875
2023-07-24,6880.8017578125,6929.68408203125,6877.9482421875,6899.39599609375,150084400,0.002702335997420313,0.002698691252239689,0.07546490637515549,6726.03001953125
2023-07-25,6897.97802734375,6944.6201171875,6897.97802734375,6917.7109375,150504400,0.0026545717069463848,0.002651054554453419,0.07363469417951754,6728.63162109375
2023-07-26,6917.7109375,6955.97509765625,6917.4072265625,6948.27880859375,149683800,0.004418784099238016,0.0044090499376846365,0.06580262349728505,6732.204580078125
2023-07-27,6948.27880859375,6966.1669921875,6896.6630859375,6896.6630859375,158624100,-0.0074285623933816325,-0.00745629157364417,0.07294762457730597,6734.5382421875
2023-07-28,6896.80517578125,6904.10498046875,6857.3681640625,6900.22998046875,146686100,0.0005171913557040497,0.0005170576583509328,0.0727621965044079,6736.30474609375
2023-07-31,6900.22998046875,6931.35888671875,6895.0732421875,6931.35888671875,171457600,0.0045112853249980045,0.004501139978282089,0.0729248328069038,6739.8131640625
2023-08-01,6931.0751953125,6934.38720703125,6880.466796875,6886.49609375,196062700,-0.006472438334525155,-0.006493475386667915,0.07772635254224189,6743.387822265625
2023-08-02,6886.49609375,6886.49609375,6833.97998046875,6854.509765625,183858400,-0.0046447899903740986,-0.004655610546543402,0.07967609909109911,6746.243212890625
2023-08-03,6854.509765625,6924.05322265625,6839.7431640625,6898.0771484375,163613400,0.006356017323221108,0.006335903031314596,0.08027795234993998,6750.6734765625
2023-08-04,6898.21923828125,6925.01416015625,6850.89990234375,6852.841796875,118791000,-0.006557675507115279,-0.006579271526041933,0.08316997552383558,6754.468037109375
2023-08-07,6852.841796875,6904.35595703125,6852.841796875,6886.3662109375,134540800,0.004892045527417288,0.004880118355724085,0.08038454874633173,6758.184140625
2023-08-08,6886.5068359375,6915.05078125,6861.634765625,6868.81298828125,170357400,-0.002548981874993861,-0.0025522360603759914,0.08140853399596512,6760.9674609375
2023-08-09,6868.81298828125,6901.06005859375,6863.083984375,6875.11181640625,218491200,0.0009170184332789599,0.0009165982287460534,0.07460264552429184,6763.736015625
2023-08-10,6875.11181640625,6910.7548828125,6875.11181640625,6893.27587890625,162734000,0.0026420024844766576,0.0026385185309727426,0.07487250170251464,6766.68544921875
2023-08-11,6893.27587890625,6906.64501953125,6865.11181640625,6879.97900390625,130736700,-0.0019289631277763508,-0.0019308259731092956,0.07541585925529308,6770.20041015625
2023-08-14,6879.97900390625,6910.171875,6823.75390625,6910.171875,138804900,0.004388512098163044,0.004378910659382963,0.07063161687121053,6774.663828125
2023-08-15,6910.455078125,6928.6298828125,6898.3818359375,6915.10107421875,172760000,0.0007133251253248485,0.0007130708298806725,0.07060327281927194,6779.34380859375
2023-08-16,6915.10107421875,6915.10107421875,6855.88818359375,6900.5380859375,152291200,-0.0021059689692092265,-0.002108189640182747,0.06797354946033833,6784.62611328125
2023-08-18,6899.830078125,6899.830078125,6856.37890625,6859.912109375,130737900,-0.005887363573181537,-0.005904762420605705,0.06946534424466784,6789.159130859375
2023-08-21,6860.05322265625,6890.27587890625,6859.4228515625,6866.033203125,207708300,0.0008922991508353295,0.0008919012886052019,0.06896144123928853,6793.8110546875
2023-08-22,6866.033203125,6927.4482421875,6860.68896484375,6916.4501953125,158573900,0.007342957817995099,0.007316129555717963,0.07326681284257157,6799.7616015625
2023-08-23,6916.4501953125,6959.43212890625,6916.4501953125,6921.41015625,170674700,0.0007171252300581799,0.0007168682186259683,0.07270130325700327,6805.79470703125
2023-08-24,6921.41015625,6937.64892578125,6898.38818359375,6899.39208984375,142846200,-0.00318115324900492,-0.0031862238734796855,0.07161999967621989,6810.455947265625
2023-08-25,6899.39208984375,6906.083984375,6869.6328125,6895.44287109375,129994800,-0.0005724009736761682,-0.0005725648576547174,0.0665539617321465,6814.484326171875
2023-08-28,6895.8681640625,6940.12109375,6895.8681640625,6921.72705078125,185488900,0.0038118189330065277,0.003804572360461415,0.06790780062289309,6818.47140625
2023-08-29,6921.72705078125,6964.73388671875,6921.72705078125,6957.8349609375,244345800,0.0052166041641550365,0.005203044820030383,0.06854624535644278,6823.247822265625
2023-08-30,6958.259765625,7008.48681640625,6958.259765625,6966.65576171875,159326300,0.0012677507918441577,0.0012669478743369412,0.06388625925955119,6828.5866015625
2023-08-31,6966.65576171875,6982.34521484375,6924.22509765625,6953.259765625,233127700,-0.0019228732625716782,-0.001924724356690523,0.06161371877752194,6833.3758984375
2023-09-01,6953.259765625,6992.634765625,6950.26416015625,6977.65380859375,145790000,0.003508288743841792,0.003502149054564853,0.058948508434185,6838.958037109375
2023-09-04,6977.7958984375,7007.8017578125,6974.8232421875,6996.75,154577900,0.002736763951047605,0.002733025831266854,0.05292163856083999,6845.17185546875
2023-09-05,6996.75,7014.47998046875,6972.626953125,6991.7080078125,183173900,-0.0007206191714009824,-0.0007208789422007872,0.05123772279678187,6851.7969140625
2023-09-06,6991.7080078125,7020.966796875,6989.7900390625,6995.953125,165422100,0.0006071645415908211,0.0006069802917767355,0.04973495141865879,6857.6634765625
2023-09-07,6996.09521484375,7003.671875,6927.4208984375,6954.80810546875,191159400,-0.005881260036494362,-0.005898622756218883,0.05530712577770627,6863.7144140625
2023-09-08,6954.80810546875,6966.76611328125,6900.5869140625,6924.77978515625,140402900,-0.004317634628752454,-0.004326982530064746,0.057351260672420405,6869.4153515625
2023-09-11,6924.77978515625,6963.39306640625,6904.36279296875,6963.39306640625,174103700,0.00557610241018347,0.005560613502951661,0.05972687249220438,6875.389853515625
2023-09-12,6963.39306640625,6976.47998046875,6928.22900390625,6933.96923828125,174683500,-0.004225501539895871,-0.004234454200081176,0.06032637039865899,6880.83166015625
2023-09-13,6934.10986328125,6944.82080078125,6903.23486328125,6935.47607421875,163898700,0.00021731217513654144,0.00021728856626607821,0.060293041828994885,6885.606865234375
2023-09-14,6935.3349609375,6968.97705078125,6927.68017578125,6959.3330078125,171813100,0.0034398408037816797,0.003433938083808892,0.060751182143846144,6891.158447265625
2023-09-15,6959.19091796875,7011.87890625,6945.06982421875,6982.791015625,346903000,0.0033707264455036245,0.0033650582807688723,0.056720020038178554,6896.4347265625
2023-09-18,6982.791015625,6999.39794921875,6928.77099609375,6936.0830078125,153763100,-0.0066890170002201765,-0.006711488739725086,0.06280716031074156,6900.009765625
2023-09-19,6936.3671875,6994.037109375,6934.7109375,6980.32080078125,135442200,0.006377921503955886,0.00635766863114187,0.06150780136005064,6905.287001953125
2023-09-20,6980.32080078125,7046.47509765625,6980.32080078125,7011.68115234375,146616600,0.004492680559751605,0.0044826185959823414,0.0631473395597892,6910.89986328125
2023-09-21,7011.68115234375,7021.2939453125,6974.0087890625,6991.4658203125,138027800,-0.0028830934539133546,-0.002887257573468487,0.06291507199588608,6914.790703125
2023-09-22,6991.4658203125,7040.1298828125,6985.958984375,7016.84423828125,155659000,0.003629913757858594,0.003623341520548584,0.06358170757245454,6918.963408203125
2023-09-25,7016.98486328125,7029.76611328125,6994.43896484375,6998.380859375,182991900,-0.0026312938237278427,-0.0026347617621002694,0.06375174109189193,6922.726767578125
2023-09-26,6998.09716796875,7019.5517578125,6913.81689453125,6923.7998046875,222491300,-0.010656901387067541,-0.01071409284605685,0.0727476691375689,6923.811328125
2023-09-27,6923.7998046875,6970.84619140625,6913.35205078125,6937.828125,154929800,0.0020261013761551094,0.002024051600996426,0.07300557595026133,6925.225009765625
2023-09-29,6937.828125,6978.5927734375,6937.828125,6939.89208984375,165659400,0.0002974943752660497,0.0002974501325888065,0.07273788393016326,6927.4187890625
2023-10-02,6939.89208984375,6984.5791015625,6939.61083984375,6961.458984375,157872500,0.0031076700115859612,0.00310285118610062,0.07248927604136886,6929.364189453125
2023-10-03,6961.458984375,6992.626953125,6940.88720703125,6940.88720703125,167668900,-0.002955095676053454,-0.002959470592270582,0.07233781048817403,6930.5658984375
2023-10-04,6940.88720703125,6943.27392578125,6839.85791015625,6886.576171875,196090300,-0.007824797253762061,-0.00785557162036501,0.07703715341363239,6930.309501953125
2023-10-05,6886.98583984375,6934.80419921875,6874.826171875,6874.826171875,167955300,-0.0017062179676436973,-0.001707675215344291,0.0769314529204791,6929.451806640625
2023-10-06,6875.09912109375,6913.01220703125,6875.09912109375,6888.51806640625,142303700,0.001991598651215787,0.0019896180478973084,0.07517274371493247,6928.256591796875
2023-10-09,6888.51806640625,6929.97119140625,6880.5380859375,6891.455078125,139709000,0.0004263633615295692,0.0004262724944988728,0.0738269823041091,6928.152431640625
2023-10-10,6891.455078125,6954.0087890625,6891.455078125,6922.18798828125,123670000,0.004459567654123253,0.00444965324734273,0.0727667303302123,6928.591591796875
2023-10-11,6922.18798828125,6965.8251953125,6914.72119140625,6931.7529296875,178123100,0.0013817800704694072,0.001380826290895809,0.07145460376814824,6928.59947265625
2023-10-12,6931.88916015625,6986.8828125,6931.88916015625,6935.15087890625,218808900,0.0004902005673337317,0.0004900804582857039,0.07147297414428727,6929.572568359375
2023-10-13,6934.8779296875,6973.751953125,6902.05908203125,6926.77978515625,216335000,-0.0012070528667892377,-0.0012077819418479946,0.07040425038661054,6931.01796875
2023-10-16,6926.916015625,6970.59814453125,6878.26318359375,6896.2919921875,341572100,-0.0044014381739236885,-0.004411153019598498,0.07054212853103066,6930.982265625
2023-10-17,6896.2919921875,6948.0390625,6892.23291015625,6939.615234375,176866700,0.006282106708442647,0.006262456529502706,0.07072332415652549,6932.717734375
2023-10-18,6939.615234375,6968.2548828125,6908.2861328125,6927.90576171875,187464900,-0.0016873374475068204,-0.0016887626047107362,0.0668282506329932,6933.548525390625
2023-10-19,6927.6328125,6927.98095703125,6840.365234375,6846.4267578125,205941400,-0.011760986178027344,-0.01183069366756667,0.07560638134014923,6933.10080078125
2023-10-20,6846.4267578125,6869.47412109375,6803.19287109375,6849.16796875,194064800,0.0004003856368393066,0.00040030550389888507,0.07552956161955336,6932.581923828125
2023-10-23,6849.16796875,6853.44921875,6730.8759765625,6741.9638671875,168543100,-0.01565213498218021,-0.015775923044263025,0.08973780664678671,6929.55568359375
2023-10-24,6741.828125,6826.048828125,6738.533203125,6806.76220703125,141478700,0.009611196547510081,0.009565302826033155,0.09860144395325585,6928.09134765625
2023-10-25,6806.89892578125,6878.56005859375,6806.89892578125,6834.38818359375,153802700,0.0040586075614574835,0.0040503936310347065,0.09389581139556132,6926.575673828125
2023-10-26,6833.97900390625,6838.80908203125,6704.52001953125,6714.51904296875,168306200,-0.017539117972952045,-0.017694750762088176,0.11098218685693292,6922.564033203125
2023-10-27,6714.51904296875,6781.39306640625,6713.93701171875,6758.79296875,163096100,0.006593759805866073,0.006572116062013726,0.11460762649546917,6919.729130859375
2023-10-30,6758.6572265625,6775.212890625,6692.77978515625,6735.89208984375,157763400,-0.00338830897944864,-0.003394062298008894,0.11359648302059375,6917.24873046875
2023-10-31,6735.89208984375,6754.51611328125,6666.41015625,6752.2109375,195489700,0.0024226705889269784,0.0024197406537601134,0.1143742442827092,6914.97228515625
2023-11-01,6751.93896484375,6773.98095703125,6639.82421875,6642.41796875,206571400,-0.01626029899928616,-0.016393948427852943,0.12436710631974617,6909.491640625
2023-11-02,6642.68994140625,6784.9951171875,6642.68994140625,6751.38623046875,221191100,0.01640490890988855,0.016271802154972224,0.13995228605582877,6906.091162109375
2023-11-03,6751.38623046875,6826.6181640625,6748.69580078125,6788.85009765625,231714900,0.005549062949239625,0.00553372361920776,0.14148188226242764,6903.880322265625
2023-11-06,6788.85009765625,6878.8359375,6787.22802734375,6878.8359375,228787500,0.013254945763910175,0.013167867603843036,0.1498435319224429,6903.54818359375
2023-11-07,6878.8359375,6887.02294921875,6806.8818359375,6843.7900390625,193087900,-0.005094742592485324,-0.005107765043046044,0.1498422461274086,6901.989443359375
2023-11-08,6843.65380859375,6843.91796875,6760.10205078125,6804.10595703125,151412300,-0.005798553404582019,-0.005815430288004615,0.150774346016381,6898.91486328125
2023-11-09,6804.10595703125,6865.0771484375,6793.76416015625,6838.23291015625,120495400,0.005015641046820285,0.005003104620600206,0.15218230828675636,6896.34640625
2023-11-10,6838.23291015625,6843.95703125,6801.9189453125,6809.26318359375,133618500,-0.004236434608636097,-0.0042454337228317405,0.1526968868229478,6893.466474609375
2023-11-13,6809.26318359375,6857.10302734375,6809.26318359375,6838.31201171875,187630200,0.004266075101193145,0.004257001200283528,0.1531192695047534,6890.679638671875
2023-11-14,6838.0400390625,6886.81005859375,6829.94921875,6862.05517578125,152609900,0.0034720796626144246,0.0034660659101541816,0.15181630346834887,6887.9857421875
2023-11-15,6862.3271484375,6985.5908203125,6862.3271484375,6958.205078125,181839600,0.014011822971505605,0.013914564836229866,0.1601544723352622,6887.31568359375
2023-11-16,6958.3408203125,6964.1689453125,6906.59423828125,6958.0078125,122880300,-2.8350073443483836e-05,-2.835047531441136e-05,0.15372832100468983,6886.55677734375
2023-11-17,6958.14501953125,6977.66796875,6919.6298828125,6977.66796875,122926700,0.002825543859649171,0.002821559514128564,0.15388326266860847,6887.013974609375
2023-11-20,6977.66796875,7011.05908203125,6962.7509765625,6994.88818359375,150491900,0.002467904021927092,0.00246486374783877,0.14067468850846868,6888.416142578125
2023-11-21,6994.88818359375,7010.97802734375,6946.9609375,6961.7900390625,160615900,-0.0047317617755321395,-0.004742992000118194,0.13941793216475254,6888.38408203125
2023-11-22,6961.7900390625,6965.4111328125,6893.5068359375,6906.953125,181914600,-0.007876841122011813,-0.007908027308751594,0.14251860918620884,6887.843759765625
2023-11-23,6907.0888671875,7018.42919921875,6906.60986328125,7004.34423828125,219080000,0.014100445090432068,0.014001958537632357,0.13284892655770886,6889.221123046875
2023-11-24,7004.47998046875,7049.541015625,7000.09716796875,7009.630859375,181146200,0.0007547631746676053,0.0007544784841829445,0.13186029527595639,6890.227080078125
2023-11-27,7009.630859375,7061.8271484375,7008.81298828125,7013.40576171875,163462500,0.0005385308327188199,0.0005383858770296626,0.13052921889664526,6890.839375
2023-11-28,7013.40576171875,7067.14306640625,7010.8251953125,7041.0732421875,167633600,0.003944942216200786,0.003937181335776875,0.13070208292320487,6892.9391796875
2023-11-29,7041.0732421875,7070.19091796875,7020.01220703125,7036.0869140625,167555900,-0.0007081772839861999,-0.0007084281599690843,0.11176051785498183,6894.054501953125
2023-11-30,7036.0869140625,7109.60888671875,7036.0869140625,7080.7412109375,259745500,0.00634646749257084,0.006326413471161136,0.10101199013863617,6895.435703125
2023-12-01,7080.06103515625,7083.85595703125,7022.76513671875,7059.90576171875,265990100,-0.002942552000991916,-0.002946889818723937,0.10198289170236831,6896.804501953125
2023-12-04,7060.0419921875,7149.244140625,7060.0419921875,7093.60009765625,308380600,0.004772632535720467,0.004761279632885563,0.09376085401771525,6898.339619140625
2023-12-05,7093.05615234375,7117.578125,7047.6318359375,7100.85498046875,319577000,0.0010227363697732361,0.001022213731249471,0.09046578138463351,6900.3891015625
2023-12-06,7100.85498046875,7140.1572265625,7085.81201171875,7087.39501953125,272847500,-0.001895540885502145,-0.0018973396966325792,0.0870715541666878,6903.661005859375
2023-12-07,7087.39501953125,7134.623046875,7041.0087890625,7134.623046875,235230700,0.006663665170856259,0.006641561095868836,0.08800046627141316,6907.596904296875
2023-12-08,7134.623046875,7201.62890625,7123.037109375,7159.59814453125,270037600,0.003500549011792531,0.003494436351059317,0.08480386268623291,6911.991025390625
2023-12-11,7139.27587890625,7153.115234375,7045.1728515625,7088.78515625,490104800,-0.009890637274850289,-0.009939874555434146,0.09525109231591378,6914.537548828125
2023-12-12,7104.97216796875,7134.22021484375,7082.8798828125,7125.30712890625,255110500,0.005152077803352473,0.00513885126050719,0.09582283588148302,6918.225947265625
2023-12-13,7110.0771484375,7124.47509765625,7045.94287109375,7075.3408203125,182766500,-0.007012512961166895,-0.007037216185712222,0.08958743631763502,6922.001240234375
2023-12-14,7134.0419921875,7191.1591796875,7115.44677734375,7176.01611328125,228648300,0.014229037939730516,0.014128755343128303,0.10112931847551525,6928.0250390625
2023-12-15,7183.14892578125,7215.93701171875,7169.43017578125,7190.98779296875,207901200,0.002086349786727837,0.0020841763814756034,0.10103946144502375,6934.07443359375
2023-12-18,7181.43408203125,7192.89208984375,7092.02783203125,7119.52490234375,239480200,-0.009937840625299788,-0.00998755057736621,0.10883901195809842,6938.635830078125
2023-12-19,7116.5458984375,7187.84619140625,7112.81787109375,7187.84619140625,155446500,0.009596327002102223,0.009550574725791147,0.1108468943248274,6943.948994140625
2023-12-20,7207.18017578125,7237.9658203125,7196.2412109375,7219.6669921875,142313600,0.004427028616624362,0.004417258150912556,0.10532461111154694,6949.707275390625
2023-12-21,7222.0927734375,7229.2880859375,7173.0078125,7209.619140625,144347800,-0.0013917333823530997,-0.0013927027427554192,0.09625824163270115,6955.196640625
2023-12-22,7225.6201171875,7248.5478515625,7218.1748046875,7237.51904296875,111284900,0.003869816393842429,0.0038623479159394553,0.0965944269026828,6961.41142578125
2023-12-27,7256.158203125,7293.52490234375,7239.6630859375,7245.916015625,124953000,0.0011602004231556773,0.001159527910760582,0.09652905374178249,6968.40390625
2023-12-28,7266.56884765625,7308.205078125,7262.25390625,7303.88818359375,123036000,0.008000667940911699,0.00796883228875068,0.09883989310555023,6975.689365234375
2023-12-29,7307.11083984375,7309.7822265625,7259.68212890625,7272.796875,123172800,-0.004256816070047242,-0.004265902105797355,0.10083921080281147,6982.5871875
2024-01-02,7268.39794921875,7323.587890625,7245.56591796875,7323.587890625,121359000,0.006983697812267042,0.006959424739710897,0.10125238059942224,6992.13041015625
2024-01-03,7316.10888671875,7321.87890625,7275.8740234375,7279.0908203125,159498400,-0.00607585666712096,-0.006094389792114431,0.10374817757332754,7000.7288671875
2024-01-04,7290.06494140625,7371.23486328125,7280.4072265625,7359.76318359375,155674900,0.011082752677866292,0.011021788991155806,0.10860181909725382,7013.084853515625
2024-01-05,7376.2880859375,7403.578125,7350.619140625,7350.619140625,163057200,-0.0012424371193265893,-0.001243209584216654,0.10912501132216437,7023.9619921875
2024-01-08,7362.046875,7393.1318359375,7275.1708984375,7283.5751953125,140602400,-0.009120856900606489,-0.009162706580228384,0.11520479178386926,7032.945732421875
2024-01-09,7299.783203125,7311.63818359375,7180.1572265625,7200.203125,152570700,-0.011446586062042186,-0.011512602486903457,0.12199947138990995,7042.6594140625
2024-01-10,7187.580078125,7259.60107421875,7152.8779296875,7227.296875,152699300,0.0037629146747162334,0.0037558526216827904,0.12208927680251182,7052.0294921875
2024-01-11,7253.4560546875,7277.5009765625,7219.9638671875,7219.9638671875,190523900,-0.0010146266217271327,-0.0010151417037579935,0.1159518118312006,7061.710927734375
2024-01-12,7242.3671875,7271.8720703125,7205.7587890625,7241.13818359375,152196500,0.002932745481245558,0.0029284533729431175,0.11514699239085632,7071.48947265625
2024-01-15,7254.044921875,7281.26123046875,7206.30712890625,7224.0009765625,132959600,-0.002366645490908814,-0.002369450422742057,0.11208116864794758,7083.1211328125
2024-01-16,7231.63916015625,7268.17822265625,7210.02880859375,7242.787109375,130295500,0.00260051637222225,0.002597140880269445,0.10116261771543902,7092.949150390625
2024-01-17,7248.01416015625,7252.45703125,7162.48486328125,7200.634765625,202143100,-0.0058199064964146174,-0.005836908149675325,0.10336259187254263,7101.18484375
2024-01-18,7198.85009765625,7267.080078125,7185.37890625,7252.966796875,158921700,0.007267696939695867,0.007241414495359766,0.09914040338949767,7108.6674609375
2024-01-19,7271.341796875,7277.97900390625,7170.80517578125,7227.40185546875,137359600,-0.0035247564372230533,-0.003530983026974595,0.09483199455801526,7116.339697265625
2024-01-22,7233.1728515625,7247.92822265625,7194.951171875,7247.92822265625,141722200,0.0028400755344699657,0.002836050139764794,0.09407892198439999,7125.216142578125
2024-01-23,7232.51611328125,7256.22900390625,7201.8291015625,7256.22900390625,132610200,0.0011452626178130032,0.001144607304870345,0.09394188373477404,7133.576064453125
2024-01-24,7255.77001953125,7271.9580078125,7170.2978515625,7227.8232421875,128902300,-0.0039146727182202135,-0.0039223551053741154,0.0941149322272152,7141.947265625
2024-01-25,7215.52685546875,7253.72021484375,7176.11181640625,7178.0419921875,130391900,-0.0068874470683560896,-0.006911275004040455,0.09703486909911978,7148.741865234375
2024-01-26,7152.26904296875,7166.68994140625,7099.083984375,7137.087890625,140214300,-0.005705469765581506,-0.0057218081332171536,0.09334108437557123,7154.24251953125
2024-01-29,7147.71484375,7177.69677734375,7115.0361328125,7157.1748046875,160408500,0.0028144411796982016,0.002810488055607692,0.09359260854285023,7158.2219140625
2024-01-30,7147.23583984375,7213.18896484375,7133.61376953125,7192.2158203125,182161800,0.004895928432829377,0.004883982350794613,0.0915783476555941,7162.90607421875
2024-01-31,7213.30712890625,7247.51806640625,7192.64404296875,7207.94091796875,170270400,0.002186405142604153,0.002184018437117337,0.09005854492459259,7167.511533203125
2024-02-01,7221.85205078125,7248.52978515625,7191.69482421875,7201.69580078125,157409100,-0.0008664218059739603,-0.000866797366291663,0.07912450349484085,7171.647685546875
2024-02-02,7221.90087890625,7238.78515625,7180.35693359375,7238.78515625,114364900,0.005150086381700003,0.005136870044262241,0.08213948461035772,7177.187587890625
2024-02-05,7237.3349609375,7254.0888671875,7186.1708984375,7198.615234375,137325900,-0.005549262895351625,-0.005564717254745707,0.07815797044600868,7183.020830078125
2024-02-06,7230.14892578125,7268.1318359375,7212.14013671875,7247.408203125,138020300,0.006778104838414345,0.006755236762467124,0.07084480683429067,7187.882109375
2024-02-07,7264.97607421875,7285.1279296875,7225.44921875,7235.15185546875,138054800,-0.0016911352738439023,-0.0016925668573296718,0.06998158763732791,7192.392529296875
2024-02-12,7268.3349609375,7306.158203125,7250.31005859375,7297.6689453125,178661300,0.008640743289513031,0.008603625729498953,0.07609409580554335,7198.07779296875
2024-02-13,7301.587890625,7301.587890625,7197.8271484375,7209.7412109375,128287400,-0.012048742555179737,-0.01212191702127914,0.0876866194727041,7201.45115234375
2024-02-15,7337.630859375,7365.68212890625,7298.48193359375,7303.28076171875,184420400,0.01297405108512728,0.012890609030385514,0.09875175350957031,7206.795029296875
2024-02-16,7337.81591796875,7370.56982421875,7314.8828125,7335.544921875,146427800,0.00441776253836057,0.004408032870488049,0.09945737918035476,7211.891103515625
2024-02-19,7323.31201171875,7339.755859375,7277.537109375,7296.7021484375,151238000,-0.0052951449212271795,-0.005309213887884441,0.09901852648006171,7216.62703125
2024-02-20,7320.72314453125,7354.10791015625,7309.498046875,7352.60107421875,129972000,0.007660847961735717,0.007631652678270972,0.099371463947785,7221.80705078125
2024-02-21,7345.791015625,7370.8818359375,7286.669921875,7349.02099609375,152570100,-0.0004869131466350707,-0.0004870317273351505,0.09824074554754929,7226.77037109375
2024-02-22,7334.9521484375,7365.76123046875,7321.52294921875,7339.63623046875,154523800,-0.0012770089553408859,-0.0012778250261039957,0.0982143133154096,7231.8151953125
2024-02-23,7326.52685546875,7340.18994140625,7262.10009765625,7295.09521484375,146259500,-0.006068559016603414,-0.00608704755802544,0.10102485671569741,7235.024638671875
2024-02-26,7277.64013671875,7295.14208984375,7252.2841796875,7283.8232421875,147080400,-0.00154514400762229,-0.0015463389737128594,0.10006550807142699,7237.509140625
2024-02-27,7263.98779296875,7292.93115234375,7255.1240234375,7285.31689453125,183851000,0.00020506433147615688,0.00020504330866010572,0.09630010157245954,7241.439775390625
2024-02-28,7292.0751953125,7328.73876953125,7289.2578125,7328.63623046875,220356500,0.0059461155313667025,0.005928507152901186,0.09479672399206947,7245.506357421875
2024-02-29,7326.80322265625,7337.9228515625,7289.341796875,7316.11083984375,230050900,-0.0017091025166354745,-0.0017105646985917323,0.0952140726457342,7250.3217578125
2024-03-01,7318.666015625,7331.31591796875,7269.89404296875,7311.9072265625,134622000,-0.0005745693816388009,-0.0005747345098807433,0.0943026304603488,7253.039580078125
2024-03-04,7318.83203125,7328.384765625,7259.78076171875,7276.7490234375,168064100,-0.004808349181083416,-0.004819946482859245,0.09622182441260306,7254.7548046875
2024-03-05,7296.5341796875,7305.44677734375,7238.3388671875,7247.4599609375,152811800,-0.004025020294868398,-0.004033142491051165,0.097455974929274,7257.313505859375
2024-03-06,7252.0849609375,7331.0810546875,7248.52783203125,7329.80078125,180285900,0.011361334972018078,0.01129727971805884,0.10374738156253831,7260.15259765625
2024-03-07,7338.73193359375,7386.8740234375,7334.30810546875,7373.9638671875,193312700,0.006025141372255405,0.006007062788980163,0.10271727447238299,7263.23853515625
2024-03-08,7398.42919921875,7416.43310546875,7376.15576171875,7381.9072265625,125243200,0.0010772170189694563,0.0010766372370464258,0.1006024282590248,7266.684296875
2024-03-13,7422.3017578125,7441.6162109375,7392.01123046875,7421.20703125,135225800,0.005323800947550028,0.005309679616549793,0.10125950392010624,7270.358056640625
2024-03-14,7405.56689453125,7454.4482421875,7380.64794921875,7433.31494140625,129206200,0.0016315284165049349,0.0016301989198958965,0.09751692324614497,7274.10603515625
2024-03-15,7408.658203125,7416.3388671875,7308.03515625,7328.05419921875,231480500,-0.014160672999493085,-0.014261892018546645,0.10152651350547821,7274.58935546875
2024-03-18,7338.076171875,7358.55078125,7300.94091796875,7302.44921875,155334600,-0.0034941035877545934,-0.003500222224620729,0.09187984370976997,7275.18240234375
2024-03-19,7320.5380859375,7361.52978515625,7314.18017578125,7336.74609375,137594400,0.004696626292441497,0.00468563155518415,0.09206181550180179,7275.44556640625
2024-03-20,7303.92919921875,7343.4599609375,7295.35009765625,7331.1279296875,169731600,-0.0007657569160375299,-0.0007660502576265533,0.08997015127492422,7276.48630859375
2024-03-21,7360.55810546875,7396.47119140625,7336.59521484375,7338.35302734375,139792200,0.0009855369767852729,0.000985051654061786,0.08571592811699627,7276.05810546875
2024-03-22,7327.51416015625,7350.15185546875,7318.43603515625,7350.15185546875,123735900,0.00160783054195357,0.0016065393662369751,0.08591149811439706,7276.048759765625
2024-03-25,7339.52392578125,7377.759765625,7316.92919921875,7377.759765625,124315600,0.0037561006492279336,0.003749064117627474,0.08676269588027383,7277.932451171875
2024-03-26,7337.6611328125,7371.84423828125,7330.4638671875,7365.6640625,138442500,-0.0016394818358490548,-0.0016408272569241218,0.08383545915539198,7281.241669921875
2024-03-27,7364.23095703125,7375.39990234375,7292.7978515625,7310.091796875,125276700,-0.007544773309433039,-0.007573379085136433,0.08837566870793437,7282.897568359375
2024-03-28,7289.158203125,7313.01416015625,7244.9541015625,7288.81298828125,124084200,-0.0029108811742756258,-0.002915126028392936,0.08905533426637952,7284.27455078125
2024-04-01,7286.11376953125,7295.0029296875,7137.4638671875,7205.06103515625,124345600,-0.011490479075214832,-0.011557004728638777,0.09510281473154733,7283.5530078125
2024-04-02,7199.1240234375,7236.98388671875,7153.93896484375,7236.98388671875,127711500,0.004430615008913286,0.004420828729744071,0.09684168131291564,7283.812666015625
2024-04-03,7214.02001953125,7226.35302734375,7158.740234375,7166.84423828125,111040300,-0.009691834268999777,-0.009739105774445552,0.10219623864643869,7282.29380859375
2024-04-04,7170.71923828125,7254.39892578125,7165.8310546875,7254.39892578125,108900300,0.012216630442773102,0.012142609659681641,0.11113738533919962,7283.369091796875
2024-04-05,7245.32177734375,7298.85888671875,7239.27392578125,7286.8818359375,94886600,0.00447768457298503,0.004467689568628707,0.11129812786666814,7284.047392578125
2024-04-16,7130.6279296875,7188.0888671875,7066.5732421875,7164.80712890625,175642500,-0.016752667297169732,-0.016894580409386788,0.11897876845759464,7282.795498046875
2024-04-17,7199.830078125,7234.3740234375,7130.8408203125,7130.8408203125,143541300,-0.0047407149952038985,-0.0047519878261666525,0.11651265414563312,7280.45375
2024-04-18,7151.73779296875,7180.55908203125,7135.52001953125,7166.81396484375,129376600,0.00504472690356228,0.005032044902402472,0.11857982447262974,7278.66544921875
2024-04-19,7131.455078125,7141.5810546875,7036.2060546875,7087.31689453125,150694500,-0.011092386477794314,-0.011154365754935315,0.12046562989256399,7275.855322265625
2024-04-22,7099.51708984375,7117.02392578125,7026.47705078125,7073.81982421875,121595900,-0.0019043977450641236,-0.0019062134159891057,0.119585528313718,7273.77087890625
2024-04-23,7102.80810546875,7165.9541015625,7099.841796875,7110.81298828125,172892100,0.005229588112471539,0.005215961304307916,0.11398602179955941,7273.245380859375
2024-04-24,7127.0478515625,7191.1767578125,7126.85009765625,7174.533203125,154056000,0.008961030890386468,0.00892111910967215,0.11949621331929954,7273.592548828125
2024-04-25,7167.98388671875,7177.06494140625,7132.10205078125,7155.2939453125,140400000,-0.0026816041222194054,-0.0026852060633146537,0.1177921469373043,7272.854111328125
2024-04-26,7137.93408203125,7149.25390625,7036.0751953125,7036.0751953125,137603900,-0.0166616145907047,-0.01680198062521109,0.13003199729031198,7269.416796875
2024-04-29,7021.4921875,7155.7841796875,7021.4921875,7155.7841796875,129998600,0.017013602193272748,0.016870491798291243,0.14617959360314553,7268.498564453125
2024-04-30,7187.4140625,7266.8681640625,7179.68505859375,7234.19677734375,156560600,0.010957932168892626,0.010898329052819625,0.15219322965180013,7268.406796875
2024-05-02,7227.60791015625,7232.9521484375,7072.47412109375,7117.4248046875,145628700,-0.01614166385713467,-0.01627335962866154,0.1606256363257847,7266.78298828125
2024-05-03,7142.86376953125,7165.10205078125,7094.6162109375,7134.72412109375,159524500,0.0024305583663990493,0.0024276093369716236,0.16132551171061937,7264.529306640625
2024-05-06,7171.58984375,7178.76708984375,7102.68505859375,7135.89013671875,164988900,0.00016342827069548704,0.00016341491775046844,0.15985224846181278,7262.544072265625
2024-05-07,7136.85205078125,7159.76708984375,7108.17578125,7123.61181640625,148490800,-0.0017206431261210797,-0.0017221251327518103,0.15973911728600373,7259.0629296875
2024-05-08,7129.4560546875,7164.30810546875,7071.34521484375,7088.794921875,147871800,-0.004887533940446276,-0.004899516995458928,0.15568084978816352,7256.64400390625
2024-05-13,7061.373046875,7111.59912109375,7052.22998046875,7099.26123046875,134590500,0.00147645808760144,0.001475369195030278,0.15471547472386693,7252.56361328125
2024-05-14,7095.52197265625,7136.64013671875,7071.501953125,7083.76318359375,137468100,-0.002183050654409713,-0.002185436983106399,0.15131711027130604,7247.527978515625
2024-05-15,7085.37890625,7192.14501953125,7082.1181640625,7179.8310546875,139854300,0.013561699989667497,0.01347056319176629,0.15286384921243296,7245.190556640625
2024-05-16,7203.169921875,7270.7568359375,7201.9150390625,7246.69580078125,154713600,0.009312857863152058,0.009269760568385776,0.15586153198290809,7243.072451171875
2024-05-17,7249.72705078125,7356.71484375,7245.19580078125,7317.23779296875,181505100,0.009734366410122375,0.009687292707333746,0.14655443845308552,7242.436787109375
2024-05-20,7329.39990234375,7374.546875,7243.01220703125,7266.69091796875,158071100,-0.0069079174997662696,-0.00693188761469067,0.14789768791516744,7240.977880859375
2024-05-21,7258.4111328125,7295.05615234375,7179.52880859375,7186.037109375,135589400,-0.011099110930163913,-0.011161165657312934,0.15304090951646782,7238.79671875
2024-05-22,7198.19287109375,7239.86181640625,7191.10595703125,7222.3818359375,135720300,0.005057687012927303,0.005044939876584361,0.1479098020772867,7237.567890625
2024-05-27,7219.98193359375,7256.18408203125,7171.48583984375,7176.419921875,190885600,-0.006363816689087254,-0.006384152090265509,0.14989499431433662,7235.389951171875
2024-05-28,7228.5078125,7308.13720703125,7228.4111328125,7253.6259765625,166427200,0.010758296689434621,0.01070083795366611,0.15330263996264964,7233.88974609375
2024-05-29,7275.52978515625,7282.0,7127.208984375,7140.22900390625,144619600,-0.015633143068398025,-0.015756629325806987,0.16120167564366847,7230.372109375
2024-05-30,7125.77197265625,7134.70703125,6984.97900390625,7034.14208984375,177693800,-0.01485763467872847,-0.014969114932894457,0.16936389531000015,7224.816806640625
2024-05-31,7076.373046875,7102.21923828125,6959.22705078125,6970.73583984375,269684600,-0.009014070115465733,-0.009054942649474693,0.16174977237490784,7218.69654296875
2024-06-03,7030.20703125,7088.40087890625,6993.09423828125,7036.19091796875,141774800,0.009389981148169246,0.009346169323121052,0.15302291188661205,7214.471162109375
2024-06-04,7071.09423828125,7149.19287109375,7065.0341796875,7099.31201171875,160663800,0.008970918283186968,0.008930918640131666,0.15116891124840529,7209.86138671875
2024-06-05,7114.53515625,7118.34912109375,6934.94287109375,6947.669921875,137116300,-0.021360110612610894,-0.021591539270347234,0.15928389099719106,7201.3355078125
2024-06-06,6992.56298828125,7032.57421875,6939.5458984375,6974.89697265625,129986000,0.003918875117472798,0.003911216329082278,0.1598190528067053,7193.195302734375
2024-06-07,6987.7939453125,6994.115234375,6887.81201171875,6897.9501953125,109886700,-0.011031958987409385,-0.0110932623278668,0.1635593558141887,7182.730166015625
2024-06-10,6910.72021484375,6929.09716796875,6846.380859375,6921.5478515625,228419200,0.003420966458417718,0.003415128263719509,0.16456179486325612,7172.49482421875
2024-06-11,6900.31005859375,6932.4619140625,6855.69091796875,6855.69091796875,150124200,-0.00951476967379239,-0.009560324286147519,0.1666798174096347,7163.04755859375
2024-06-12,6859.34912109375,6866.26611328125,6821.5078125,6850.09716796875,165086100,-0.0008159279738441105,-0.0008162610242491127,0.16630399513594485,7154.000517578125
2024-06-13,6893.8408203125,6896.65283203125,6831.56396484375,6831.56396484375,154352200,-0.0027055387201895265,-0.0027092053049573434,0.16633105408141058,7143.896875
2024-06-14,6829.9931640625,6840.19677734375,6713.27197265625,6734.83203125,143790500,-0.01415955908362232,-0.01426076210293977,0.16159615958243448,7131.97095703125
2024-06-19,6739.89501953125,6791.52685546875,6698.84814453125,6726.9189453125,215680300,-0.001174949263884062,-0.0011756400579220573,0.15502644564301107,7119.742275390625
2024-06-20,6751.23583984375,6825.55517578125,6728.40185546875,6819.32080078125,138884000,0.013736133320461308,0.013642647755127617,0.16011614275801217,7109.125654296875
2024-06-21,6838.47802734375,6945.833984375,6823.06201171875,6879.97802734375,202168500,0.008894907327948287,0.008855580672354138,0.16537939076201316,7099.17001953125
2024-06-24,6877.4677734375,6914.81201171875,6870.30517578125,6889.1650390625,113953400,0.0013353257353783121,0.001334434980845322,0.16286347720246502,7089.6400390625
2024-06-25,6874.8671875,6890.44287109375,6843.64697265625,6882.7041015625,103645300,-0.0009378404296261911,-0.0009382804771129742,0.16074849256048454,7081.09228515625
2024-06-26,6885.81591796875,6936.26220703125,6885.40283203125,6905.64208984375,111785600,0.0033327000467799905,0.003327158909864168,0.16125839585306945,7073.4288671875
2024-06-27,6929.14501953125,6968.13623046875,6915.830078125,6967.951171875,85223100,0.009022923751418999,0.008982460391310758,0.15958085377309367,7068.686669921875
2024-06-28,6989.3740234375,7084.623046875,6987.80078125,7063.5771484375,104714500,0.013723686375484156,0.013630369390983095,0.16009588106957948,7065.21853515625
2024-07-01,7076.6259765625,7139.6259765625,7075.375,7139.6259765625,108297900,0.01076633361919499,0.010708789308440537,0.155274212429313,7064.674169921875
2024-07-02,7149.0439453125,7176.869140625,7099.0498046875,7125.14208984375,121880100,-0.002028661832748191,-0.0020307223543700177,0.1513469953729072,7062.089033203125
2024-07-03,7153.76611328125,7196.7548828125,7126.81494140625,7196.7548828125,126775400,0.010050717875623505,0.010000545310840214,0.15183716949501408,7060.286494140625
2024-07-04,7212.703125,7262.837890625,7204.43896484375,7220.88916015625,158574300,0.003353494420295977,0.0033478839973980997,0.1493040659424832,7061.408134765625
2024-07-05,7248.72314453125,7275.93798828125,7213.39013671875,7253.3720703125,130902100,0.004498464030646687,0.004488376183227731,0.12384377726832324,7063.858759765625
2024-07-08,7261.98291015625,7265.083984375,7215.4677734375,7250.97705078125,160069900,-0.00033019394400746194,-0.000330248470030897,0.12396022964595131,7065.542021484375
2024-07-09,7254.1572265625,7302.94189453125,7239.63818359375,7269.80078125,136101900,0.0025960267612104015,0.0025926629042553424,0.11399244822946974,7069.19169921875
2024-07-10,7283.18896484375,7313.2001953125,7272.1220703125,7287.0419921875,214279500,0.0023716208265249783,0.002368812972419809,0.11395678513980437,7073.456142578125
2024-07-11,7302.5048828125,7328.26904296875,7274.06201171875,7300.4072265625,146390900,0.0018341096962704029,0.00183242977087941,0.10466520336729178,7077.24802734375
2024-07-12,7336.48388671875,7354.1630859375,7300.7451171875,7327.580078125,130722300,0.0037221007978338605,0.0037151909215222155,0.10362274769506229,7080.30896484375
2024-07-15,7336.30810546875,7346.10400390625,7252.81103515625,7278.86279296875,107422000,-0.006648482123270849,-0.0066706817310489075,0.10758318057803322,7082.780341796875
2024-07-16,7289.80908203125,7294.7919921875,7213.2841796875,7224.29296875,107863200,-0.007497026083726044,-0.007525270036087836,0.09503294000222866,7086.544697265625
2024-07-17,7261.22021484375,7265.0869140625,7207.5830078125,7224.2177734375,218209000,-1.0408674291806363e-05,-1.0408728462432517e-05,0.09435891538466315,7087.913369140625
2024-07-18,7231.72998046875,7330.80810546875,7220.09619140625,7321.07080078125,146217900,0.013406714800302089,0.013317640049465129,0.09390454316377643,7089.650849609375
2024-07-19,7304.27880859375,7315.13916015625,7249.81689453125,7294.4951171875,125286800,-0.0036300268522077017,-0.0036366313876198086,0.09500622985529436,7093.192255859375
2024-07-22,7316.248046875,7341.908203125,7301.4189453125,7321.97607421875,140918600,0.003767355600320821,0.0037602768893218396,0.09485760811951204,7096.937294921875
2024-07-23,7336.27685546875,7347.01708984375,7293.30908203125,7313.85693359375,251719000,-0.0011088728702062234,-0.0011094881245953502,0.0949548953100334,7100.496630859375
2024-07-24,7298.5078125,7311.15185546875,7249.27685546875,7262.7587890625,149278800,-0.006986484011814342,-0.007011003762541872,0.10140898021364246,7103.2795703125
2024-07-25,7264.2138671875,7268.046875,7207.81787109375,7240.27685546875,125922000,-0.003095508779337064,-0.0031003097768852526,0.10026136584548581,7106.309208984375
2024-07-26,7262.1298828125,7298.9560546875,7256.5341796875,7288.1669921875,128745600,0.006614406834812847,0.006592627630851588,0.09213949105788505,7110.08732421875
2024-07-29,7304.59814453125,7333.89892578125,7274.2529296875,7288.89697265625,131946800,0.00010015967931753522,0.00010015466367176224,0.08564228207184751,7114.19
2024-07-30,7283.9169921875,7292.55517578125,7226.7822265625,7241.86376953125,124088300,-0.006452718882080766,-0.006473627666772861,0.0891323525792022,7115.430654296875
2024-07-31,7251.80419921875,7275.18603515625,7226.49609375,7255.76220703125,140459400,0.0019191796397046712,0.001917340367346674,0.08244845125319573,7115.611982421875
2024-08-01,7274.51708984375,7325.98486328125,7258.8740234375,7325.98486328125,119012300,0.00967819151817717,0.00963165782308075,0.08823409933218142,7115.786923828125
2024-08-02,7304.0859375,7337.98095703125,7264.0078125,7308.123046875,130681400,-0.002438145415202264,-0.002441122531815062,0.08773857111958475,7116.61556640625
2024-08-05,7254.61279296875,7257.47607421875,6998.81103515625,7059.65283203125,196047200,-0.03399918327182483,-0.03459059929567505,0.15208359157075232,7114.087880859375
2024-08-06,7098.6728515625,7167.259765625,7066.5009765625,7129.21484375,122457600,0.009853460697547556,0.009805231908555598,0.15664202217507855,7112.224541015625
2024-08-07,7149.5087890625,7246.2578125,7147.29296875,7212.130859375,128572200,0.011630455448777832,0.01156334157715451,0.16253554572259352,7112.938759765625
2024-08-08,7212.7412109375,7234.44677734375,7181.76611328125,7195.12109375,125248900,-0.0023584937595647615,-0.002361279386756533,0.16241330205598245,7111.768662109375
2024-08-09,7219.98388671875,7267.421875,7219.9228515625,7256.99609375,112712600,0.008599577296030114,0.00856281156068769,0.16506153032793178,7114.10400390625
2024-08-12,7265.15087890625,7297.625,7230.78515625,7297.625,156405500,0.005598584555528641,0.00558297073078653,0.16470054006379106,7119.373662109375
2024-08-13,7316.42822265625,7366.65087890625,7286.5498046875,7356.63818359375,146066800,0.008086628676281737,0.00805410710355296,0.1643818398235299,7127.091708984375
2024-08-14,7377.0068359375,7445.6640625,7372.89111328125,7436.0390625,168060500,0.010793092840059026,0.010735263148897918,0.16797204645345215,7135.088671875
2024-08-15,7442.91015625,7460.38720703125,7386.73681640625,7409.5009765625,150416800,-0.0035688470319275023,-0.003575230558909254,0.16275763492089523,7141.292451171875
2024-08-16,7443.93505859375,7459.7490234375,7417.20703125,7432.08984375,151268200,0.0030486354288841166,0.003043997763205515,0.16217753980260338,7150.980849609375
2024-08-19,7428.7412109375,7466.8310546875,7420.3759765625,7466.8310546875,138674400,0.004674487481702849,0.004663595993323244,0.16241782469791258,7160.81953125
2024-08-20,7490.31982421875,7538.1572265625,7482.5048828125,7533.98486328125,183613200,0.008993615645233044,0.008953413943359665,0.16461417892873303,7173.540224609375
2024-08-21,7563.08203125,7594.546875,7543.63916015625,7554.5927734375,199930800,0.0027353267268543924,0.002731592528654573,0.16155102477527825,7186.201123046875
2024-08-22,7531.34716796875,7540.27294921875,7460.40380859375,7488.67578125,140745300,-0.008725419643964005,-0.008763709007830989,0.16511978922411955,7198.8608203125
2024-08-23,7510.6640625,7567.51416015625,7507.73779296875,7544.2978515625,128771000,0.007427490779046142,0.007400042798697587,0.16546248659877544,7212.744833984375
2024-08-26,7549.412109375,7619.90283203125,7549.412109375,7606.19482421875,142108800,0.008204470962586807,0.008170997255436635,0.16688405918486948,7228.237451171875
2024-08-27,7598.4638671875,7610.201171875,7547.26318359375,7597.880859375,141150100,-0.0010930517868511513,-0.0010936496036250195,0.16427743715315776,7245.498427734375
2024-08-28,7604.3271484375,7672.287109375,7581.048828125,7658.875,152042100,0.008027783240341257,0.007995732007765365,0.1654534926442434,7264.137548828125
2024-08-29,7679.52783203125,7715.7587890625,7627.60400390625,7627.60400390625,153940300,-0.00408297512281508,-0.004091333224112708,0.1650020920848445,7280.303212890625
2024-08-30,7642.77880859375,7673.18212890625,7616.34521484375,7670.73291015625,194479000,0.005654319000817587,0.0056383933434322716,0.1645985127785508,7296.118310546875
2024-09-02,7686.5390625,7726.18798828125,7669.921875,7694.52978515625,156165700,0.0031022948235484016,0.003097492636266067,0.08937484010493955,7312.22560546875
2024-09-03,7706.65087890625,7726.662109375,7598.46923828125,7616.52099609375,165704700,-0.010138213931277451,-0.010189955631482426,0.10054097044983247,7326.901943359375
2024-09-04,7577.09619140625,7672.89599609375,7546.048828125,7672.89599609375,147636500,0.007401673287438237,0.007374415324100971,0.09701568543398972,7342.247021484375
2024-09-05,7679.64892578125,7722.22509765625,7650.80419921875,7681.04296875,137717400,0.001061785883765154,0.0010612225878315255,0.09520579343849798,7356.508857421875
2024-09-06,7684.81201171875,7754.47509765625,7683.7041015625,7721.84619140625,122729500,0.005312198203063945,0.0052981382490510385,0.09348728135688307,7369.67423828125
2024-09-09,7729.2548828125,7748.3251953125,7654.72509765625,7702.73876953125,138539000,-0.0024744628941540947,-0.0024775294372038695,0.09501869726776935,7380.936494140625
2024-09-10,7725.283203125,7764.77978515625,7723.30078125,7761.38818359375,196539800,0.007614098805283742,0.0075852578609927074,0.09468236982555724,7393.661416015625
2024-09-11,7770.26806640625,7802.47607421875,7736.78076171875,7760.955078125,171932600,-5.580257790294141e-05,-5.580413492471587e-05,0.09014204922864717,7404.945419921875
2024-09-12,7782.01611328125,7833.27197265625,7782.01611328125,7798.15380859375,252749100,0.004793060917669623,0.0047816107741031995,0.08797139814367672,7416.490712890625
2024-09-13,7805.68994140625,7828.9658203125,7775.63623046875,7812.130859375,162457200,0.001792353821727266,0.0017907494723712078,0.08799170607383293,7427.665888671875
2024-09-17,7832.52490234375,7854.01806640625,7802.27001953125,7831.77880859375,216113800,0.002515056336411803,0.0025118988752445173,0.08761858279887283,7439.281923828125
2024-09-18,7845.81396484375,7879.0439453125,7818.9599609375,7829.134765625,241800200,-0.00033760439784746854,-0.00033766139904178844,0.08453457970149388,7450.468603515625
2024-09-19,7858.11279296875,7910.55615234375,7853.35302734375,7905.39013671875,259454000,0.009739948714200253,0.009692821179804117,0.08891727874837363,7462.83556640625
2024-09-20,7904.39501953125,7904.51318359375,7738.32080078125,7743.00390625,317741900,-0.020541203869813174,-0.020755108709826612,0.11501128817251188,7471.6875
2024-09-23,7743.201171875,7775.73095703125,7675.291015625,7775.73095703125,260227800,0.004226660760797696,0.004217753519974051,0.11345258217690747,7480.650517578125
2024-09-24,7774.55615234375,7810.5400390625,7717.8388671875,7778.4912109375,182808900,0.0003549832062739178,0.0003549202146424228,0.11072650885140076,7490.6430859375
2024-09-25,7747.85498046875,7760.8837890625,7633.44677734375,7740.90185546875,276661800,-0.004832473862783959,-0.004844188018739839,0.11250700635717985,7500.975263671875
2024-09-26,7723.09716796875,7763.0810546875,7673.0478515625,7744.51611328125,202756700,0.0004669039706202138,0.0004667950048776959,0.1093682371341741,7511.38123046875
2024-09-27,7713.7998046875,7736.916015625,7663.47607421875,7696.916015625,190512300,-0.006146297194038919,-0.006165263433335729,0.11077577831581781,7518.898134765625
2024-09-30,7674.2861328125,7679.2421875,7527.92919921875,7527.92919921875,222223500,-0.021955133207014477,-0.022199733933146906,0.13493016782133993,7523.56681640625
2024-10-01,7551.4619140625,7642.1328125,7547.11083984375,7642.1328125,206962900,0.015170654539777395,0.015056730912562127,0.14590734268134162,7529.969951171875
2024-10-02,7601.73779296875,7619.10400390625,7501.4599609375,7563.26220703125,315317300,-0.010320496568673065,-0.010374122174385771,0.14607358267587406,7534.958056640625
2024-10-03,7567.44921875,7581.333984375,7504.4072265625,7543.828125,189365800,-0.002569536993333732,-0.0025728439195746616,0.14333811132912905,7540.579443359375
2024-10-04,7531.7919921875,7549.23291015625,7467.7958984375,7496.0908203125,223945300,-0.006327994739076859,-0.006348101365752551,0.14443768421040168,7545.69572265625
2024-10-07,7493.6572265625,7540.23583984375,7450.1982421875,7504.134765625,235809600,0.0010730853594653755,0.0010725100149301056,0.14267710575144643,7550.015078125
2024-10-08,7486.72119140625,7592.8837890625,7449.47900390625,7557.14208984375,194830700,0.0070637489696434574,0.007038917561537391,0.1457168630167132,7555.37998046875
2024-10-09,7556.55517578125,7595.576171875,7501.216796875,7501.28515625,169190500,-0.007391277407476249,-0.007418728246488988,0.14377491260872088,7560.568408203125
2024-10-10,7501.869140625,7528.953125,7467.81884765625,7480.080078125,157952700,-0.002826859355870792,-0.0028308624687176055,0.14369030980002576,7565.054765625
2024-10-11,7520.52978515625,7549.541015625,7506.27587890625,7520.60205078125,159472100,0.00541731802775125,0.005402697140671753,0.14408646179662632,7568.947109375
2024-10-14,7518.81298828125,7570.26708984375,7518.81298828125,7559.65478515625,205872100,0.005192767029993606,0.005179331108281827,0.14570322689293475,7573.977744140625
2024-10-15,7579.0458984375,7635.0439453125,7573.4521484375,7626.951171875,218732600,0.008902044951958565,0.00886265534258024,0.1497914977300835,7585.3237109375
2024-10-16,7645.2119140625,7658.39794921875,7616.60400390625,7648.93994140625,197424300,0.0028830353093560745,0.002878887333653042,0.15050615911057552,7595.718212890625
2024-10-17,7661.0732421875,7758.669921875,7657.72119140625,7735.0390625,224594300,0.011256346860258004,0.011193465623287102,0.15202848716089407,7606.176376953125
2024-10-18,7762.15185546875,7790.7109375,7718.6767578125,7760.06005859375,234291900,0.003234760146856086,0.0032295395654417984,0.13360036774837944,7617.47515625
2024-10-21,7780.2451171875,7795.0869140625,7739.88720703125,7772.59619140625,246855900,0.0016154685296045912,0.001614165063935877,0.13285621738356593,7627.787158203125
2024-10-22,7752.3837890625,7801.40380859375,7731.9609375,7788.98291015625,286785700,0.002108268376030953,0.002106049096934826,0.1330670309055809,7637.61431640625
2024-10-23,7774.009765625,7805.9169921875,7761.251953125,7787.56494140625,269650200,-0.00018204799860976895,-0.00018206457135805547,0.1318077779653543,7646.2328515625
2024-10-24,7778.65576171875,7794.86279296875,7716.548828125,7716.548828125,242869700,-0.009119168034626535,-0.009161002170005952,0.1360101870569074,7651.843046875
2024-10-25,7717.42578125,7752.2509765625,7678.17822265625,7694.66015625,205788500,-0.002836588267960072,-0.0028406190086333635,0.13457442794910582,7657.54623046875
2024-10-28,7705.873046875,7714.73876953125,7599.62109375,7634.630859375,197205700,-0.007801422760203569,-0.007832013061191004,0.11070716185186891,7661.59705078125
2024-10-29,7625.4677734375,7666.43017578125,7587.2099609375,7606.60009765625,182774700,-0.003671528098091237,-0.00367828470048572,0.0977019003148492,7664.392431640625
2024-10-30,7558.7958984375,7581.9091796875,7521.73486328125,7569.85009765625,168203300,-0.00483133062448271,-0.0048430392296017755,0.09188708742530387,7665.109736328125
2024-10-31,7569.71923828125,7617.36279296875,7558.68310546875,7574.01904296875,203290200,0.0005507302335869824,0.0005505786373484232,0.09137496990263524,7665.49826171875
2024-11-01,7573.7939453125,7583.68798828125,7485.45703125,7505.2568359375,155270800,-0.009078694764450668,-0.009120157254742455,0.0944864184547411,7665.8298828125
2024-11-04,7505.11083984375,7529.703125,7415.80908203125,7479.5029296875,212287900,-0.003431449024726585,-0.003437349948945554,0.09519956839264733,7664.533984375
2024-11-05,7474.4521484375,7496.99609375,7451.5478515625,7491.93115234375,182653900,0.0016616375142952666,0.001660258522059626,0.09165007403219158,7662.2487109375
2024-11-06,7495.130859375,7506.60107421875,7363.03076171875,7383.8681640625,235788800,-0.014423916355323696,-0.014528952279893622,0.1017557664520986,7657.96845703125
2024-11-07,7373.56689453125,7381.7578125,7243.85986328125,7243.85986328125,204087800,-0.018961376025465104,-0.019143448148473814,0.1207920226847779,7649.668154296875
2024-11-08,7263.9619140625,7350.36181640625,7263.9619140625,7287.19091796875,148863600,0.00598176324574462,0.005963943526896178,0.12123944463618543,7642.859892578125
2024-11-11,7259.2900390625,7282.19580078125,7182.31201171875,7266.4599609375,221004900,-0.0028448488950840733,-0.0028489031687249167,0.11862717833659459,7634.77443359375
2024-11-12,7271.173828125,7344.07421875,7268.60888671875,7321.98583984375,287694700,0.007641393361381255,0.007612345797192634,0.11718604234509726,7627.3235546875
2024-11-13,7344.0078125,7370.39306640625,7304.873046875,7308.6708984375,226286700,-0.001818487729625784,-0.0018201431856926433,0.11574807671225175,7621.166552734375
2024-11-14,7303.90087890625,7318.77587890625,7214.56103515625,7214.56103515625,209423400,-0.012876467498539212,-0.012960087804513605,0.11008584241095234,7611.999853515625
2024-11-15,7192.208984375,7241.6591796875,7122.67578125,7161.2578125,213100000,-0.007388283555507469,-0.007415712105903377,0.10794105506937358,7601.604150390625
2024-11-18,7152.076171875,7174.7529296875,7118.869140625,7134.27685546875,191734000,-0.003767628220862962,-0.0037747436097842714,0.10588895418995962,7589.852763671875
2024-11-19,7140.19482421875,7229.8310546875,7136.69091796875,7195.71484375,205098000,0.008611663035498207,0.008574794182266034,0.11329743602169966,7579.71228515625
2024-11-20,7213.9951171875,7229.7060546875,7171.26513671875,7180.3349609375,164074200,-0.0021373669116222516,-0.0021396543402437368,0.1126425809307731,7568.091220703125
2024-11-21,7168.326171875,7209.35791015625,7140.912109375,7140.912109375,155717100,-0.005490391712499321,-0.005505519309441382,0.11118456093107597,7555.690361328125
2024-11-22,7154.68212890625,7215.68701171875,7154.4521484375,7195.56494140625,205841500,0.007653480563007964,0.007624341264241401,0.11844581936514949,7543.638583984375
2024-11-25,7218.9521484375,7329.4921875,7218.828125,7314.10791015625,264819900,0.01647444915240137,0.01634021766843017,0.13608696788320496,7533.678125
2024-11-26,7329.5322265625,7341.59521484375,7245.88818359375,7245.88818359375,164096700,-0.009327142475950012,-0.009370912649030842,0.13841817279199622,7521.9603125
2024-11-28,7215.9072265625,7249.69287109375,7195.66796875,7200.1572265625,178995100,-0.006311297645303804,-0.006331298081165647,0.13886250663516733,7509.38076171875
2024-11-29,7168.00390625,7189.12890625,7107.2841796875,7114.26611328125,218431100,-0.011929060793892665,-0.012000782995926327,0.14230573439780145,7493.55828125
2024-12-02,7117.75390625,7153.02978515625,7041.341796875,7046.98583984375,163941100,-0.009457092603255002,-0.009502094855221839,0.14252521784921604,7479.637919921875
2024-12-03,7104.93017578125,7196.01708984375,7102.216796875,7196.01708984375,176316700,0.021148226119226177,0.020927706039263638,0.16615626296116476,7468.043642578125
2024-12-04,7198.09814453125,7328.32421875,7187.47802734375,7326.76416015625,166379200,0.018169366286946875,0.018006275888291137,0.18036656856642305,7459.0091015625
2024-12-05,7326.02392578125,7338.60400390625,7283.5,7313.31298828125,131417800,-0.0018358952985205734,-0.0018375826197738374,0.1733366377887245,7450.45732421875
2024-12-06,7302.6650390625,7382.80908203125,7287.59619140625,7382.78515625,130161700,0.009499411290077697,0.009454575600775976,0.1618407050037948,7443.222705078125
2024-12-09,7382.61376953125,7440.97900390625,7380.66015625,7437.73095703125,230130900,0.007442421744419114,0.007414863572267575,0.16251744404544655,7438.03900390625
2024-12-10,7448.76806640625,7457.80517578125,7396.7900390625,7453.287109375,203350400,0.0020915185603809228,0.0020893343804084625,0.16190143018768335,7436.546162109375
2024-12-11,7444.85888671875,7530.55908203125,7444.173828125,7464.751953125,235486300,0.0015382265008387908,0.0015370446422770586,0.1601715132144105,7432.998544921875
2024-12-12,7441.97314453125,7470.89404296875,7380.02685546875,7394.23779296875,147665300,-0.009446283091393282,-0.009491182200352602,0.1642047499026109,7429.618056640625
2024-12-13,7379.7509765625,7399.89697265625,7324.7890625,7324.7890625,120050700,-0.009392277123517645,-0.009436662697999606,0.16079158591591766,7425.237275390625
2024-12-16,7304.2177734375,7320.794921875,7204.65380859375,7258.630859375,186546900,-0.009032096700736902,-0.009073133371145247,0.16201207678370785,7420.488076171875
2024-12-17,7238.173828125,7263.31494140625,7132.05712890625,7157.73193359375,157427600,-0.013900545121526942,-0.013998062449530157,0.16962195037248023,7413.56001953125
2024-12-18,7168.966796875,7216.8828125,7105.06787109375,7107.875,122373300,-0.006965465325650677,-0.006989837420511589,0.16837908534492133,7404.574677734375
2024-12-19,7034.6171875,7040.548828125,6951.0517578125,6977.23779296875,170862900,-0.018379221220301445,-0.01855021753350364,0.18002461831781993,7394.09373046875
2024-12-20,6980.1748046875,7032.40087890625,6931.5810546875,6983.865234375,145749700,0.0009498660648958879,0.0009494152275927176,0.1795461480317489,7384.16943359375
2024-12-23,7037.52978515625,7096.44482421875,7035.72705078125,7096.44482421875,138664700,0.016119954504509426,0.015991407644306916,0.18723756005715392,7375.6862890625
2024-12-24,7115.63720703125,7120.576171875,7063.7548828125,7065.74609375,110632900,-0.004325930973771763,-0.004335314885715449,0.17635766934132657,7365.808115234375
2024-12-27,7073.375,7100.27001953125,7024.71484375,7036.57080078125,144277600,-0.00412911709275221,-0.004137665436257434,0.17431588702687412,7354.0005078125
2024-12-30,7026.77685546875,7079.90478515625,6993.07177734375,7079.90478515625,159672400,0.006158395275464024,0.006139509855538928,0.17531690874108813,7342.6198046875
